time_hr,fe_M,ligand_M,chloride_M,impurity_M,precipitated_fe_mol,coating_remaining_fraction,anode_overpotential_V,cell_voltage_V,specific_energy_kWh_t,cer_fraction,quality_flags
0.0,1.0,1.3,0.0,0.0002,0.0,1.0,0.34251721106994126,1.5027228879317804,1518.3076895309011,0.0,
2.0,0.97455419776702,1.3077400000000001,0.0,0.00020003554893326028,0.0,0.9997037588894978,0.3425333413812089,1.502739018243048,1518.3239871302978,0.0,
4.0,0.9501262276233592,1.3151688520000002,0.0,0.00020006967590919012,0.0,0.9994075177789956,0.3425494751246586,1.502755151986498,1518.3402881974723,0.0,
6.0,0.9266753762854448,1.3222990641496002,0.0,0.00020010243780608277,0.0,0.9991112766684934,0.3425656123023251,1.5027712891641642,1518.35659273448,0.0,
8.0,0.904162559001047,1.3291426417707863,0.0,0.0002001338892270997,0.0,0.9988150355579912,0.3425817529162448,1.502787429778084,1518.3729007433783,0.0,
10.0,0.8825502544080251,1.3357111075716008,0.0,0.00020016408259127598,0.0,0.998518794447489,0.3425978969684562,1.5028035738302954,1518.3892122262268,0.0,
12.0,0.8618024419987241,1.3420155210472224,0.0,0.0002001930682208852,0.0,0.9982225533369868,0.34261404446099936,1.5028197213228385,1518.4055271850868,0.0,
14.0,0.8418845420857951,1.348066497101124,0.0,0.00020022089442531005,0.0,0.9979263122264846,0.3426301953959162,1.5028358722577553,1518.421845622022,0.0,
16.0,0.8227633581693833,1.3538742239176589,0.0,0.00020024760758155792,0.0,0.9976300711159825,0.34264634977525066,1.50285202663709,1518.4381675390969,0.0,
18.0,0.804407021609628,1.359448480116169,0.0,0.00020027325221155586,0.0,0.9973338300054803,0.34266250760104816,1.5028681844628873,1518.4544929383778,0.0,
20.0,0.7867849385122628,1.364798651215499,0.0,0.0002002978710563539,0.0,0.9970375888949781,0.34267866887535614,1.5028843457371954,1518.4708218219344,0.0,
22.0,0.7698677387387923,1.369933745436636,0.0,0.00020032150514736,0.0,0.9967413477844759,0.3426948336002239,1.502900510462063,1518.487154191836,0.0,
24.0,0.7536272269562606,1.3748624088700834,0.0,0.00020034419387472585,0.0,0.9964451066739737,0.3427110017777025,1.5029166786395416,1518.5034900501562,0.0,
26.0,0.7380363356450301,1.379592940033506,0.0,0.00020036597505299707,0.0,0.9961488655634715,0.3427271734098447,1.5029328502716839,1518.5198293989683,0.0,
28.0,0.7230690799862489,1.3841333038441592,0.0,0.00020038688498413745,0.0,0.9958526244529693,0.34274334849870536,1.5029490253605446,1518.5361722403486,0.0,
30.0,0.7087005145538189,1.388491145029624,0.0,0.0002004069585180322,0.0,0.9955563833424671,0.342759527046341,1.5029652039081802,1518.5525185763752,0.0,
32.0,0.6949066917386861,1.392673800999433,0.0,0.00020042622911057117,0.0,0.9952601422319649,0.34277570905481,1.5029813859166492,1518.5688684091272,0.0,
34.0,0.6816646218361586,1.3966883141992559,0.0,0.00020044472887940858,0.0,0.9949639011214627,0.34279189452617254,1.5029975713880117,1518.5852217406866,0.0,
36.0,0.6689522347297322,1.4005414439684458,0.0,0.0002004624886574925,0.0,0.9946676600109605,0.3428080834624908,1.50301376032433,1518.6015785731372,0.0,
38.0,0.6567483431075629,1.4042396779209143,0.0,0.00020047953804445306,0.0,0.9943714189004583,0.3428242758658285,1.5030299527276676,1518.6179389085635,0.0,
40.0,0.6450326071502803,1.4077892428684935,0.0,0.0002004959054559352,0.0,0.9940751777899561,0.34284047173825144,1.5030461486000906,1518.6343027490532,0.0,
42.0,0.633785500631289,1.41119611530518,0.0,0.00020051161817095803,0.0,0.9937789366794539,0.34285667108182727,1.5030623479436664,1518.6506700966952,0.0,
44.0,0.6229882783730575,1.4144660314699118,0.0,0.00020052670237737997,0.0,0.9934826955689517,0.3428728738986253,1.5030785507604645,1518.6670409535807,0.0,
46.0,0.6126229450051551,1.4176044970048214,0.0,0.00020054118321554502,0.0,0.9931864544584496,0.34288908019071695,1.5030947570525561,1518.683415321802,0.0,
48.0,0.6026722249719689,1.4206167962252276,0.0,0.00020055508482018348,0.0,0.9928902133479474,0.3429052899601752,1.5031109668220144,1518.6997932034537,0.0,
50.0,0.5931195337401102,1.4235080010169734,0.0,0.0002005684303606364,0.0,0.9925939722374452,0.3429215032090752,1.5031271800709145,1518.7161746006325,0.0,
52.0,0.5839489501575257,1.4262829793760912,0.0,0.0002005812420794712,0.0,0.992297731126943,0.3429377199394937,1.5031433968013328,1518.7325595154368,0.0,
54.0,0.5751451899182446,1.4289464036051722,0.0,0.00020059354132955263,0.0,0.9920014900164408,0.3429539401541091,1.5031596170159482,1518.7489479505732,0.0,
56.0,0.5666935800885348,1.4315027581802442,0.0,0.0002006053486096308,0.0,0.9917052489059386,0.3429701638586905,1.5031758407205296,1518.7653399118697,0.0,
58.0,0.5585800346520133,1.4339563473013983,0.0,0.00020061668359850582,0.0,0.9914090077954364,0.34298639105107737,1.5031920679129165,1518.781735397144,0.0,
60.0,0.5507910310329528,1.4363113021398821,0.0,0.00020062756518782586,0.0,0.9911127666849342,0.34300262173335455,1.5032082985951938,1518.7981344085026,0.0,
62.0,0.5433135875586547,1.438571587793859,0.0,0.00020063801151357308,0.0,0.990816525574432,0.34301885590760856,1.5032245327694478,1518.8145369480533,0.0,
64.0,0.5361352418233284,1.440741009964546,0.0,0.00020064803998629042,0.0,0.9905202844639298,0.3430350935759278,1.503240770437767,1518.8309430179063,0.0,
66.0,0.5292440299174153,1.4428232213639711,0.0,0.00020065766732009905,0.0,0.9902240433534276,0.3430513347404026,1.5032570116022417,1518.8473526201735,0.0,
68.0,0.5226284664877386,1.4448217278651394,0.0,0.00020066690956055535,0.0,0.9899278022429254,0.34306757940312516,1.5032732562649642,1518.8637657569693,0.0,
70.0,0.5162775255952491,1.4467398944049608,0.0,0.0002006757821113934,0.0,0.9896315611324232,0.34308382756618944,1.5032895044280286,1518.8801824304087,0.0,
72.0,0.5101806223384591,1.4485809506498812,0.0,0.00020068429976019794,0.0,0.989335320021921,0.34310007923169145,1.5033057560935306,1518.89660264261,0.0,
74.0,0.5043275952119407,1.450347996433756,0.0,0.00020069247670305028,0.0,0.9890390789114188,0.343116334401729,1.5033220112635681,1518.9130263956924,0.0,
76.0,0.49870868917048305,1.452044006977119,0.0,0.00020070032656818853,0.0,0.9887428378009167,0.3431325930784018,1.503338269940241,1518.9294536917773,0.0,
78.0,0.4933145393706837,1.453671837896639,0.0,0.00020070786243872124,0.0,0.9884465966904145,0.34314885526381134,1.5033545321256505,1518.9458845329884,0.0,
80.0,0.4881361555628763,1.455234230013194,0.0,0.00020071509687443265,0.0,0.9881503555799123,0.3431651209600612,1.5033707978219004,1518.9623189214512,0.0,
82.0,0.48316490710738125,1.4567338139666635,0.0,0.0002007220419327156,0.0,0.9878541144694101,0.3431813901692567,1.5033870670310958,1518.9787568592922,0.0,
84.0,0.47839250859010596,1.4581731146452035,0.0,0.00020072870918866724,0.0,0.9875578733589079,0.3431976628935052,1.5034033397553443,1518.995198348641,0.0,
86.0,0.47381100601352166,1.4595545554364664,0.0,0.0002007351097543808,0.0,0.9872616322484057,0.34321393913491566,1.5034196159967548,1519.011643391628,0.0,
88.0,0.4694127635400008,1.4608804623079203,0.0,0.00020074125429746584,0.0,0.9869653911379035,0.34323021889559935,1.5034358957574385,1519.0280919903873,0.0,
90.0,0.4651904507654207,1.462153067723142,0.0,0.00020074715305882747,0.0,0.9866691500274013,0.3432465021776691,1.5034521790395083,1519.0445441470533,0.0,
92.0,0.46113703050182386,1.4633745144006718,0.0,0.00020075281586973462,0.0,0.9863729089168991,0.34326278898323986,1.503468465845079,1519.0609998637622,0.0,
94.0,0.45724574704877086,1.4645468589217647,0.0,0.0002007582521682055,0.0,0.9860766678063969,0.3432790793144283,1.5034847561762674,1519.0774591426527,0.0,
96.0,0.45351011493383997,1.4656720751931098,0.0,0.00020076347101473754,0.0,0.9857804266958947,0.34329537317335324,1.5035010500351924,1519.0939219858667,0.0,
98.0,0.44992390810350635,1.4667520577703468,0.0,0.0002007684811074083,0.0,0.9854841855853925,0.3433116705621352,1.5035173474239742,1519.110388395546,0.0,
100.0,0.44648114954638607,1.4677886250479788,0.0,0.0002007732907963722,0.0,0.9851879444748903,0.3433279714828966,1.503533648344736,1519.1268583738351,0.0,
102.0,0.4431761013315506,1.4687835223210501,0.0,0.00020077790809777758,0.0,0.9848917033643881,0.34334427593776196,1.5035499527996012,1519.1433319228804,0.0,
104.0,0.44000325504530857,1.469738424723744,0.0,0.00020078234070712673,0.0,0.984595462253886,0.34336058392885754,1.5035662607906968,1519.1598090448301,0.0,
106.0,0.4369573226105162,1.4706549400498494,0.0,0.00020078659601210192,0.0,0.9842992211433838,0.3433768954583117,1.5035825723201508,1519.1762897418348,0.0,
108.0,0.4340332274731155,1.4715346114598455,0.0,0.0002007906811048781,0.0,0.9840029800328816,0.3433932105282545,1.5035988873900936,1519.192774016047,0.0,
110.0,0.4312260961412109,1.4723789200791597,0.0,0.00020079460279394322,0.0,0.9837067389223794,0.3434095291408181,1.5036152060026573,1519.2092618696201,0.0,
112.0,0.4285312500625824,1.4731892874919774,0.0,0.00020079836761544576,0.0,0.9834104978118772,0.3434258512981365,1.5036315281599757,1519.2257533047116,0.0,
114.0,0.4259441978270991,1.4739670781348,0.0,0.0002008019818440882,0.0,0.983114256701375,0.34344217700234575,1.5036478538641849,1519.2422483234784,0.0,
116.0,0.4234606276810351,1.474713601593781,0.0,0.00020080545150358493,0.0,0.9828180155908728,0.3434585062555836,1.503664183117423,1519.258746928081,0.0,
118.0,0.4210764003408137,1.4754301148097109,0.0,0.0002008087823767018,0.0,0.9825217744803706,0.34347483905999,1.5036805159218292,1519.2752491206816,0.0,
120.0,0.4187875420942011,1.4761178241943604,0.0,0.00020081198001489398,0.0,0.9822255333698684,0.3434911754177065,1.5036968522795457,1519.2917549034437,0.0,
122.0,0.41659023817745305,1.4767778876617472,0.0,0.0002008150497475585,0.0,0.9819292922593662,0.34350751533087703,1.5037131921927163,1519.3082642785337,0.0,
124.0,0.4144808264173749,1.477411416577745,0.0,0.00020081799669091643,0.0,0.981633051148864,0.34352385880164704,1.503729535663486,1519.3247772481188,0.0,
126.0,0.41245579112769987,1.4780194776313196,0.0,0.00020082082575654004,0.0,0.9813368100383618,0.34354020583216427,1.5037458826940033,1519.34129381437,0.0,
128.0,0.41051175724961186,1.4786030946305406,0.0,0.0002008235416595387,0.0,0.9810405689278596,0.3435565564245781,1.5037622332864173,1519.3578139794581,0.0,
130.0,0.40864548472664736,1.479163250226393,0.0,0.00020082614892641743,0.0,0.9807443278173574,0.3435729105810401,1.5037785874428793,1519.3743377455573,0.0,
132.0,0.4068538631046014,1.479700887567292,0.0,0.00020082865190262098,0.0,0.9804480867068552,0.3435892683037036,1.5037949451655428,1519.390865114843,0.0,
134.0,0.40513390634743734,1.4802169118870867,0.0,0.0002008310547597764,0.0,0.980151845596353,0.34360562959472407,1.5038113064565632,1519.4073960894937,0.0,
136.0,0.4034827478605598,1.4807121920292259,0.0,0.0002008333615026456,0.0,0.9798556044858509,0.3436219944562588,1.503827671318098,1519.4239306716881,0.0,
138.0,0.4018976357131574,1.481187561909651,0.0,0.00020083557597580002,0.0,0.9795593633753487,0.34363836289046706,1.5038440397523063,1519.4404688636089,0.0,
140.0,0.40037592805165106,1.4816438219208832,0.0,0.00020083770187002829,0.0,0.9792631222648465,0.3436547348995101,1.5038604117613492,1519.4570106674387,0.0,
142.0,0.39891508869660497,1.4820817402796638,0.0,0.0002008397427284874,0.0,0.9789668811543443,0.34367111048555105,1.5038767873473902,1519.4735560853637,0.0,
144.0,0.39751268291576075,1.4825020543204213,0.0,0.00020084170195260818,0.0,0.9786706400438421,0.34368748965075524,1.5038931665125943,1519.490105119572,0.0,
146.0,0.3961663733661503,1.4829054717367403,0.0,0.0002008435828077641,0.0,0.9783743989333399,0.3437038723972896,1.5039095492591288,1519.5066577722523,0.0,
148.0,0.39487391619852424,1.4832926717729233,0.0,0.0002008453884287138,0.0,0.9780781578228377,0.3437202587273234,1.5039259355891625,1519.5232140455967,0.0,
150.0,0.39363315731760323,1.4836643063676518,0.0,0.0002008471218248255,0.0,0.9777819167123355,0.3437366486430277,1.503942325504867,1519.5397739417988,0.0,
152.0,0.3924420287919191,1.4840210012516721,0.0,0.00020084878588509273,0.0,0.9774856756018333,0.3437530421465755,1.5039587190084147,1519.5563374630542,0.0,
154.0,0.3912985454072623,1.484363357001355,0.0,0.00020085038338294928,0.0,0.9771894344913311,0.3437694392401418,1.503975116101981,1519.57290461156,0.0,
156.0,0.39020080135799173,1.4846919500499005,0.0,0.00020085191698089157,0.0,0.9768931933808289,0.34378583992590367,1.503991516787743,1519.5894753895163,0.0,
158.0,0.389146967070692,1.4850073336578946,0.0,0.00020085338923491616,0.0,0.9765969522703267,0.3438022442060401,1.5040079210678792,1519.6060497991245,0.0,
160.0,0.3881352861548843,1.4853100388448472,0.0,0.00020085480259877977,0.0,0.9763007111598245,0.343818652082732,1.5040243289445712,1519.6226278425886,0.0,
162.0,0.3871640724757089,1.4856005752832844,0.0,0.00020085615942808883,0.0,0.9760044700493223,0.34383506355816235,1.5040407404200016,1519.6392095221133,0.0,
164.0,0.3862317073437005,1.4858794321568964,0.0,0.00020085746198422554,0.0,0.9757082289388201,0.34385147863451604,1.504057155496355,1519.6557948399068,0.0,
166.0,0.38533663681697244,1.4861470789841893,0.0,0.00020085871243811677,0.0,0.975411987828318,0.34386789731398004,1.504073574175819,1519.672383798179,0.0,
168.0,0.3844773691113135,1.486403966409025,0.0,0.00020085991287385237,0.0,0.9751157467178158,0.3438843195987433,1.5040899964605825,1519.6889763991408,0.0,
170.0,0.3836524721138809,1.4866505269593822,0.0,0.00020086106529215852,0.0,0.9748195056073136,0.34390074549099675,1.504106422352836,1519.7055726450062,0.0,
172.0,0.38286057099634563,1.486887175775615,0.0,0.00020086217161373245,0.0,0.9745232644968114,0.34391717499293323,1.5041228518547725,1519.722172537991,0.0,
174.0,0.3821003459235118,1.4871143113094354,0.0,0.00020086323368244342,0.0,0.9742270233863092,0.3439336081067477,1.5041392849685868,1519.7387760803124,0.0,
176.0,0.38137052985359127,1.487332315994796,0.0,0.00020086425326840596,0.0,0.973930782275807,0.34395004483463715,1.5041557216964763,1519.755383274191,0.0,
178.0,0.3806699064264676,1.4875415568918051,0.0,0.00020086523207093,0.0,0.9736345411653048,0.34396648517880046,1.5041721620406396,1519.7719941218475,0.0,
180.0,0.37999730793642883,1.4877423863047545,0.0,0.00020086617172135305,0.0,0.9733383000548026,0.34398292914143846,1.5041886060032776,1519.7886086255064,0.0,
182.0,0.37935161338599166,1.4879351423753033,0.0,0.00020086707378575919,0.0,0.9730420589443004,0.3439993767247542,1.5042050535865934,1519.805226787393,0.0,
184.0,0.378731746617572,1.4881201496518162,0.0,0.00020086793976758908,0.0,0.9727458178337982,0.34401582793095264,1.5042215047927918,1519.8218486097358,0.0,
186.0,0.3781366745198891,1.4882977196358131,0.0,0.00020086877111014578,0.0,0.972449576723296,0.3440322827622407,1.5042379596240798,1519.8384740947636,0.0,
188.0,0.3775654053061135,1.4884681513064535,0.0,0.00020086956919900022,0.0,0.9721533356127938,0.3440487412208274,1.5042544180826665,1519.8551032447087,0.0,
190.0,0.3770169868608889,1.4886317316239341,0.0,0.00020087033536430048,0.0,0.9718570945022916,0.3440652033089237,1.504270880170763,1519.871736061806,0.0,
192.0,0.3764905051534733,1.488788736012652,0.0,0.00020087107088298872,0.0,0.9715608533917894,0.3440816690287427,1.5042873458905819,1519.8883725482904,0.0,
194.0,0.3759850827143544,1.4889394288249433,0.0,0.00020087177698092945,0.0,0.9712646122812872,0.3440981383824994,1.5043038152443386,1519.9050127064002,0.0,
196.0,0.37549987717280014,1.4890840637861806,0.0,0.00020087245483495252,0.0,0.970968371170785,0.3441146113724109,1.5043202882342501,1519.9216565383758,0.0,
198.0,0.3750340798529081,1.4892228844219761,0.0,0.0002008731055748147,0.0,0.9706721300602829,0.3441310880006963,1.5043367648625354,1519.9383040464584,0.0,
200.0,0.3745869144258117,1.4893561244682127,0.0,0.00020087373028508237,0.0,0.9703758889497807,0.34414756826957676,1.5043532451314159,1519.9549552328933,0.0,
202.0,0.37415763561579923,1.4894840082645906,0.0,0.00020087433000693934,0.0,0.9700796478392785,0.34416405218127544,1.5043697290431146,1519.971610099926,0.0,
204.0,0.3737455279581872,1.489606751132354,0.0,0.00020087490573992203,0.0,0.9697834067287763,0.3441805397380176,1.5043862165998567,1519.9882686498054,0.0,
206.0,0.37334990460687967,1.4897245597368334,0.0,0.0002008754584435854,0.0,0.9694871656182741,0.34419703094203036,1.5044027078038695,1520.004930884781,0.0,
208.0,0.37297010618962445,1.4898376324354126,0.0,0.00020087598903910226,0.0,0.9691909245077719,0.3442135257955432,1.5044192026573824,1520.021596807106,0.0,
210.0,0.37260549970905943,1.489946159611509,0.0,0.00020087649841079842,0.0,0.9688946833972697,0.3442300243007873,1.5044357011626264,1520.0382664190345,0.0,
212.0,0.37225547748771703,1.4900503239951262,0.0,0.00020087698740762675,0.0,0.9685984422867675,0.34424652645999615,1.5044522033218353,1520.054939722823,0.0,
214.0,0.3719194561552283,1.4901503009705221,0.0,0.00020087745684458193,0.0,0.9683022011762653,0.34426303227540517,1.5044687091372444,1520.0716167207306,0.0,
216.0,0.37159687567603916,1.490246258871507,0.0,0.00020087790750405893,0.0,0.9680059600657631,0.3442795417492518,1.504485218611091,1520.0882974150177,0.0,
218.0,0.37128719841601754,1.4903383592648725,0.0,0.00020087834013715684,0.0,0.9677097189552609,0.3442960548837756,1.5045017317456149,1520.1049818079466,0.0,
220.0,0.3709899082463968,1.4904267572224246,0.0,0.00020087875546493083,0.0,0.9674134778447587,0.34431257168121826,1.5045182485430575,1520.1216699017828,0.0,
222.0,0.37070450968356095,1.4905116015820832,0.0,0.00020087915417959387,0.0,0.9671172367342565,0.34432909214382335,1.5045347690056625,1520.138361698793,0.0,
224.0,0.3704305270632385,1.4905930351984835,0.0,0.00020087953694567038,0.0,0.9668209956237543,0.34434561627383653,1.5045512931356757,1520.1550572012459,0.0,
226.0,0.3701675037477289,1.4906711951835045,0.0,0.00020087990440110384,0.0,0.9665247545132521,0.3443621440735057,1.5045678209353448,1520.1717564114133,0.0,
228.0,0.3699150013648397,1.4907462131371276,0.0,0.00020088025715831994,0.0,0.96622851340275,0.34437867554508067,1.5045843524069198,1520.1884593315679,0.0,
230.0,0.3696725990772661,1.490818215369015,0.0,0.0002008805958052474,0.0,0.9659322722922478,0.34439521069081336,1.5046008875526524,1520.2051659639849,0.0,
232.0,0.3694398928811954,1.4908873231111806,0.0,0.00020088092090629777,0.0,0.9656360311817456,0.3444117495129578,1.504617426374797,1520.2218763109418,0.0,
234.0,0.36921649493296754,1.490953652722111,0.0,0.0002008812330033061,0.0,0.9653397900712434,0.34442829201377,1.5046339688756092,1520.2385903747186,0.0,
236.0,0.3690020329026688,1.491017315882682,0.0,0.00020088153261643411,0.0,0.9650435489607412,0.34444483819550814,1.5046505150573473,1520.255308157596,0.0,
238.0,0.368796149353582,1.4910784197841982,0.0,0.00020088182024503702,0.0,0.964747307850239,0.34446138806043247,1.5046670649222718,1520.2720296618581,0.0,
240.0,0.3685985011464587,1.4911370673088735,0.0,0.0002008820963684958,0.0,0.9644510667397368,0.34447794161080536,1.5046836184726444,1520.2887548897904,0.0,
242.0,0.3684087588676203,1.491193357203057,0.0,0.00020088236144701624,0.0,0.9641548256292346,0.344494498848891,1.5047001757107301,1520.3054838436813,0.0,
244.0,0.3682266062799355,1.491247384243494,0.0,0.00020088261592239584,0.0,0.9638585845187324,0.34451105977695606,1.5047167366387952,1520.3222165258205,0.0,
246.0,0.368051739795758,1.4912992393969053,0.0,0.00020088286021876026,0.0,0.9635623434082302,0.34452762439726903,1.5047333012591082,1520.3389529385001,0.0,
248.0,0.36788386797094763,1.4913490099731497,0.0,0.0002008830947432701,0.0,0.963266102297728,0.34454419271210057,1.5047498695739396,1520.3556930840139,0.0,
250.0,0.3677227110191297,1.491396779772229,0.0,0.00020088331988679954,0.0,0.9629698611872258,0.3445607647237235,1.5047664415855626,1520.3724369646588,0.0,
252.0,0.36756800034538445,1.4914426292253853,0.0,0.00020088353602458782,0.0,0.9626736200767236,0.3445773404344126,1.5047830172962517,1520.3891845827336,0.0,
254.0,0.36741947809858905,1.4914866355305247,0.0,0.00020088374351686457,0.0,0.9623773789662214,0.34459391984644494,1.5047995967082841,1520.4059359405378,0.0,
256.0,0.36727689674166547,1.4915288727821976,0.0,0.00020088394270945025,0.0,0.9620811378557192,0.3446105029620995,1.5048161798239386,1520.4226910403747,0.0,
258.0,0.3671400186390188,1.4915694120963532,0.0,0.0002008841339343325,0.0,0.961784896745217,0.3446270897836574,1.5048327666454966,1520.4394498845495,0.0,
260.0,0.367008615660478,1.4916083217300797,0.0,0.00020088431751021947,0.0,0.9614886556347149,0.3446436803134021,1.5048493571752413,1520.4562124753681,0.0,
262.0,0.36688246880107883,1.4916456671965306,0.0,0.00020088449374307095,0.0,0.9611924145242127,0.34466027455361875,1.5048659514154579,1520.4729788151408,0.0,
264.0,0.3667613678160556,1.49168151137523,0.0,0.00020088466292660838,0.0,0.9608961734137105,0.344676872506595,1.5048825493684341,1520.489748906178,0.0,
266.0,0.36664511087043333,1.4917159146179457,0.0,0.0002008848253428043,0.0,0.9605999323032083,0.34469347417462043,1.5048991510364595,1520.5065227507932,0.0,
268.0,0.366533504202636,1.4917489348503044,0.0,0.00020088498126235238,0.0,0.9603036911927061,0.3447100795599868,1.5049157564218258,1520.5233003513022,0.0,
270.0,0.36642636180155047,1.4917806276693222,0.0,0.00020088513094511853,0.0,0.9600074500822039,0.3447266886649879,1.504932365526827,1520.5400817100224,0.0,
272.0,0.3663235050965084,1.4918110464370153,0.0,0.00020088527464057405,0.0,0.9597112089717017,0.3447433014919198,1.5049489783537588,1520.5568668292738,0.0,
274.0,0.366224762659668,1.4918402423702473,0.0,0.00020088541258821136,0.0,0.9594149678611995,0.3447599180430805,1.5049655949049197,1520.5736557113778,0.0,
276.0,0.3661299699203013,1.4918682646269634,0.0,0.00020088554501794317,0.0,0.9591187267506973,0.34477653832077026,1.5049822151826093,1520.5904483586592,0.0,
278.0,0.3660389688905092,1.4918951603889594,0.0,0.0002008856721504857,0.0,0.9588224856401951,0.34479316232729157,1.5049988391891307,1520.6072447734439,0.0,
280.0,0.3659516079019088,1.4919209749413231,0.0,0.00020088579419772653,0.0,0.9585262445296929,0.34480979006494883,1.505015466926788,1520.6240449580598,0.0,
282.0,0.3658677413528524,1.491945751748682,0.0,0.00020088591136307774,0.0,0.9582300034191907,0.34482642153604864,1.5050320983978878,1520.640848914839,0.0,
284.0,0.36578722946575826,1.491969532528385,0.0,0.0002008860238418149,0.0,0.9579337623086885,0.34484305674289983,1.505048733604739,1520.6576566461124,0.0,
286.0,0.36570993805414787,1.4919923573207439,0.0,0.00020088613182140256,0.0,0.9576375211981863,0.3448596956878134,1.5050653725496526,1520.674468154216,0.0,
288.0,0.3656357382990019,1.49201426455645,0.0,0.00020088623548180672,0.0,0.9573412800876842,0.3448763383731022,1.5050820152349413,1520.6912834414866,0.0,
290.0,0.3655645065340618,1.4920352911212806,0.0,0.00020088633499579472,0.0,0.957045038977182,0.34489298480108166,1.505098661662921,1520.7081025102634,0.0,
292.0,0.3654961240397193,1.4920554724182051,0.0,0.0002008864305292232,0.0,0.9567487978666798,0.344909634974069,1.5051153118359082,1520.7249253628877,0.0,
294.0,0.3654304768451505,1.4920748424269934,0.0,0.00020088652224131454,0.0,0.9564525567561776,0.34492628889438387,1.505131965756223,1520.7417520017027,0.0,
296.0,0.36536745553836447,1.4920934337614282,0.0,0.0002008866102849222,0.0,0.9561563156456754,0.3449429465643478,1.505148623426187,1520.758582429055,0.0,
298.0,0.36530695508384986,1.4921112777242187,0.0,0.0002008866948067856,0.0,0.9558600745351732,0.3449596079862847,1.5051652848481238,1520.775416647292,0.0,
300.0,0.3652488746475158,1.4921284043597052,0.0,0.00020088677594777443,0.0,0.955563833424671,0.34497627316252055,1.5051819500243597,1520.7922546587643,0.0,
302.0,0.36519311742863514,1.492144842504445,0.0,0.00020088685384312373,0.0,0.9552675923141688,0.34499294209538356,1.5051986189572226,1520.8090964658234,0.0,
304.0,0.3651395904985097,1.4921606198357664,0.0,0.00020088692862265905,0.0,0.9549713512036666,0.34500961478720393,1.505215291649043,1520.8259420708246,0.0,
306.0,0.3650882046455893,1.4921757629183685,0.0,0.00020088700041101296,0.0,0.9546751100931644,0.34502629124031425,1.5052319681021535,1520.8427914761241,0.0,
308.0,0.36503887422678566,1.4921902972490502,0.0,0.0002008870693278327,0.0,0.9543788689826622,0.3450429714570491,1.5052486483188883,1520.8596446840806,0.0,
310.0,0.3649915170247342,1.4922042472996384,0.0,0.00020088713548797963,0.0,0.95408262787216,0.3450596554397453,1.5052653323015845,1520.8765016970556,0.0,
312.0,0.3649460541107648,1.492217636558193,0.0,0.00020088719900172072,0.0,0.9537863867616578,0.34507634319074204,1.5052820200525812,1520.8933625174122,0.0,
314.0,0.3649024097133542,1.4922304875685537,0.0,0.00020088725997491214,0.0,0.9534901456511556,0.34509303471238034,1.5052987115742196,1520.9102271475158,0.0,
316.0,0.36486051109184,1.492242821968298,0.0,0.00020088731850917592,0.0,0.9531939045406534,0.3451097300070036,1.5053154068688428,1520.9270955897348,0.0,
318.0,0.3648202884151863,1.4922546605251723,0.0,0.00020088737470206914,0.0,0.9528976634301513,0.34512642907695745,1.5053321059387967,1520.9439678464378,0.0,
320.0,0.36478167464559885,1.4922660231720604,0.0,0.00020088742864724665,0.0,0.9526014223196491,0.3451431319245896,1.5053488087864288,1520.9608439199978,0.0,
322.0,0.3647446054267949,1.4922769290405435,0.0,0.00020088748043461705,0.0,0.9523051812091469,0.3451598385522501,1.5053655154140893,1520.9777238127888,0.0,
324.0,0.36470901897674307,1.4922873964931136,0.0,0.00020088753015049261,0.0,0.9520089400986447,0.3451765489622908,1.5053822258241298,1520.994607527187,0.0,
326.0,0.3646748559846933,1.4922974431540905,0.0,0.00020088757787773318,0.0,0.9517126989881425,0.3451932631570662,1.5053989400189054,1521.0114950655723,0.0,
328.0,0.36464205951232553,1.4923070859392962,0.0,0.0002008876236958841,0.0,0.9514164578776403,0.3452099811389329,1.505415658000772,1521.0283864303244,0.0,
330.0,0.36461057489885246,1.4923163410845364,0.0,0.000200887667681309,0.0,0.9511202167671381,0.34522670291024954,1.5054323797720888,1521.0452816238273,0.0,
332.0,0.3645803496699183,1.4923252241729381,0.0,0.0002008877099073169,0.0,0.9508239756566359,0.3452434284733771,1.5054491053352164,1521.0621806484662,0.0,
334.0,0.36455133345014157,1.492333750161186,0.0,0.00020088775044428448,0.0,0.9505277345461337,0.3452601578306786,1.5054658346925178,1521.0790835066284,0.0,
336.0,0.36452347787915584,1.4923419334047063,0.0,0.00020088778935977336,0.0,0.9502314934356315,0.3452768909845195,1.5054825678463588,1521.095990200704,0.0,
338.0,0.36449673653100956,1.4923497876818372,0.0,0.0002008878267186427,0.0,0.9499352523251293,0.34529362793726737,1.5054993047991065,1521.112900733085,0.0,
340.0,0.36447106483678915,1.4923573262170273,0.0,0.00020088786258315726,0.0,0.9496390112146271,0.34531036869129195,1.5055160455531311,1521.129815106166,0.0,
342.0,0.36444642001033756,1.4923645617031027,0.0,0.00020088789701309124,0.0,0.9493427701041249,0.3453271132489653,1.5055327901108044,1521.146733322344,0.0,
344.0,0.36442276097694404,1.492371506322638,0.0,0.00020088793006582784,0.0,0.9490465289936227,0.34534386161266156,1.5055495384745008,1521.1636553840171,0.0,
346.0,0.36440004830488626,1.4923781717684679,0.0,0.000200887961796455,0.0,0.9487502878831205,0.34536061378475713,1.5055662906465963,1521.1805812935863,0.0,
348.0,0.36437824413971076,1.4923845692633755,0.0,0.00020088799225785706,0.0,0.9484540467726184,0.3453773697676308,1.50558304662947,1521.1975110534556,0.0,
350.0,0.3643573121411423,1.492390709578988,0.0,0.00020088802150080304,0.0,0.9481578056621162,0.3453941295636634,1.5055998064255025,1521.2144446660302,0.0,
352.0,0.36433721742251657,1.4923966030539126,0.0,0.0002008880495740312,0.0,0.947861564551614,0.34541089317523804,1.5056165700370772,1521.231382133718,0.0,
354.0,0.3643179264926359,1.4924022596111453,0.0,0.0002008880765243302,0.0,0.9475653234411118,0.3454276606047401,1.5056333374665793,1521.2483234589295,0.0,
356.0,0.3642994071999504,1.4924076887747773,0.0,0.00020088810239661726,0.0,0.9472690823306096,0.34544443185455725,1.5056501087163965,1521.2652686440763,0.0,
358.0,0.36428162867897235,1.4924128996860313,0.0,0.00020088812723401283,0.0,0.9469728412201074,0.3454612069270792,1.5056668837889184,1521.2822176915731,0.0,
360.0,0.3642645612988334,1.492417901118653,0.0,0.00020088815107791258,0.0,0.9466766001096052,0.3454779858246982,1.5056836626865373,1521.2991706038376,0.0,
362.0,0.3642481766139,1.492422701493683,0.0,0.00020088817396805633,0.0,0.946380358999103,0.34549476854980843,1.5057004454116476,1521.3161273832882,0.0,
364.0,0.364232447316364,1.492427308893637,0.0,0.00020088819594259435,0.0,0.9460841178886008,0.3455115551048065,1.5057172319666456,1521.3330880323465,0.0,
366.0,0.3642173471907294,1.4924317310761128,0.0,0.00020088821703815083,0.0,0.9457878767780986,0.3455283454920913,1.5057340223539304,1521.3500525534366,0.0,
368.0,0.3642028510701202,1.492435975486853,0.0,0.00020088823728988507,0.0,0.9454916356675964,0.3455451397140639,1.505750816575903,1521.367020948984,0.0,
370.0,0.36418893479433534,1.4924400492722816,0.0,0.00020088825673154992,0.0,0.9451953945570942,0.3455619377731276,1.5057676146349668,1521.3839932214173,0.0,
372.0,0.3641755751695819,1.492443959291536,0.0,0.0002008882753955482,0.0,0.944899153446592,0.345578739671688,1.5057844165335272,1521.4009693731668,0.0,
374.0,0.36416274992981856,1.4924477121280162,0.0,0.00020088829331298653,0.0,0.9446029123360898,0.34559554541215304,1.5058012222739923,1521.4179494066655,0.0,
376.0,0.3641504376996458,1.4924513141004698,0.0,0.00020088831051372734,0.0,0.9443066712255876,0.34561235499693277,1.505818031858772,1521.4349333243485,0.0,
378.0,0.3641386179586799,1.492454771273631,0.0,0.0002008883270264385,0.0,0.9440104301150855,0.3456291684284396,1.5058348452902788,1521.4519211286533,0.0,
380.0,0.3641272710073527,1.492458089468431,0.0,0.00020088834287864123,0.0,0.9437141890045833,0.3456459857090883,1.5058516625709275,1521.468912822019,0.0,
382.0,0.3641163779340786,1.4924612742718,0.0,0.00020088835809675584,0.0,0.9434179478940811,0.3456628068412957,1.5058684837031349,1521.4859084068885,0.0,
384.0,0.3641059205837354,1.4924643310460737,0.0,0.00020088837270614587,0.0,0.9431217067835789,0.34567963182748107,1.5058853086893202,1521.5029078857058,0.0,
386.0,0.36409588152740596,1.4924672649380215,0.0,0.00020088838673116028,0.0,0.9428254656730767,0.34569646067006593,1.505902137531905,1521.5199112609173,0.0,
388.0,0.3640862440333297,1.492470080887513,0.0,0.00020088840019517412,0.0,0.9425292245625745,0.345713293371474,1.5059189702333131,1521.536918534972,0.0,
390.0,0.36407699203901644,1.4924727836358351,0.0,0.00020088841312062742,0.0,0.9422329834520723,0.34573012993413144,1.5059358067959707,1521.5539297103217,0.0,
392.0,0.36406811012447576,1.4924753777336746,0.0,0.0002008884255290626,0.0,0.9419367423415701,0.3457469703604665,1.5059526472223057,1521.570944789419,0.0,
394.0,0.3640595834865167,1.4924778675487809,0.0,0.00020088843744116034,0.0,0.9416405012310679,0.34576381465290995,1.505969491514749,1521.5879637747198,0.0,
396.0,0.364051397914076,1.4924802572733198,0.0,0.0002008884488767742,0.0,0.9413442601205657,0.34578066281389463,1.5059863396757338,1521.6049866686833,0.0,
398.0,0.3640435397645329,1.4924825509309323,0.0,0.0002008884598549635,0.0,0.9410480190100635,0.3457975148458559,1.506003191707695,1521.6220134737691,0.0,
400.0,0.3640359959409716,1.4924847523835088,0.0,0.00020088847039402522,0.0,0.9407517778995613,0.3458143707512312,1.5060200476130705,1521.639044192441,0.0,
402.0,0.36402875387035266,1.4924868653376917,0.0,0.00020088848051152448,0.0,0.9404555367890591,0.34583123053246045,1.5060369073942996,1521.6560788271627,0.0,
404.0,0.3640218014825585,1.4924888933511165,0.0,0.00020088849022432376,0.0,0.9401592956785569,0.3458480941919858,1.506053771053825,1521.6731173804028,0.0,
406.0,0.3640151271902762,1.4924908398384016,0.0,0.00020088849954861106,0.0,0.9398630545680547,0.3458649617322516,1.5060706385940907,1521.69015985463,0.0,
408.0,0.3640087198696851,1.492492708076898,0.0,0.00020088850849992688,0.0,0.9395668134575526,0.3458818331557048,1.506087510017544,1521.707206252318,0.0,
410.0,0.3640025688419176,1.4924945012122066,0.0,0.00020088851709319008,0.0,0.9392705723470504,0.3458987084647943,1.5061043853266336,1521.7242565759407,0.0,
412.0,0.36399666385526086,1.492496222263476,0.0,0.00020088852534272273,0.0,0.9389743312365482,0.3459155876619716,1.506121264523811,1521.7413108279743,0.0,
414.0,0.3639909950680704,1.4924978741284842,0.0,0.00020088853326227408,0.0,0.938678090126046,0.34593247074969047,1.5061381476115296,1521.758369010898,0.0,
416.0,0.36398555303236757,1.4924994595885193,0.0,0.00020088854086504338,0.0,0.9383818490155438,0.34594935773040697,1.506155034592246,1521.7754311271942,0.0,
418.0,0.3639803286780928,1.4925009813130607,0.0,0.0002008885481637019,0.0,0.9380856079050416,0.3459662486065793,1.5061719254684185,1521.7924971793464,0.0,
420.0,0.3639753132979891,1.4925024418642756,0.0,0.0002008885551704141,0.0,0.9377893667945394,0.3459831433806684,1.5061888202425076,1521.8095671698404,0.0,
422.0,0.3639704985330895,1.4925038437013318,0.0,0.0002008885618968578,0.0,0.9374931256840372,0.3460000420551371,1.5062057189169764,1521.8266411011653,0.0,
424.0,0.36396587635878586,1.4925051891845382,0.0,0.00020088856835424375,0.0,0.937196884573535,0.34601694463245103,1.5062226214942902,1521.8437189758115,0.0,
426.0,0.3639614390714544,1.4925064805793198,0.0,0.00020088857455333425,0.0,0.9369006434630328,0.3460338511150776,1.5062395279769167,1521.860800796273,0.0,
428.0,0.36395717927561616,1.4925077200600312,0.0,0.00020088858050446113,0.0,0.9366044023525306,0.3460507615054871,1.5062564383673263,1521.8778865650454,0.0,
430.0,0.36395308987161146,1.492508909713618,0.0,0.00020088858621754294,0.0,0.9363081612420284,0.3460676758061517,1.5062733526679908,1521.8949762846257,0.0,
432.0,0.363949164043767,1.4925100515431304,0.0,0.0002008885917021015,0.0,0.9360119201315262,0.3460845940195464,1.5062902708813855,1521.9120699575155,0.0,
434.0,0.3639453952490363,1.4925111474710966,0.0,0.0002008885969672777,0.0,0.935715679021024,0.3461015161481481,1.5063071930099874,1521.9291675862173,0.0,
436.0,0.36394177720609483,1.4925121993427586,0.0,0.00020088860202184685,0.0,0.9354194379105218,0.3461184421944364,1.5063241190562755,1521.9462691732358,0.0,
438.0,0.363938303884871,1.4925132089291797,0.0,0.00020088860687423324,0.0,0.9351231968000197,0.3461353721608929,1.506341049022732,1521.9633747210787,0.0,
440.0,0.3639349694964961,1.4925141779302267,0.0,0.00020088861153252417,0.0,0.9348269556895175,0.34615230605000197,1.5063579829118412,1521.9804842322567,0.0,
442.0,0.3639317684836562,1.4925151079774315,0.0,0.00020088861600448346,0.0,0.9345307145790153,0.34616924386425,1.5063749207260893,1521.997597709281,0.0,
444.0,0.36392869551132995,1.4925160006367388,0.0,0.00020088862029756438,0.0,0.9342344734685131,0.346186185606126,1.506391862467965,1522.0147151546666,0.0,
446.0,0.36392574545789674,1.492516857411142,0.0,0.00020088862441892206,0.0,0.9339382323580109,0.3462031312781212,1.5064088081399605,1522.0318365709315,0.0,
448.0,0.3639229134066008,1.492517679743214,0.0,0.00020088862837542543,0.0,0.9336419912475087,0.34622008088272904,1.5064257577445683,1522.048961960594,0.0,
450.0,0.36392019463735675,1.4925184690175368,0.0,0.00020088863217366867,0.0,0.9333457501370065,0.34623703442244574,1.5064427112842849,1522.0660913261763,0.0,
452.0,0.36391758461888246,1.4925192265630318,0.0,0.00020088863581998217,0.0,0.9330495090265043,0.3462539918997696,1.5064596687616088,1522.0832246702032,0.0,
454.0,0.3639150790011471,1.4925199536551979,0.0,0.00020088863932044313,0.0,0.9327532679160021,0.34627095331720137,1.5064766301790404,1522.1003619952007,0.0,
456.0,0.3639126736081212,1.492520651518259,0.0,0.00020088864268088567,0.0,0.9324570268054999,0.34628791867724423,1.5064935955390835,1522.1175033036986,0.0,
458.0,0.3639103644308163,1.492521321327225,0.0,0.0002008886459069105,0.0,0.9321607856949977,0.3463048879824037,1.506510564844243,1522.134648598228,0.0,
460.0,0.36390814762060364,1.4925219642098706,0.0,0.00020088864900389436,0.0,0.9318645445844955,0.34632186123518766,1.5065275380970269,1522.151797881323,0.0,
462.0,0.36390601948279944,1.4925225812486338,0.0,0.00020088865197699884,0.0,0.9315683034739933,0.3463388384381065,1.5065445152999457,1522.1689511555196,0.0,
464.0,0.36390397647050743,1.4925231734824387,0.0,0.00020088865483117914,0.0,0.9312720623634911,0.3463558195936728,1.506561496455512,1522.186108423357,0.0,
466.0,0.3639020151787071,1.4925237419084447,0.0,0.00020088865757119225,0.0,0.9309758212529889,0.3463728047044018,1.506578481566241,1522.2032696873762,0.0,
468.0,0.36390013233857876,1.4925242874837252,0.0,0.00020088866020160482,0.0,0.9306795801424868,0.3463897937728109,1.50659547063465,1522.2204349501208,0.0,
470.0,0.3638983248120556,1.4925248111268794,0.0,0.00020088866272680088,0.0,0.9303833390319846,0.34640678680142006,1.5066124636632592,1522.2376042141366,0.0,
472.0,0.3638965895865933,1.4925253137195789,0.0,0.00020088866515098912,0.0,0.9300870979214824,0.34642378379275157,1.5066294606545907,1522.2547774819723,0.0,
474.0,0.36389492377014954,1.4925257961080518,0.0,0.0002008886674782098,0.0,0.9297908568109802,0.3464407847493302,1.5066464616111694,1522.2719547561792,0.0,
476.0,0.36389332458636353,1.492526259104508,0.0,0.0002008886697123417,0.0,0.929494615700478,0.346457789673683,1.506663466535522,1522.2891360393098,0.0,
478.0,0.36389178936992894,1.4925267034885068,0.0,0.00020088867185710828,0.0,0.9291983745899758,0.3464747985683397,1.5066804754301788,1522.3063213339208,0.0,
480.0,0.36389031556215173,1.4925271300082688,0.0,0.0002008886739160842,0.0,0.9289021334794736,0.3464918114358321,1.5066974882976714,1522.3235106425698,0.0,
482.0,0.3638889007066856,1.4925275393819364,0.0,0.0002008886758927011,0.0,0.9286058923689714,0.34650882827869467,1.5067145051405337,1522.3407039678177,0.0,
484.0,0.36388754244543814,1.4925279322987826,0.0,0.00020088867779025332,0.0,0.9283096512584692,0.34652584909946427,1.5067315259613034,1522.357901312228,0.0,
486.0,0.3638862385146406,1.4925283094203714,0.0,0.00020088867961190343,0.0,0.928013410147967,0.34654287390068017,1.5067485507625193,1522.3751026783655,0.0,
488.0,0.36388498674107495,1.4925286713816726,0.0,0.00020088868136068755,0.0,0.9277171690374648,0.3465599026848839,1.506765579546723,1522.3923080687987,0.0,
490.0,0.3638837850384519,1.4925290187921294,0.0,0.0002008886830395203,0.0,0.9274209279269626,0.34657693545461976,1.506782612316459,1522.4095174860984,0.0,
492.0,0.3638826314039338,1.4925293522366858,0.0,0.00020088868465119975,0.0,0.9271246868164604,0.3465939722124342,1.5067996490742734,1522.4267309328372,0.0,
494.0,0.3638815239147964,1.4925296722767711,0.0,0.00020088868619841203,0.0,0.9268284457059582,0.3466110129608763,1.5068166898227155,1522.4439484115903,0.0,
496.0,0.3638804607252245,1.492529979451245,0.0,0.0002008886876837358,0.0,0.926532204595456,0.3466280577024975,1.5068337345643366,1522.461169924936,0.0,
498.0,0.36387944006323547,1.492530274277305,0.0,0.00020088868910964663,0.0,0.9262359634849539,0.34664510643985164,1.5068507833016909,1522.4783954754548,0.0,
500.0,0.363878460227726,1.4925305572513574,0.0,0.00020088869047852102,0.0,0.9259397223744517,0.34666215917549503,1.5068678360373342,1522.4956250657292,0.0,
502.0,0.36387751958563697,1.4925308288498529,0.0,0.00020088869179264043,0.0,0.9256434812639495,0.3466792159119866,1.5068848927738256,1522.5128586983442,0.0,
504.0,0.3638766165692314,1.4925310895300887,0.0,0.00020088869305419507,0.0,0.9253472401534473,0.3466962766518875,1.5069019535137267,1522.5300963758887,0.0,
506.0,0.36387574967348213,1.4925313397309792,0.0,0.00020088869426528752,0.0,0.9250509990429451,0.3467133413977616,1.5069190182596008,1522.5473381009526,0.0,
508.0,0.3638749174535628,1.492531579873794,0.0,0.00020088869542793627,0.0,0.9247547579324429,0.3467304101521749,1.506936087014014,1522.564583876128,0.0,
510.0,0.3638741185224403,1.4925318103628673,0.0,0.0002008886965440791,0.0,0.9244585168219407,0.3467474829176961,1.5069531597795354,1522.581833704011,0.0,
512.0,0.36387335154856265,1.49253203158628,0.0,0.00020088869761557618,0.0,0.9241622757114385,0.3467645596968963,1.5069702365587354,1522.5990875871987,0.0,
514.0,0.3638726152536401,1.4925322439165116,0.0,0.0002008886986442134,0.0,0.9238660346009363,0.34678164049234916,1.5069873173541883,1522.6163455282917,0.0,
516.0,0.3638719084105145,1.492532447711068,0.0,0.00020088869963170511,0.0,0.9235697934904341,0.3467987253066307,1.5070044021684699,1522.6336075298932,0.0,
518.0,0.36387122984111386,1.492532643313083,0.0,0.00020088870057969718,0.0,0.9232735523799319,0.34681581414231943,1.5070214910041586,1522.6508735946081,0.0,
520.0,0.3638705784144893,1.492532831051897,0.0,0.00020088870148976954,0.0,0.9229773112694297,0.3468329070019964,1.5070385838638356,1522.6681437250438,0.0,
522.0,0.3638699530449297,1.4925330112436108,0.0,0.00020088870236343903,0.0,0.9226810701589275,0.3468500038882453,1.5070556807500843,1522.6854179238112,0.0,
524.0,0.36386935269015247,1.4925331841916176,0.0,0.00020088870320216173,0.0,0.9223848290484253,0.34686710480365185,1.507072781665491,1522.702696193523,0.0,
526.0,0.3638687763495663,1.4925333501871145,0.0,0.00020088870400733553,0.0,0.9220885879379231,0.3468842097508047,1.5070898866126439,1522.7199785367948,0.0,
528.0,0.36386822306260364,1.4925335095095926,0.0,0.00020088870478030237,0.0,0.921792346827421,0.34690131873229485,1.507106995594134,1522.737264956244,0.0,
530.0,0.36386769190711943,1.492533662427307,0.0,0.00020088870552235053,0.0,0.9214961057169188,0.3469184317507157,1.5071241086125549,1522.7545554544909,0.0,
532.0,0.3638671819978546,1.4925338091977292,0.0,0.00020088870623471676,0.0,0.9211998646064166,0.34693554880866323,1.5071412256705023,1522.7718500341584,0.0,
534.0,0.3638666924849604,1.4925339500679804,0.0,0.00020088870691858834,0.0,0.9209036234959144,0.3469526699087361,1.5071583467705751,1522.7891486978726,0.0,
536.0,0.36386622255258194,1.4925340852752476,0.0,0.00020088870757510507,0.0,0.9206073823854122,0.3469697950535351,1.5071754719153743,1522.8064514482612,0.0,
538.0,0.36386577141749865,1.4925342150471825,0.0,0.00020088870820536111,0.0,0.92031114127491,0.3469869242456639,1.507192601107503,1522.823758287954,0.0,
540.0,0.36386533832781864,1.4925343396022859,0.0,0.00020088870881040694,0.0,0.9200149001644078,0.34700405748772845,1.5072097343495676,1522.8410692195853,0.0,
542.0,0.36386492256172587,1.492534459150274,0.0,0.00020088870939125093,0.0,0.9197186590539056,0.3470211947823373,1.5072268716441763,1522.8583842457892,0.0,
544.0,0.3638645234262768,1.492534573892433,0.0,0.00020088870994886115,0.0,0.9194224179434034,0.34703833613210155,1.5072440129939408,1522.8757033692052,0.0,
546.0,0.3638641402562457,1.492534684021957,0.0,0.00020088871048416697,0.0,0.9191261768329012,0.34705548153963484,1.5072611584014741,1522.8930265924735,0.0,
548.0,0.3638637724130158,1.4925347897242744,0.0,0.00020088871099806056,0.0,0.918829935722399,0.3470726310075532,1.5072783078693923,1522.9103539182372,0.0,
550.0,0.3638634192835152,1.4925348911773586,0.0,0.0002008887114913984,0.0,0.9185336946118968,0.3470897845384753,1.5072954614003145,1522.9276853491422,0.0,
552.0,0.3638630802791945,1.4925349885520287,0.0,0.00020088871196500275,0.0,0.9182374535013946,0.3471069421350223,1.5073126189968615,1522.9450208878372,0.0,
554.0,0.3638627548350467,1.4925350820122372,0.0,0.0002008887124196629,0.0,0.9179412123908924,0.34712410379981795,1.5073297806616572,1522.9623605369725,0.0,
556.0,0.36386244240866483,1.4925351717153452,0.0,0.00020088871285613665,0.0,0.9176449712803902,0.3471412695354885,1.5073469463973277,1522.979704299202,0.0,
558.0,0.3638621424793382,1.4925352578123883,0.0,0.00020088871327515143,0.0,0.917348730169888,0.3471584393446628,1.507364116206502,1522.9970521771816,0.0,
560.0,0.3638618545471846,1.4925353404483304,0.0,0.00020088871367740564,0.0,0.9170524890593859,0.34717561322997215,1.5073812900918113,1523.01440417357,0.0,
562.0,0.3638615781323172,1.4925354197623075,0.0,0.00020088871406356967,0.0,0.9167562479488837,0.34719279119405044,1.5073984680558896,1523.0317602910286,0.0,
564.0,0.36386131277404443,1.4925354958878627,0.0,0.00020088871443428715,0.0,0.9164600068383815,0.34720997323953423,1.5074156501013734,1523.049120532221,0.0,
566.0,0.3638610580301026,1.4925355689531707,0.0,0.00020088871479017592,0.0,0.9161637657278793,0.34722715936906245,1.5074328362309017,1523.066484899814,0.0,
568.0,0.3638608134759185,1.4925356390812532,0.0,0.00020088871513182914,0.0,0.9158675246173771,0.3472443495852767,1.5074500264471158,1523.0838533964754,0.0,
570.0,0.3638605787039017,1.4925357063901867,0.0,0.00020088871545981623,0.0,0.9155712835068749,0.3472615438908211,1.5074672207526603,1523.101226024878,0.0,
572.0,0.3638603533227656,1.4925357709933011,0.0,0.00020088871577468383,0.0,0.9152750423963727,0.3472787422883423,1.5074844191501815,1523.1186027876956,0.0,
574.0,0.36386013695687497,1.4925358329993705,0.0,0.00020088871607695674,0.0,0.9149788012858705,0.3472959447804897,1.507501621642329,1523.1359836876052,0.0,
576.0,0.36385992924561994,1.4925358925127958,0.0,0.00020088871636713874,0.0,0.9146825601753683,0.3473131513699151,1.5075188282317542,1523.1533687272854,0.0,
578.0,0.3638597298428151,1.4925359496337813,0.0,0.00020088871664571345,0.0,0.9143863190648661,0.3473303620592728,1.5075360389211119,1523.1707579094182,0.0,
580.0,0.36385953841612245,1.4925360044585034,0.0,0.00020088871691314517,0.0,0.9140900779543639,0.34734757685122003,1.5075532537130591,1523.1881512366895,0.0,
582.0,0.36385935464649755,1.4925360570792716,0.0,0.00020088871716987964,0.0,0.9137938368438617,0.3473647957484163,1.5075704726102555,1523.2055487117848,0.0,
584.0,0.3638591782276576,1.4925361075846848,0.0,0.0002008887174163447,0.0,0.9134975957333595,0.34738201875352365,1.5075876956153629,1523.2229503373946,0.0,
586.0,0.36385900886557127,1.4925361560597805,0.0,0.00020088871765295118,0.0,0.9132013546228573,0.347399245869207,1.5076049227310462,1523.2403561162116,0.0,
588.0,0.3638588462779684,1.4925362025861773,0.0,0.0002008887178800934,0.0,0.9129051135123551,0.3474164770981337,1.507622153959973,1523.2577660509305,0.0,
590.0,0.3638586901938696,1.492536247242213,0.0,0.00020088871809814993,0.0,0.912608872401853,0.3474337124429736,1.5076393893048128,1523.2751801442491,0.0,
592.0,0.3638585403531348,1.492536290103076,0.0,0.0002008887183074842,0.0,0.9123126312913508,0.3474509519063994,1.5076566287682385,1523.2925983988673,0.0,
594.0,0.36385839650602936,1.4925363312409323,0.0,0.00020088871850844507,0.0,0.9120163901808486,0.3474681954910862,1.5076738723529253,1523.3100208174885,0.0,
596.0,0.36385825841280817,1.4925363707250467,0.0,0.00020088871870136752,0.0,0.9117201490703464,0.3474854431997117,1.5076911200615508,1523.3274474028176,0.0,
598.0,0.3638581258433158,1.4925364086219,0.0,0.00020088871888657308,0.0,0.9114239079598442,0.34750269503495634,1.5077083718967954,1523.3448781575637,0.0,
600.0,0.3638579985766031,1.4925364449952996,0.0,0.00020088871906437042,0.0,0.911127666849342,0.34751995099950317,1.5077256278613425,1523.362313084437,0.0,
602.0,0.36385787640055894,1.4925364799064886,0.0,0.00020088871923505585,0.0,0.9108314257388398,0.34753721109603775,1.507742887957877,1523.3797521861504,0.0,
604.0,0.36385775911155654,1.4925365134142479,0.0,0.00020088871939891387,0.0,0.9105351846283376,0.3475544753272483,1.5077601521890875,1523.3971954654214,0.0,
606.0,0.36385764651411423,1.492536545574995,0.0,0.00020088871955621757,0.0,0.9102389435178354,0.3475717436958257,1.5077774205576648,1523.4146429249677,0.0,
608.0,0.3638575384205696,1.4925365764428802,0.0,0.00020088871970722912,0.0,0.9099427024073332,0.3475890162044635,1.5077946930663026,1523.4320945675115,0.0,
610.0,0.3638574346507668,1.4925366060698764,0.0,0.0002008887198522002,0.0,0.909646461296831,0.34760629285585765,1.5078119697176968,1523.4495503957764,0.0,
612.0,0.3638573350317561,1.4925366345058673,0.0,0.00020088871999137246,0.0,0.9093502201863288,0.347623573652707,1.5078292505145463,1523.467010412489,0.0,
614.0,0.3638572393975058,1.4925366617987315,0.0,0.00020088872012497783,0.0,0.9090539790758266,0.347640858597713,1.5078465354595523,1523.484474620379,0.0,
616.0,0.36385714758862553,1.4925366879944224,0.0,0.00020088872025323897,0.0,0.9087577379653244,0.34765814769357956,1.5078638245554188,1523.5019430221778,0.0,
618.0,0.36385705945210045,1.4925367131370466,0.0,0.00020088872037636967,0.0,0.9084614968548222,0.3476754409430134,1.5078811178048526,1523.5194156206212,0.0,
620.0,0.3638569748410364,1.4925367372689373,0.0,0.00020088872049457514,0.0,0.90816525574432,0.3476927383487239,1.507898415210563,1523.536892418446,0.0,
622.0,0.3638568936144149,1.492536760430726,0.0,0.0002008887206080524,0.0,0.9078690146338179,0.3477100399134229,1.5079157167752621,1523.5543734183925,0.0,
624.0,0.3638568156368583,1.4925367826614109,0.0,0.00020088872071699057,0.0,0.9075727735233157,0.34772734563982516,1.5079330225016643,1523.5718586232033,0.0,
626.0,0.3638567407784039,1.4925368039984221,0.0,0.00020088872082157122,0.0,0.9072765324128135,0.347744655530648,1.5079503323924872,1523.5893480356242,0.0,
628.0,0.3638566689142877,1.4925368244776855,0.0,0.00020088872092196864,0.0,0.9069802913023113,0.3477619695886113,1.5079676464504506,1523.606841658403,0.0,
630.0,0.3638565999247362,1.4925368441336826,0.0,0.00020088872101835015,0.0,0.9066840501918091,0.3477792878164375,1.5079849646782766,1523.6243394942903,0.0,
632.0,0.36385653369476667,1.4925368629995086,0.0,0.0002008887211108764,0.0,0.9063878090813069,0.3477966102168522,1.5080022870786913,1523.6418415460407,0.0,
634.0,0.36385647011399597,1.4925368811069284,0.0,0.0002008887211997016,0.0,0.9060915679708047,0.3478139367925832,1.5080196136544224,1523.6593478164095,0.0,
636.0,0.3638564090764561,1.4925368984864298,0.0,0.0002008887212849738,0.0,0.9057953268603025,0.3478312675463611,1.5080369444082002,1523.6768583081562,0.0,
638.0,0.3638563504804178,1.4925369151672754,0.0,0.0002008887213668351,0.0,0.9054990857498003,0.3478486024809193,1.5080542793427585,1523.694373024042,0.0,
640.0,0.3638562942282211,1.492536931177551,0.0,0.00020088872144542196,0.0,0.9052028446392981,0.34786594159899376,1.508071618460833,1523.7118919668312,0.0,
642.0,0.3638562402261122,1.4925369465442133,0.0,0.00020088872152086536,0.0,0.9049066035287959,0.34788328490332315,1.5080889617651623,1523.7294151392914,0.0,
644.0,0.3638561883840877,1.4925369612931358,0.0,0.000200888721593291,0.0,0.9046103624182937,0.3479006323966489,1.508106309258488,1523.7469425441925,0.0,
646.0,0.3638561386157441,1.4925369754491518,0.0,0.00020088872166281962,0.0,0.9043141213077915,0.34791798408171504,1.5081236609435542,1523.7644741843064,0.0,
648.0,0.3638560908381343,1.4925369890360958,0.0,0.0002008887217295671,0.0,0.9040178801972893,0.34793533996126835,1.5081410168231075,1523.7820100624087,0.0,
650.0,0.3638560449716289,1.4925370020768447,0.0,0.00020088872179364466,0.0,0.9037216390867872,0.3479527000380582,1.5081583768998974,1523.7995501812773,0.0,
652.0,0.3638560009397837,1.4925370145933556,0.0,0.00020088872185515915,0.0,0.903425397976285,0.34797006431483685,1.508175741176676,1523.817094543693,0.0,
654.0,0.36385595866921233,1.4925370266067028,0.0,0.00020088872191421304,0.0,0.9031291568657828,0.3479874327943592,1.5081931096561985,1523.8346431524394,0.0,
656.0,0.3638559180894638,1.4925370381371135,0.0,0.00020088872197090478,0.0,0.9028329157552806,0.3480048054793828,1.508210482341222,1523.852196010302,0.0,
658.0,0.36385587913290524,1.4925370492040015,0.0,0.00020088872202532885,0.0,0.9025366746447784,0.3480221823726679,1.508227859234507,1523.8697531200708,0.0,
660.0,0.363855841734609,1.4925370598260006,0.0,0.00020088872207757596,0.0,0.9022404335342762,0.3480395634769777,1.508245240338817,1523.887314484536,0.0,
662.0,0.3638558058322446,1.4925370700209954,0.0,0.00020088872212773319,0.0,0.901944192423774,0.3480569487950777,1.508262625656917,1523.9048801064937,0.0,
664.0,0.36385577136597475,1.4925370798061515,0.0,0.00020088872217588412,0.0,0.9016479513132718,0.34807433832973655,1.5082800151915758,1523.92244998874,0.0,
666.0,0.3638557382783557,1.4925370891979441,0.0,0.00020088872222210903,0.0,0.9013517102027696,0.34809173208372535,1.5082974089455645,1523.9400241340752,0.0,
668.0,0.36385570651424143,1.4925370982121868,0.0,0.00020088872226648493,0.0,0.9010554690922674,0.3481091300598181,1.5083148069216572,1523.9576025453018,0.0,
670.0,0.36385567602069174,1.492537106864057,0.0,0.00020088872230908579,0.0,0.9007592279817652,0.34812653226079154,1.5083322091226308,1523.9751852252257,0.0,
672.0,0.36385564674688403,1.492537115168122,0.0,0.00020088872234998262,0.0,0.900462986871263,0.3481439386894249,1.5083496155512641,1523.9927721766549,0.0,
674.0,0.36385561864402866,1.4925371231383635,0.0,0.0002008887223892436,0.0,0.9001667457607608,0.34816134934850035,1.5083670262103395,1524.0103634024001,0.0,
676.0,0.36385559166528747,1.4925371307882014,0.0,0.00020088872242693412,0.0,0.8998705046502586,0.3481787642408029,1.5083844411026421,1524.0279589052755,0.0,
678.0,0.36385556576569594,1.4925371381305157,0.0,0.000200888722463117,0.0,0.8995742635397564,0.3481961833691202,1.5084018602309595,1524.045558688097,0.0,
680.0,0.36385554090208805,1.492537145177669,0.0,0.0002008887224978526,0.0,0.8992780224292543,0.3482136067362426,1.5084192835980816,1524.063162753685,0.0,
682.0,0.3638555170330245,1.4925371519415267,0.0,0.00020088872253119875,0.0,0.8989817813187521,0.3482310343449632,1.5084367112068024,1524.0807711048608,0.0,
684.0,0.3638554941187235,1.4925371584334772,0.0,0.00020088872256321107,0.0,0.8986855402082499,0.34824846619807803,1.5084541430599172,1524.0983837444494,0.0,
686.0,0.3638554721209945,1.4925371646644514,0.0,0.00020088872259394288,0.0,0.8983892990977477,0.3482659022983858,1.508471579160225,1524.1160006752793,0.0,
688.0,0.3638554510031747,1.4925371706449404,0.0,0.00020088872262344543,0.0,0.8980930579872455,0.3482833426486878,1.508489019510527,1524.1336219001798,0.0,
690.0,0.36385543073006765,1.4925371763850137,0.0,0.00020088872265176789,0.0,0.8977968168767433,0.34830078725178854,1.5085064641136277,1524.151247421985,0.0,
692.0,0.3638554112678849,1.4925371818943363,0.0,0.00020088872267895743,0.0,0.8975005757662411,0.34831823611049473,1.5085239129723338,1524.1688772435311,0.0,
694.0,0.3638553925841895,1.492537187182184,0.0,0.0002008887227050594,0.0,0.8972043346557389,0.3483356892276163,1.5085413660894555,1524.1865113676567,0.0,
696.0,0.36385537464784184,1.4925371922574602,0.0,0.0002008887227301173,0.0,0.8969080935452367,0.3483531466059659,1.5085588234678051,1524.2041497972034,0.0,
698.0,0.36385535742894815,1.4925371971287102,0.0,0.00020088872275417287,0.0,0.8966118524347345,0.3483706082483587,1.5085762851101978,1524.221792535016,0.0,
700.0,0.36385534089881016,1.492537201804136,0.0,0.0002008887227772662,0.0,0.8963156113242323,0.34838807415761297,1.508593751019452,1524.2394395839417,0.0,
702.0,0.3638553250298777,1.4925372062916098,0.0,0.00020088872279943581,0.0,0.8960193702137301,0.3484055443365497,1.5086112211983889,1524.2570909468313,0.0,
704.0,0.3638553097957026,1.4925372105986872,0.0,0.00020088872282071865,0.0,0.8957231291032279,0.34842301878799253,1.5086286956498316,1524.274746626537,0.0,
706.0,0.36385529517089443,1.49253721473262,0.0,0.00020088872284115017,0.0,0.8954268879927257,0.348440497514768,1.5086461743766073,1524.2924066259154,0.0,
708.0,0.3638552811310786,1.4925372187003685,0.0,0.00020088872286076442,0.0,0.8951306468822235,0.34845798051970556,1.5086636573815448,1524.3100709478247,0.0,
710.0,0.3638552676528554,1.4925372225086138,0.0,0.0002008887228795941,0.0,0.8948344057717214,0.3484754678056374,1.5086811446674766,1524.3277395951266,0.0,
712.0,0.3638552547137612,1.4925372261637675,0.0,0.0002008887228976706,0.0,0.8945381646612192,0.34849295937539826,1.5086986362372374,1524.3454125706853,0.0,
714.0,0.3638552422922307,1.492537229671984,0.0,0.00020088872291502404,0.0,0.894241923550717,0.34851045523182617,1.5087161320936653,1524.363089877368,0.0,
716.0,0.36385523036756146,1.4925372330391704,0.0,0.00020088872293168335,0.0,0.8939456824402148,0.3485279553777616,1.5087336322396008,1524.3807715180453,0.0,
718.0,0.363855218919879,1.4925372362709957,0.0,0.00020088872294767628,0.0,0.8936494413297126,0.34854545981604806,1.5087511366778872,1524.3984574955894,0.0,
720.0,0.3638552079301038,1.4925372393729017,0.0,0.00020088872296302948,0.0,0.8933532002192104,0.3485629685495318,1.508768645411371,1524.4161478128767,0.0,
722.0,0.3638551973799196,1.492537242350111,0.0,0.00020088872297776856,0.0,0.8930569591087082,0.34858048158106186,1.508786158442901,1524.4338424727855,0.0,
724.0,0.3638551872517428,1.4925372452076366,0.0,0.00020088872299191808,0.0,0.892760717998206,0.3485979989134903,1.5088036757753296,1524.4515414781977,0.0,
726.0,0.36385517752869306,1.4925372479502896,0.0,0.0002008887230055016,0.0,0.8924644768877038,0.34861552054967176,1.5088211974115109,1524.4692448319968,0.0,
728.0,0.3638551681945653,1.492537250582688,0.0,0.0002008887230185418,0.0,0.8921682357772016,0.34863304649246396,1.5088387233543032,1524.4869525370711,0.0,
730.0,0.3638551592338027,1.492537253109264,0.0,0.00020088872303106038,0.0,0.8918719946666994,0.3486505767447272,1.5088562536065664,1524.5046645963098,0.0,
732.0,0.36385515063147056,1.4925372555342715,0.0,0.00020088872304307821,0.0,0.8915757535561972,0.34866811130932507,1.5088737881711642,1524.522381012607,0.0,
734.0,0.3638551423732317,1.4925372578617937,0.0,0.00020088872305461535,0.0,0.891279512445695,0.34868565018912345,1.5088913270509627,1524.5401017888573,0.0,
736.0,0.36385513444532236,1.4925372600957496,0.0,0.00020088872306569099,0.0,0.8909832713351928,0.3487031933869915,1.5089088702488307,1524.5578269279604,0.0,
738.0,0.3638551268345294,1.4925372622399005,0.0,0.0002008887230763236,0.0,0.8906870302246906,0.34872074090580113,1.5089264177676402,1524.5755564328178,0.0,
740.0,0.3638551195281682,1.4925372642978565,0.0,0.00020088872308653092,0.0,0.8903907891141885,0.34873829274842705,1.5089439696102662,1524.5932903063342,0.0,
742.0,0.36385511251406144,1.4925372662730827,0.0,0.00020088872309632994,0.0,0.8900945480036863,0.34875584891774686,1.508961525779586,1524.6110285514162,0.0,
744.0,0.36385510578051894,1.4925372681689049,0.0,0.000200888723105737,0.0,0.8897983068931841,0.3487734094166411,1.5089790862784802,1524.6287711709751,0.0,
746.0,0.36385509931631815,1.4925372699885149,0.0,0.00020088872311476778,0.0,0.8895020657826819,0.3487909742479931,1.5089966511098323,1524.6465181679243,0.0,
748.0,0.36385509311068537,1.4925372717349765,0.0,0.00020088872312343733,0.0,0.8892058246721797,0.3488085434146892,1.5090142202765284,1524.6642695451792,0.0,
750.0,0.3638550871532779,1.4925372734112305,0.0,0.0002008887231317601,0.0,0.8889095835616775,0.3488261169196185,1.5090317937814577,1524.6820253056592,0.0,
752.0,0.3638550814341668,1.4925372750200991,0.0,0.00020088872313974996,0.0,0.8886133424511753,0.34884369476567306,1.5090493716275122,1524.6997854522865,0.0,
754.0,0.36385507594382005,1.4925372765642912,0.0,0.00020088872314742023,0.0,0.8883171013406731,0.3488612769557477,1.509066953817587,1524.7175499879863,0.0,
756.0,0.3638550706730872,1.4925372780464068,0.0,0.00020088872315478367,0.0,0.8880208602301709,0.34887886349274033,1.5090845403545796,1524.735318915686,0.0,
758.0,0.3638550656131837,1.4925372794689413,0.0,0.0002008887231618526,0.0,0.8877246191196687,0.3488964543795516,1.5091021312413908,1524.753092238316,0.0,
760.0,0.3638550607556763,1.4925372808342898,0.0,0.00020088872316863875,0.0,0.8874283780091665,0.3489140496190852,1.5091197264809244,1524.770869958811,0.0,
762.0,0.3638550560924692,1.4925372821447513,0.0,0.00020088872317515345,0.0,0.8871321368986643,0.34893164921424763,1.5091373260760867,1524.788652080107,0.0,
764.0,0.3638550516157904,1.4925372834025323,0.0,0.00020088872318140756,0.0,0.8868358957881621,0.3489492531679484,1.5091549300297875,1524.8064386051444,0.0,
766.0,0.36385504731817875,1.4925372846097504,0.0,0.00020088872318741152,0.0,0.8865396546776599,0.34896686148309974,1.509172538344939,1524.8242295368648,0.0,
768.0,0.3638550431924716,1.4925372857684385,0.0,0.00020088872319317533,0.0,0.8862434135671577,0.3489844741626171,1.5091901510244563,1524.8420248782143,0.0,
770.0,0.3638550392317927,1.4925372868805473,0.0,0.00020088872319870858,0.0,0.8859471724566556,0.34900209120941855,1.5092077680712577,1524.859824632141,0.0,
772.0,0.36385503542954095,1.4925372879479493,0.0,0.0002008887232040205,0.0,0.8856509313461534,0.34901971262642534,1.5092253894882646,1524.877628801597,0.0,
774.0,0.3638550317793793,1.4925372889724418,0.0,0.00020088872320911993,0.0,0.8853546902356512,0.34903733841656137,1.5092430152784007,1524.895437389536,0.0,
776.0,0.3638550282752241,1.4925372899557496,0.0,0.0002008887232140154,0.0,0.885058449125149,0.34905496858275376,1.509260645444593,1524.9132503989154,0.0,
778.0,0.3638550249112351,1.4925372908995285,0.0,0.00020088872321871504,0.0,0.8847622080146468,0.3490726031279325,1.5092782799897717,1524.931067832696,0.0,
780.0,0.36385502168180567,1.4925372918053674,0.0,0.0002008887232232267,0.0,0.8844659669041446,0.3490902420550303,1.5092959189168695,1524.9488896938408,0.0,
782.0,0.3638550185815534,1.4925372926747917,0.0,0.0002008887232275579,0.0,0.8841697257936424,0.3491078853669832,1.5093135622288223,1524.9667159853157,0.0,
784.0,0.3638550156053112,1.4925372935092651,0.0,0.00020088872323171584,0.0,0.8838734846831402,0.3491255330667298,1.509331209928569,1524.984546710091,0.0,
786.0,0.3638550127481187,1.4925372943101927,0.0,0.00020088872323570747,0.0,0.883577243572638,0.3491431851572119,1.5093488620190512,1525.002381871138,0.0,
788.0,0.3638550100052139,1.4925372950789229,0.0,0.00020088872323953942,0.0,0.8832810024621358,0.34916084164137423,1.5093665185032135,1525.020221471432,0.0,
790.0,0.3638550073720253,1.4925372958167502,0.0,0.0002008887232432181,0.0,0.8829847613516336,0.3491785025221645,1.5093841793840037,1525.038065513952,0.0,
792.0,0.3638550048441643,1.4925372965249168,0.0,0.00020088872324674963,0.0,0.8826885202411314,0.34919616780253315,1.5094018446643724,1525.0559140016785,0.0,
794.0,0.3638550024174177,1.4925372972046151,0.0,0.0002008887232501399,0.0,0.8823922791306292,0.34921383748543405,1.5094195143472733,1525.073766937596,0.0,
796.0,0.36385500008774097,1.4925372978569895,0.0,0.00020088872325339457,0.0,0.882096038020127,0.34923151157382354,1.5094371884356628,1525.0916243246916,0.0,
798.0,0.3638549978512513,1.4925372984831387,0.0,0.00020088872325651905,0.0,0.8817997969096248,0.34924919007066124,1.5094548669325005,1525.1094861659556,0.0,
800.0,0.3638549957042212,1.4925372990841164,0.0,0.00020088872325951855,0.0,0.8815035557991227,0.34926687297890974,1.5094725498407489,1525.1273524643811,0.0,
802.0,0.36385499364307233,1.492537299660935,0.0,0.00020088872326239808,0.0,0.8812073146886205,0.34928456030153454,1.5094902371633736,1525.145223222965,0.0,
804.0,0.3638549916643694,1.4925373002145654,0.0,0.00020088872326516242,0.0,0.8809110735781183,0.3493022520415041,1.5095079289033433,1525.163098444706,0.0,
806.0,0.3638549897648146,1.49253730074594,0.0,0.0002008887232678162,0.0,0.8806148324676161,0.34931994820179,1.509525625063629,1525.1809781326062,0.0,
808.0,0.363854987941242,1.492537301255953,0.0,0.0002008887232703638,0.0,0.8803185913571139,0.34933764878536677,1.509543325647206,1525.1988622896722,0.0,
810.0,0.3638549861906123,1.4925373017454637,0.0,0.00020088872327280951,0.0,0.8800223502466117,0.3493553537952119,1.509561030657051,1525.2167509189112,0.0,
812.0,0.36385498451000775,1.4925373022152961,0.0,0.0002008887232751574,0.0,0.8797261091361095,0.34937306323430584,1.509578740096145,1525.2346440233343,0.0,
814.0,0.36385498289662743,1.4925373026662412,0.0,0.00020088872327741138,0.0,0.8794298680256073,0.34939077710563216,1.5095964539674713,1525.2525416059575,0.0,
816.0,0.3638549813477823,1.4925373030990583,0.0,0.00020088872327957518,0.0,0.8791336269151051,0.34940849541217744,1.5096141722740166,1525.2704436697975,0.0,
818.0,0.363854979860891,1.4925373035144762,0.0,0.00020088872328165243,0.0,0.8788373858046029,0.34942621815693126,1.5096318950187704,1525.2883502178745,0.0,
820.0,0.3638549784334753,1.4925373039131942,0.0,0.0002008887232836466,0.0,0.8785411446941007,0.3494439453428862,1.5096496222047253,1525.3062612532121,0.0,
822.0,0.3638549770631563,1.4925373042958838,0.0,0.000200888723285561,0.0,0.8782449035835985,0.3494616769730378,1.509667353834877,1525.3241767788381,0.0,
824.0,0.36385497574764997,1.4925373046631893,0.0,0.00020088872328739884,0.0,0.8779486624730963,0.3494794130503848,1.509685089912224,1525.3420967977816,0.0,
826.0,0.36385497448476395,1.4925373050157291,0.0,0.00020088872328916313,0.0,0.8776524213625941,0.34949715357792893,1.5097028304397682,1525.3600213130749,0.0,
828.0,0.36385497327239336,1.492537305354097,0.0,0.00020088872329085687,0.0,0.8773561802520919,0.3495148985586748,1.5097205754205139,1525.3779503277544,0.0,
830.0,0.3638549721085176,1.4925373056788622,0.0,0.00020088872329248285,0.0,0.8770599391415898,0.3495326479956302,1.5097383248574694,1525.3958838448589,0.0,
832.0,0.36385497099119685,1.492537305990572,0.0,0.0002008887232940438,0.0,0.8767636980310876,0.3495504018918061,1.5097560787536453,1525.413821867431,0.0,
834.0,0.3638549699185689,1.492537306289751,0.0,0.0002008887232955423,0.0,0.8764674569205854,0.3495681602502162,1.5097738371120555,1525.431764398515,0.0,
836.0,0.3638549688888461,1.492537306576903,0.0,0.00020088872329698088,0.0,0.8761712158100832,0.3495859230738774,1.5097915999357165,1525.4497114411595,0.0,
838.0,0.36385496790031224,1.4925373068525114,0.0,0.0002008887232983619,0.0,0.875874974699581,0.34960369036580985,1.5098093672276491,1525.467662998416,0.0,
840.0,0.3638549669513197,1.4925373071170405,0.0,0.0002008887232996877,0.0,0.8755787335890788,0.3496214621290365,1.5098271389908757,1525.4856190733385,0.0,
842.0,0.3638549660402869,1.4925373073709354,0.0,0.00020088872330096044,0.0,0.8752824924785766,0.34963923836658356,1.5098449152284228,1525.503579668985,0.0,
844.0,0.3638549651656954,1.4925373076146238,0.0,0.0002008887233021823,0.0,0.8749862513680744,0.3496570190814801,1.5098626959433192,1525.5215447884154,0.0,
846.0,0.36385496432608755,1.4925373078485158,0.0,0.00020088872330335526,0.0,0.8746900102575722,0.34967480427675846,1.5098804811385975,1525.5395144346937,0.0,
848.0,0.363854963520064,1.4925373080730056,0.0,0.0002008887233044813,0.0,0.87439376914707,0.34969259395545405,1.5098982708172932,1525.5574886108875,0.0,
850.0,0.36385496274628143,1.4925373082884708,0.0,0.00020088872330556231,0.0,0.8740975280365678,0.34971038812060523,1.5099160649824444,1525.5754673200656,0.0,
852.0,0.36385496200345013,1.4925373084952742,0.0,0.00020088872330660009,0.0,0.8738012869260656,0.3497281867752535,1.5099338636370927,1525.5934505653022,0.0,
854.0,0.36385496129033207,1.492537308693764,0.0,0.00020088872330759633,0.0,0.8735050458155634,0.34974598992244366,1.5099516667842827,1525.6114383496724,0.0,
856.0,0.36385496060573874,1.4925373088842748,0.0,0.00020088872330855273,0.0,0.8732088047050612,0.34976379756522324,1.5099694744270624,1525.6294306762566,0.0,
858.0,0.3638549599485292,1.492537309067127,0.0,0.0002008887233094709,0.0,0.872912563594559,0.3497816097066431,1.5099872865684822,1525.6474275481362,0.0,
860.0,0.363854959317608,1.4925373092426284,0.0,0.00020088872331035232,0.0,0.8726163224840568,0.34979942634975725,1.5100051032115964,1525.6654289683972,0.0,
862.0,0.36385495871192364,1.4925373094110748,0.0,0.00020088872331119848,0.0,0.8723200813735547,0.3498172474976227,1.5100229243594618,1525.6834349401288,0.0,
864.0,0.36385495813046664,1.4925373095727497,0.0,0.0002008887233120108,0.0,0.8720238402630525,0.3498350731532996,1.5100407500151387,1525.7014454664227,0.0,
866.0,0.36385495757226793,1.492537309727925,0.0,0.00020088872331279064,0.0,0.8717275991525503,0.3498529033198512,1.5100585801816904,1525.7194605503735,0.0,
868.0,0.3638549570363972,1.4925373098768624,0.0,0.00020088872331353928,0.0,0.8714313580420481,0.34987073800034396,1.5100764148621832,1525.7374801950798,0.0,
870.0,0.36385495652196126,1.4925373100198125,0.0,0.00020088872331425797,0.0,0.8711351169315459,0.34988857719784733,1.5100942540596864,1525.7555044036426,0.0,
872.0,0.36385495602810275,1.492537310157016,0.0,0.0002008887233149479,0.0,0.8708388758210437,0.349906420915434,1.510112097777273,1525.7735331791669,0.0,
874.0,0.3638549555539986,1.492537310288704,0.0,0.00020088872331561024,0.0,0.8705426347105415,0.3499242691561799,1.510129946018019,1525.7915665247601,0.0,
876.0,0.3638549550988586,1.492537310415098,0.0,0.0002008887233162461,0.0,0.8702463936000393,0.34994212192316376,1.510147798785003,1525.809604443533,0.0,
878.0,0.36385495466192425,1.492537310536411,0.0,0.0002008887233168565,0.0,0.8699501524895371,0.3499599792194677,1.5101656560813068,1525.8276469386003,0.0,
880.0,0.3638549542424672,1.4925373106528472,0.0,0.0002008887233174425,0.0,0.8696539113790349,0.34997784104817703,1.5101835179100163,1525.8456940130782,0.0,
882.0,0.3638549538397885,1.4925373107646027,0.0,0.00020088872331800508,0.0,0.8693576702685327,0.3499957074123801,1.5102013842742192,1525.863745670088,0.0,
884.0,0.36385495345321694,1.4925373108718656,0.0,0.00020088872331854515,0.0,0.8690614291580305,0.3500135783151685,1.5102192551770077,1525.8818019127527,0.0,
886.0,0.36385495308210825,1.4925373109748166,0.0,0.0002008887233190636,0.0,0.8687651880475283,0.3500314537596368,1.510237130621476,1525.8998627441995,0.0,
888.0,0.3638549527258439,1.4925373110736289,0.0,0.00020088872331956132,0.0,0.8684689469370261,0.350049333748883,1.5102550106107222,1525.917928167558,0.0,
890.0,0.3638549523838301,1.492537311168469,0.0,0.00020088872332003912,0.0,0.868172705826524,0.35006721828600806,1.5102728951478472,1525.9359981859623,0.0,
892.0,0.36385495205549684,1.4925373112594966,0.0,0.00020088872332049782,0.0,0.8678764647160218,0.3500851073741163,1.5102907842359554,1525.9540728025472,0.0,
894.0,0.3638549517402969,1.492537311346865,0.0,0.00020088872332093817,0.0,0.8675802236055196,0.350103001016315,1.510308677878154,1525.9721520204537,0.0,
896.0,0.363854951437705,1.492537311430721,0.0,0.0002008887233213609,0.0,0.8672839824950174,0.3501208992157148,1.510326576077554,1525.9902358428242,0.0,
898.0,0.3638549511472168,1.492537311511206,0.0,0.00020088872332176672,0.0,0.8669877413845152,0.35013880197542946,1.5103444788372686,1526.0083242728049,0.0,
900.0,0.36385495086834807,1.4925373115884555,0.0,0.0002008887233221563,0.0,0.866691500274013,0.3501567092985759,1.5103623861604152,1526.026417313545,0.0,
902.0,0.3638549506006341,1.4925373116625995,0.0,0.0002008887233225303,0.0,0.8663952591635108,0.3501746211882743,1.5103802980501135,1526.0445149681966,0.0,
904.0,0.3638549503436287,1.492537311733763,0.0,0.00020088872332288936,0.0,0.8660990180530086,0.35019253764764807,1.5103982145094872,1526.0626172399159,0.0,
906.0,0.3638549500969035,1.4925373118020657,0.0,0.00020088872332323405,0.0,0.8658027769425064,0.3502104586798237,1.5104161355416628,1526.0807241318619,0.0,
908.0,0.3638549498600473,1.4925373118676226,0.0,0.00020088872332356495,0.0,0.8655065358320042,0.3502283842879309,1.51043406114977,1526.0988356471964,0.0,
910.0,0.36385494963266535,1.4925373119305443,0.0,0.00020088872332388262,0.0,0.865210294721502,0.35024631447510285,1.510451991336942,1526.116951789086,0.0,
912.0,0.3638549494143787,1.4925373119909364,0.0,0.00020088872332418758,0.0,0.8649140536109998,0.3502642492444756,1.5104699261063148,1526.1350725606983,0.0,
914.0,0.3638549492048235,1.4925373120489007,0.0,0.00020088872332448034,0.0,0.8646178125004976,0.35028218859918864,1.5104878654610279,1526.1531979652054,0.0,
916.0,0.3638549490036505,1.4925373121045349,0.0,0.0002008887233247614,0.0,0.8643215713899954,0.3503001325423846,1.5105058094042239,1526.171328005783,0.0,
918.0,0.36385494881052444,1.4925373121579326,0.0,0.0002008887233250312,0.0,0.8640253302794932,0.35031808107720935,1.5105237579390485,1526.189462685609,0.0,
920.0,0.3638549486251234,1.4925373122091836,0.0,0.0002008887233252902,0.0,0.863729089168991,0.3503360342068121,1.5105417110686512,1526.207602007866,0.0,
922.0,0.36385494844713845,1.4925373122583745,0.0,0.00020088872332553887,0.0,0.8634328480584889,0.3503539919343451,1.5105596687961842,1526.2257459757384,0.0,
924.0,0.36385494827627285,1.4925373123055878,0.0,0.0002008887233257776,0.0,0.8631366069479867,0.350371954262964,1.5105776311248031,1526.2438945924148,0.0,
926.0,0.3638549481122419,1.4925373123509031,0.0,0.00020088872332600673,0.0,0.8628403658374845,0.3503899211958277,1.5105955980576669,1526.2620478610868,0.0,
928.0,0.3638549479547722,1.4925373123943968,0.0,0.00020088872332622672,0.0,0.8625441247269823,0.3504078927360983,1.5106135695979375,1526.2802057849497,0.0,
930.0,0.3638549478036013,1.492537312436142,0.0,0.00020088872332643792,0.0,0.8622478836164801,0.3504258688869411,1.5106315457487802,1526.2983683672007,0.0,
932.0,0.3638549476584772,1.4925373124762091,0.0,0.00020088872332664067,0.0,0.8619516425059779,0.3504438496515248,1.510649526513364,1526.316535611042,0.0,
934.0,0.3638549475191581,1.4925373125146655,0.0,0.0002008887233268353,0.0,0.8616554013954757,0.3504618350330213,1.5106675118948605,1526.3347075196784,0.0,
936.0,0.36385494738541174,1.492537312551576,0.0,0.00020088872332702217,0.0,0.8613591602849735,0.35047982503460584,1.5106855018964451,1526.3528840963181,0.0,
938.0,0.3638549472570152,1.4925373125870025,0.0,0.00020088872332720155,0.0,0.8610629191744713,0.35049781965945676,1.510703496521296,1526.371065344172,0.0,
940.0,0.3638549471337546,1.492537312621005,0.0,0.00020088872332737375,0.0,0.8607666780639691,0.3505158189107558,1.510721495772595,1526.3892512664552,0.0,
942.0,0.36385494701542437,1.4925373126536408,0.0,0.00020088872332753906,0.0,0.8604704369534669,0.35053382279168804,1.5107394996535273,1526.4074418663859,0.0,
944.0,0.36385494690182735,1.4925373126849644,0.0,0.00020088872332769776,0.0,0.8601741958429647,0.3505518313054417,1.5107575081672808,1526.4256371471847,0.0,
946.0,0.36385494679277425,1.4925373127150288,0.0,0.00020088872332785012,0.0,0.8598779547324625,0.35056984445520845,1.5107755213170477,1526.4438371120777,0.0,
948.0,0.36385494668808327,1.4925373127438846,0.0,0.00020088872332799638,0.0,0.8595817136219603,0.3505878622441832,1.5107935391060223,1526.4620417642911,0.0,
950.0,0.3638549465875799,1.4925373127715804,0.0,0.00020088872332813679,0.0,0.8592854725114581,0.3506058846755642,1.5108115615374034,1526.4802511070582,0.0,
952.0,0.3638549464910967,1.492537312798163,0.0,0.00020088872332827158,0.0,0.858989231400956,0.3506239117525528,1.5108295886143919,1526.4984651436123,0.0,
954.0,0.36385494639847277,1.4925373128236767,0.0,0.00020088872332840098,0.0,0.8586929902904538,0.350641943478354,1.5108476203401933,1526.5166838771922,0.0,
956.0,0.36385494630955384,1.492537312848165,0.0,0.0002008887233285252,0.0,0.8583967491799516,0.35065997985617586,1.510865656718015,1526.5349073110388,0.0,
958.0,0.3638549462241917,1.4925373128716688,0.0,0.00020088872332864446,0.0,0.8581005080694494,0.35067802088922984,1.510883697751069,1526.553135448397,0.0,
960.0,0.36385494614224395,1.4925373128942276,0.0,0.00020088872332875895,0.0,0.8578042669589472,0.35069606658073077,1.51090174344257,1526.5713682925154,0.0,
962.0,0.36385494606357416,1.4925373129158797,0.0,0.00020088872332886887,0.0,0.857508025848445,0.3507141169338967,1.510919793795736,1526.5896058466456,0.0,
964.0,0.3638549459880512,1.4925373129366613,0.0,0.00020088872332897436,0.0,0.8572117847379428,0.35073217195194917,1.5109378488137883,1526.6078481140412,0.0,
966.0,0.3638549459155491,1.4925373129566075,0.0,0.00020088872332907565,0.0,0.8569155436274406,0.350750231638113,1.5109559084999522,1526.6260950979618,0.0,
968.0,0.36385494584594713,1.492537312975752,0.0,0.00020088872332917288,0.0,0.8566193025169384,0.3507682959956162,1.5109739728574554,1526.6443468016682,0.0,
970.0,0.3638549457791292,1.4925373129941268,0.0,0.00020088872332926623,0.0,0.8563230614064362,0.35078636502769045,1.5109920418895297,1526.662603228426,0.0,
972.0,0.363854945714984,1.492537313011763,0.0,0.00020088872332935584,0.0,0.856026820295934,0.35080443873757045,1.5110101155994096,1526.6808643815034,0.0,
974.0,0.3638549456534046,1.49253731302869,0.0,0.00020088872332944187,0.0,0.8557305791854318,0.35082251712849444,1.5110281939903336,1526.6991302641718,0.0,
976.0,0.3638549455942884,1.4925373130449366,0.0,0.00020088872332952446,0.0,0.8554343380749296,0.3508406002037041,1.5110462770655433,1526.717400879707,0.0,
978.0,0.36385494553753683,1.4925373130605302,0.0,0.00020088872332960374,0.0,0.8551380969644274,0.3508586879664442,1.5110643648282833,1526.7356762313868,0.0,
980.0,0.3638549454830553,1.4925373130754969,0.0,0.00020088872332967985,0.0,0.8548418558539252,0.3508767804199632,1.5110824572818025,1526.7539563224943,0.0,
982.0,0.36385494543075303,1.4925373130898618,0.0,0.00020088872332975292,0.0,0.854545614743423,0.35089487756751264,1.5111005544293519,1526.772241156314,0.0,
984.0,0.36385494538054286,1.4925373131036495,0.0,0.00020088872332982307,0.0,0.8542493736329209,0.3509129794123477,1.511118656274187,1526.790530736135,0.0,
986.0,0.3638549453323411,1.4925373131168826,0.0,0.0002008887233298904,0.0,0.8539531325224187,0.3509310859577269,1.511136762819566,1526.8088250652497,0.0,
988.0,0.36385494528606743,1.492537313129584,0.0,0.00020088872332995505,0.0,0.8536568914119165,0.3509491972069119,1.511154874068751,1526.8271241469536,0.0,
990.0,0.3638549452416447,1.4925373131417747,0.0,0.00020088872333001712,0.0,0.8533606503014143,0.35096731316316815,1.5111729900250073,1526.845427984546,0.0,
992.0,0.36385494519899886,1.4925373131534754,0.0,0.0002008887233300767,0.0,0.8530644091909121,0.35098543382976416,1.5111911106916034,1526.8637365813292,0.0,
994.0,0.3638549451580589,1.4925373131647057,0.0,0.00020088872333013389,0.0,0.8527681680804099,0.351003559209972,1.5112092360718112,1526.8820499406095,0.0,
996.0,0.3638549451187565,1.4925373131754847,0.0,0.0002008887233301888,0.0,0.8524719269699077,0.35102168930706723,1.5112273661689064,1526.900368065696,0.0,
998.0,0.36385494508102617,1.4925373131858302,0.0,0.00020088872333024152,0.0,0.8521756858594055,0.35103982412432866,1.5112455009861678,1526.9186909599018,0.0,
1000.0,0.3638549450448051,1.4925373131957598,0.0,0.00020088872333029213,0.0,0.8518794447489033,0.3510579636650386,1.5112636405268778,1526.9370186265435,0.0,
1002.0,0.36385494501003285,1.4925373132052902,0.0,0.0002008887233303407,0.0,0.8515832036384011,0.35107610793248273,1.5112817847943218,1526.95535106894,0.0,
1004.0,0.3638549449766515,1.4925373132144375,0.0,0.00020088872333038732,0.0,0.8512869625278989,0.3510942569299503,1.5112999337917894,1526.9736882904158,0.0,
1006.0,0.3638549449446054,1.4925373132232171,0.0,0.0002008887233304321,0.0,0.8509907214173967,0.3511124106607338,1.511318087522573,1526.9920302942965,0.0,
1008.0,0.3638549449138412,1.4925373132316437,0.0,0.00020088872333047508,0.0,0.8506944803068945,0.3511305691281293,1.5113362459899684,1527.0103770839128,0.0,
1010.0,0.3638549448843075,1.4925373132397317,0.0,0.00020088872333051634,0.0,0.8503982391963923,0.3511487323354363,1.5113544091972755,1527.0287286625985,0.0,
1012.0,0.36385494485595515,1.4925373132474944,0.0,0.00020088872333055594,0.0,0.8501019980858902,0.3511669002859577,1.5113725771477968,1527.047085033691,0.0,
1014.0,0.3638549448287369,1.492537313254945,0.0,0.00020088872333059397,0.0,0.849805756975388,0.3511850729829999,1.5113907498448391,1527.0654462005302,0.0,
1016.0,0.36385494480260744,1.4925373132620963,0.0,0.00020088872333063048,0.0,0.8495095158648858,0.35120325042987266,1.511408927291712,1527.083812166461,0.0,
1018.0,0.3638549447775231,1.49253731326896,0.0,0.00020088872333066552,0.0,0.8492132747543836,0.35122143262988936,1.5114271094917286,1527.1021829348308,0.0,
1020.0,0.36385494475344216,1.492537313275548,0.0,0.00020088872333069916,0.0,0.8489170336438814,0.35123961958636674,1.511445296448206,1527.1205585089904,0.0,
1022.0,0.3638549447303244,1.492537313281871,0.0,0.00020088872333073144,0.0,0.8486207925333792,0.35125781130262496,1.5114634881644642,1527.1389388922948,0.0,
1024.0,0.3638549447081314,1.4925373132879396,0.0,0.00020088872333076245,0.0,0.848324551422877,0.3512760077819878,1.511481684643827,1527.1573240881025,0.0,
1026.0,0.3638549446868261,1.4925373132937645,0.0,0.0002008887233307922,0.0,0.8480283103123748,0.3512942090277825,1.5114998858896216,1527.1757140997743,0.0,
1028.0,0.363854944666373,1.4925373132993551,0.0,0.00020088872333082078,0.0,0.8477320692018726,0.3513124150433397,1.511518091905179,1527.1941089306767,0.0,
1030.0,0.36385494464673807,1.492537313304721,0.0,0.0002008887233308482,0.0,0.8474358280913704,0.35133062583199354,1.5115363026938327,1527.2125085841774,0.0,
1032.0,0.36385494462788853,1.4925373133098712,0.0,0.00020088872333087456,0.0,0.8471395869808682,0.3513488413970817,1.511554518258921,1527.230913063649,0.0,
1034.0,0.36385494460979295,1.4925373133148143,0.0,0.00020088872333089985,0.0,0.846843345870366,0.3513670617419455,1.5115727386037847,1527.2493223724675,0.0,
1036.0,0.3638549445924212,1.4925373133195587,0.0,0.0002008887233309241,0.0,0.8465471047598638,0.3513852868699294,1.5115909637317686,1527.267736514012,0.0,
1038.0,0.3638549445757443,1.4925373133241124,0.0,0.00020088872333094742,0.0,0.8462508636493616,0.3514035167843818,1.511609193646221,1527.2861554916658,0.0,
1040.0,0.3638549445597345,1.4925373133284832,0.0,0.00020088872333096978,0.0,0.8459546225388594,0.35142175148865423,1.5116274283504934,1527.304579308815,0.0,
1042.0,0.36385494454436507,1.492537313332678,0.0,0.00020088872333099125,0.0,0.8456583814283573,0.351439990986102,1.5116456678479413,1527.32300796885,0.0,
1044.0,0.3638549445296104,1.4925373133367044,0.0,0.00020088872333101185,0.0,0.8453621403178551,0.35145823528008396,1.511663912141923,1527.3414414751635,0.0,
1046.0,0.363854944515446,1.4925373133405688,0.0,0.00020088872333103163,0.0,0.8450658992073529,0.35147648437396223,1.5116821612358013,1527.3598798311539,0.0,
1048.0,0.3638549445018481,1.4925373133442779,0.0,0.00020088872333105063,0.0,0.8447696580968507,0.3514947382711028,1.5117004151329418,1527.3783230402212,0.0,
1050.0,0.36385494448879413,1.492537313347838,0.0,0.00020088872333106887,0.0,0.8444734169863485,0.3515129969748749,1.511718673836714,1527.3967711057699,0.0,
1052.0,0.3638549444762623,1.4925373133512547,0.0,0.00020088872333108638,0.0,0.8441771758758463,0.3515312604886516,1.5117369373504908,1527.4152240312078,0.0,
1054.0,0.3638549444642318,1.4925373133545343,0.0,0.0002008887233311032,0.0,0.8438809347653441,0.3515495288158092,1.5117552056776484,1527.4336818199467,0.0,
1056.0,0.36385494445268246,1.492537313357682,0.0,0.00020088872333111932,0.0,0.8435846936548419,0.3515678019597278,1.5117734788215669,1527.452144475401,0.0,
1058.0,0.3638549444415951,1.4925373133607032,0.0,0.0002008887233311348,0.0,0.8432884525443397,0.3515860799237911,1.5117917567856303,1527.4706120009903,0.0,
1060.0,0.3638549444309513,1.4925373133636028,0.0,0.00020088872333114967,0.0,0.8429922114338375,0.35160436271138606,1.5118100395732252,1527.489084400136,0.0,
1062.0,0.3638549444207332,1.492537313366386,0.0,0.00020088872333116396,0.0,0.8426959703233353,0.3516226503259035,1.5118283271877426,1527.5075616762647,0.0,
1064.0,0.3638549444109238,1.4925373133690572,0.0,0.00020088872333117767,0.0,0.8423997292128331,0.3516409427707377,1.5118466196325768,1527.5260438328055,0.0,
1066.0,0.36385494440150684,1.492537313371621,0.0,0.00020088872333119082,0.0,0.8421034881023309,0.35165924004928656,1.5118649169111258,1527.5445308731914,0.0,
1068.0,0.3638549443924665,1.492537313374082,0.0,0.00020088872333120345,0.0,0.8418072469918287,0.3516775421649515,1.5118832190267908,1527.56302280086,0.0,
1070.0,0.3638549443837878,1.492537313376444,0.0,0.00020088872333121557,0.0,0.8415110058813265,0.35169584912113766,1.511901525982977,1527.58151961925,0.0,
1072.0,0.36385494437545624,1.4925373133787108,0.0,0.0002008887233312272,0.0,0.8412147647708244,0.3517141609212536,1.5119198377830927,1527.6000213318068,0.0,
1074.0,0.36385494436745797,1.4925373133808866,0.0,0.00020088872333123836,0.0,0.8409185236603222,0.3517324775687117,1.5119381544305508,1527.6185279419778,0.0,
1076.0,0.3638549443597796,1.492537313382975,0.0,0.0002008887233312491,0.0,0.84062228254982,0.35175079906692763,1.511956475928767,1527.6370394532144,0.0,
1078.0,0.3638549443524084,1.4925373133849793,0.0,0.0002008887233312594,0.0,0.8403260414393178,0.3517691254193211,1.5119748022811603,1527.655555868971,0.0,
1080.0,0.363854944345332,1.492537313386903,0.0,0.0002008887233312693,0.0,0.8400298003288156,0.3517874566293151,1.5119931334911543,1527.6740771927066,0.0,
1082.0,0.3638549443385387,1.4925373133887496,0.0,0.00020088872333127878,0.0,0.8397335592183134,0.35180579270033624,1.5120114695621754,1527.6926034278833,0.0,
1084.0,0.36385494433201715,1.492537313390522,0.0,0.00020088872333128788,0.0,0.8394373181078112,0.35182413363581505,1.5120298104976542,1527.711134577967,0.0,
1086.0,0.36385494432575644,1.492537313392223,0.0,0.00020088872333129664,0.0,0.839141076997309,0.35184247943918534,1.5120481563010244,1527.7296706464274,0.0,
1088.0,0.36385494431974613,1.4925373133938558,0.0,0.00020088872333130504,0.0,0.8388448358868068,0.3518608301138848,1.512066506975724,1527.7482116367378,0.0,
1090.0,0.36385494431397625,1.4925373133954227,0.0,0.0002008887233313131,0.0,0.8385485947763046,0.35187918566335474,1.512084862525194,1527.7667575523753,0.0,
1092.0,0.3638549443084372,1.4925373133969266,0.0,0.00020088872333132082,0.0,0.8382523536658024,0.35189754609103996,1.5121032229528792,1527.7853083968198,0.0,
1094.0,0.36385494430311965,1.4925373133983701,0.0,0.00020088872333132824,0.0,0.8379561125553002,0.3519159114003891,1.5121215882622283,1527.8038641735563,0.0,
1096.0,0.36385494429801485,1.4925373133997557,0.0,0.00020088872333133537,0.0,0.837659871444798,0.3519342815948543,1.5121399584566935,1527.822424886073,0.0,
1098.0,0.3638549442931142,1.4925373134010855,0.0,0.00020088872333134223,0.0,0.8373636303342958,0.35195265667789144,1.5121583335397306,1527.8409905378608,0.0,
1100.0,0.3638549442884096,1.4925373134023618,0.0,0.0002008887233313488,0.0,0.8370673892237936,0.3519710366529602,1.5121767135147994,1527.859561132416,0.0,
1102.0,0.36385494428389314,1.4925373134035869,0.0,0.0002008887233313551,0.0,0.8367711481132915,0.35198942152352364,1.512195098385363,1527.878136673237,0.0,
1104.0,0.3638549442795574,1.4925373134047626,0.0,0.00020088872333136115,0.0,0.8364749070027893,0.35200781129304864,1.5122134881548879,1527.896717163827,0.0,
1106.0,0.36385494427539505,1.4925373134058912,0.0,0.00020088872333136698,0.0,0.8361786658922871,0.35202620596500594,1.512231882826845,1527.9153026076922,0.0,
1108.0,0.3638549442713992,1.4925373134069744,0.0,0.00020088872333137256,0.0,0.8358824247817849,0.3520446055428697,1.5122502824047088,1527.9338930083436,0.0,
1110.0,0.3638549442675632,1.492537313408014,0.0,0.00020088872333137793,0.0,0.8355861836712827,0.3520630100301179,1.512268686891957,1527.952488369295,0.0,
1112.0,0.36385494426388065,1.4925373134090119,0.0,0.00020088872333138308,0.0,0.8352899425607805,0.3520814194302322,1.5122870962920714,1527.9710886940638,0.0,
1114.0,0.36385494426034537,1.4925373134099695,0.0,0.000200888723331388,0.0,0.8349937014502783,0.352099833746698,1.5123055106085372,1527.989693986172,0.0,
1116.0,0.36385494425695153,1.4925373134108888,0.0,0.00020088872333139275,0.0,0.8346974603397761,0.35211825298300437,1.5123239298448434,1528.0083042491444,0.0,
1118.0,0.3638549442536934,1.492537313411771,0.0,0.0002008887233313973,0.0,0.8344012192292739,0.3521366771426441,1.5123423540044831,1528.0269194865105,0.0,
1120.0,0.36385494425056564,1.4925373134126179,0.0,0.00020088872333140167,0.0,0.8341049781187717,0.3521551062291137,1.512360783090953,1528.0455397018027,0.0,
1122.0,0.363854944247563,1.4925373134134305,0.0,0.00020088872333140587,0.0,0.8338087370082695,0.35217354024591346,1.5123792171077526,1528.0641648985575,0.0,
1124.0,0.36385494424468046,1.4925373134142106,0.0,0.0002008887233314099,0.0,0.8335124958977673,0.35219197919654727,1.5123976560583865,1528.0827950803157,0.0,
1126.0,0.3638549442419132,1.4925373134149593,0.0,0.0002008887233314138,0.0,0.8332162547872651,0.3522104230845229,1.512416099946362,1528.101430250621,0.0,
1128.0,0.3638549442392567,1.4925373134156779,0.0,0.0002008887233314175,0.0,0.8329200136767629,0.3522288719133517,1.512434548775191,1528.120070413021,0.0,
1130.0,0.3638549442367064,1.4925373134163675,0.0,0.00020088872333142105,0.0,0.8326237725662607,0.35224732568654904,1.5124530025483882,1528.1387155710684,0.0,
1132.0,0.36385494423425807,1.4925373134170297,0.0,0.00020088872333142447,0.0,0.8323275314557586,0.35226578440763373,1.512471461269473,1528.1573657283175,0.0,
1134.0,0.36385494423190773,1.4925373134176652,0.0,0.00020088872333142775,0.0,0.8320312903452564,0.3522842480801286,1.5124899249419677,1528.176020888328,0.0,
1136.0,0.36385494422965137,1.4925373134182751,0.0,0.0002008887233314309,0.0,0.8317350492347542,0.35230271670756,1.5125083935693993,1528.1946810546629,0.0,
1138.0,0.36385494422748527,1.4925373134188604,0.0,0.00020088872333143393,0.0,0.831438808124252,0.35232119029345826,1.5125268671552974,1528.2133462308893,0.0,
1140.0,0.3638549442254058,1.4925373134194222,0.0,0.00020088872333143683,0.0,0.8311425670137498,0.3523396688413574,1.5125453457031965,1528.2320164205776,0.0,
1142.0,0.3638549442234095,1.4925373134199613,0.0,0.00020088872333143962,0.0,0.8308463259032476,0.3523581523547952,1.5125638292166343,1528.2506916273023,0.0,
1144.0,0.3638549442214931,1.492537313420479,0.0,0.0002008887233314423,0.0,0.8305500847927454,0.3523766408373131,1.5125823176991522,1528.2693718546416,0.0,
1146.0,0.36385494421965336,1.4925373134209756,0.0,0.00020088872333144488,0.0,0.8302538436822432,0.35239513429245667,1.512600811154296,1528.288057106178,0.0,
1148.0,0.36385494421788717,1.4925373134214523,0.0,0.00020088872333144734,0.0,0.829957602571741,0.35241363272377496,1.5126193095856142,1528.3067473854974,0.0,
1150.0,0.36385494421619163,1.49253731342191,0.0,0.0002008887233314497,0.0,0.8296613614612388,0.352432136134821,1.5126378129966602,1528.3254426961894,0.0,
1152.0,0.36385494421456394,1.4925373134223492,0.0,0.00020088872333145198,0.0,0.8293651203507366,0.3524506445291516,1.5126563213909907,1528.3441430418475,0.0,
1154.0,0.36385494421300135,1.4925373134227709,0.0,0.00020088872333145417,0.0,0.8290688792402344,0.3524691579103272,1.5126748347721664,1528.3628484260696,0.0,
1156.0,0.3638549442115013,1.4925373134231754,0.0,0.00020088872333145626,0.0,0.8287726381297322,0.3524876762819123,1.5126933531437514,1528.381558852457,0.0,
1158.0,0.3638549442100612,1.4925373134235638,0.0,0.00020088872333145827,0.0,0.82847639701923,0.3525061996474751,1.5127118765093142,1528.4002743246147,0.0,
1160.0,0.3638549442086787,1.4925373134239366,0.0,0.0002008887233314602,0.0,0.8281801559087278,0.35252472801058765,1.5127304048724268,1528.4189948461521,0.0,
1162.0,0.36385494420735154,1.4925373134242943,0.0,0.00020088872333146203,0.0,0.8278839147982257,0.35254326137482594,1.5127489382366652,1528.4377204206826,0.0,
1164.0,0.36385494420607745,1.4925373134246376,0.0,0.00020088872333146382,0.0,0.8275876736877235,0.3525617997437696,1.5127674766056087,1528.4564510518214,0.0,
1166.0,0.3638549442048543,1.492537313424967,0.0,0.00020088872333146553,0.0,0.8272914325772213,0.3525803431210021,1.5127860199828413,1528.475186743191,0.0,
1168.0,0.3638549442036801,1.4925373134252835,0.0,0.00020088872333146716,0.0,0.8269951914667191,0.3525988915101111,1.5128045683719502,1528.4939274984151,0.0,
1170.0,0.3638549442025528,1.492537313425587,0.0,0.00020088872333146873,0.0,0.8266989503562169,0.35261744491468766,1.512823121776527,1528.5126733211227,0.0,
1172.0,0.3638549442014707,1.4925373134258784,0.0,0.00020088872333147025,0.0,0.8264027092457147,0.352636003338327,1.512841680200166,1528.5314242149457,0.0,
1174.0,0.36385494420043185,1.4925373134261581,0.0,0.0002008887233314717,0.0,0.8261064681352125,0.3526545667846282,1.5128602436464673,1528.5501801835208,0.0,
1176.0,0.36385494419943454,1.4925373134264266,0.0,0.0002008887233314731,0.0,0.8258102270247103,0.352673135257194,1.5128788121190333,1528.5689412304887,0.0,
1178.0,0.36385494419847714,1.4925373134266842,0.0,0.00020088872333147442,0.0,0.8255139859142081,0.3526917087596313,1.5128973856214705,1528.5877073594922,0.0,
1180.0,0.36385494419755804,1.4925373134269315,0.0,0.0002008887233314757,0.0,0.8252177448037059,0.35271028729555065,1.5129159641573897,1528.6064785741805,0.0,
1182.0,0.3638549441966757,1.4925373134271689,0.0,0.00020088872333147694,0.0,0.8249215036932037,0.3527288708685666,1.5129345477304057,1528.6252548782056,0.0,
1184.0,0.36385494419582864,1.4925373134273967,0.0,0.00020088872333147813,0.0,0.8246252625827015,0.3527474594822975,1.5129531363441366,1528.644036275223,0.0,
1186.0,0.36385494419501546,1.4925373134276154,0.0,0.00020088872333147927,0.0,0.8243290214721993,0.3527660531403658,1.512971730002205,1528.662822768893,0.0,
1188.0,0.3638549441942348,1.4925373134278253,0.0,0.00020088872333148036,0.0,0.8240327803616971,0.3527846518463977,1.512990328708237,1528.681614362879,0.0,
1190.0,0.36385494419348535,1.4925373134280266,0.0,0.00020088872333148141,0.0,0.8237365392511949,0.3528032556040232,1.5130089324658624,1528.7004110608489,0.0,
1192.0,0.36385494419276593,1.49253731342822,0.0,0.00020088872333148242,0.0,0.8234402981406928,0.3528218644168766,1.5130275412787157,1528.719212866475,0.0,
1194.0,0.36385494419207526,1.4925373134284057,0.0,0.0002008887233314834,0.0,0.8231440570301906,0.3528404782885956,1.5130461551504348,1528.738019783432,0.0,
1196.0,0.36385494419141223,1.4925373134285838,0.0,0.00020088872333148431,0.0,0.8228478159196884,0.3528590972228223,1.5130647740846614,1528.7568318154001,0.0,
1198.0,0.3638549441907757,1.4925373134287547,0.0,0.0002008887233314852,0.0,0.8225515748091862,0.35287772122320255,1.5130833980850418,1528.7756489660633,0.0,
1200.0,0.3638549441901646,1.4925373134289188,0.0,0.00020088872333148605,0.0,0.822255333698684,0.35289635029338606,1.5131020271552253,1528.7944712391088,0.0,
1202.0,0.363854944189578,1.4925373134290763,0.0,0.00020088872333148686,0.0,0.8219590925881818,0.3529149844370266,1.513120661298866,1528.8132986382286,0.0,
1204.0,0.3638549441890148,1.4925373134292275,0.0,0.00020088872333148765,0.0,0.8216628514776796,0.3529336236577818,1.513139300519621,1528.8321311671173,0.0,
1206.0,0.3638549441884742,1.4925373134293725,0.0,0.0002008887233314884,0.0,0.8213666103671774,0.3529522679593133,1.5131579448211525,1528.8509688294762,0.0,
1208.0,0.36385494418795516,1.4925373134295117,0.0,0.00020088872333148914,0.0,0.8210703692566752,0.35297091734528674,1.513176594207126,1528.8698116290077,0.0,
1210.0,0.36385494418745695,1.4925373134296454,0.0,0.00020088872333148984,0.0,0.820774128146173,0.35298957181937163,1.5131952486812108,1528.8886595694194,0.0,
1212.0,0.3638549441869786,1.4925373134297737,0.0,0.00020088872333149052,0.0,0.8204778870356708,0.35300823138524157,1.5132139082470808,1528.907512654423,0.0,
1214.0,0.3638549441865194,1.4925373134298967,0.0,0.00020088872333149117,0.0,0.8201816459251686,0.35302689604657406,1.5132325729084133,1528.9263708877352,0.0,
1216.0,0.3638549441860786,1.4925373134300148,0.0,0.0002008887233314918,0.0,0.8198854048146664,0.3530455658070506,1.5132512426688898,1528.9452342730744,0.0,
1218.0,0.36385494418565545,1.4925373134301283,0.0,0.0002008887233314924,0.0,0.8195891637041642,0.3530642406703567,1.513269917532196,1528.964102814165,0.0,
1220.0,0.3638549441852492,1.492537313430237,0.0,0.00020088872333149296,0.0,0.819292922593662,0.3530829206401818,1.513288597502021,1528.9829765147342,0.0,
1222.0,0.3638549441848592,1.4925373134303415,0.0,0.0002008887233314935,0.0,0.8189966814831598,0.3531016057202195,1.5133072825820586,1529.0018553785146,0.0,
1224.0,0.3638549441844848,1.4925373134304418,0.0,0.00020088872333149402,0.0,0.8187004403726577,0.3531202959141672,1.5133259727760064,1529.0207394092417,0.0,
1226.0,0.36385494418412534,1.492537313430538,0.0,0.0002008887233314945,0.0,0.8184041992621555,0.35313899122572645,1.5133446680875655,1529.039628610655,0.0,
1228.0,0.3638549441837803,1.4925373134306303,0.0,0.000200888723331495,0.0,0.8181079581516533,0.3531576916586028,1.513363368520442,1529.0585229864985,0.0,
1230.0,0.36385494418344905,1.492537313430719,0.0,0.00020088872333149545,0.0,0.8178117170411511,0.35317639721650573,1.513382074078345,1529.0774225405207,0.0,
1232.0,0.363854944183131,1.492537313430804,0.0,0.0002008887233314959,0.0,0.8175154759306489,0.353195107903149,1.5134007847649882,1529.0963272764739,0.0,
1234.0,0.36385494418282577,1.4925373134308857,0.0,0.00020088872333149632,0.0,0.8172192348201467,0.35321382372225013,1.5134195005840894,1529.1152371981138,0.0,
1236.0,0.3638549441825327,1.492537313430964,0.0,0.00020088872333149673,0.0,0.8169229937096445,0.35323254467753085,1.51343822153937,1529.1341523092003,0.0,
1238.0,0.3638549441822514,1.4925373134310393,0.0,0.0002008887233314971,0.0,0.8166267525991423,0.35325127077271684,1.513456947634556,1529.153072613499,0.0,
1240.0,0.3638549441819813,1.4925373134311115,0.0,0.0002008887233314975,0.0,0.8163305114886401,0.3532700020115379,1.513475678873377,1529.1719981147771,0.0,
1242.0,0.363854944181722,1.4925373134311808,0.0,0.00020088872333149784,0.0,0.8160342703781379,0.35328873839772795,1.513494415259567,1529.190928816808,0.0,
1244.0,0.3638549441814731,1.4925373134312474,0.0,0.0002008887233314982,0.0,0.8157380292676357,0.35330747993502476,1.5135131567968638,1529.2098647233681,0.0,
1246.0,0.3638549441812341,1.4925373134313114,0.0,0.00020088872333149852,0.0,0.8154417881571335,0.3533262266271704,1.5135319034890096,1529.2288058382383,0.0,
1248.0,0.3638549441810047,1.4925373134313726,0.0,0.00020088872333149884,0.0,0.8151455470466313,0.35334497847791085,1.51355065533975,1529.2477521652027,0.0,
1250.0,0.3638549441807845,1.4925373134314315,0.0,0.00020088872333149914,0.0,0.8148493059361291,0.35336373549099637,1.5135694123528356,1529.2667037080514,0.0,
1252.0,0.36385494418057307,1.4925373134314879,0.0,0.00020088872333149944,0.0,0.814553064825627,0.35338249767018115,1.5135881745320203,1529.285660470577,0.0,
1254.0,0.3638549441803701,1.492537313431542,0.0,0.0002008887233314997,0.0,0.8142568237151248,0.3534012650192235,1.5136069418810627,1529.3046224565771,0.0,
1256.0,0.3638549441801753,1.492537313431594,0.0,0.00020088872333149998,0.0,0.8139605826046226,0.3534200375418859,1.513625714403725,1529.3235896698534,0.0,
1258.0,0.3638549441799882,1.492537313431644,0.0,0.00020088872333150025,0.0,0.8136643414941204,0.3534388152419348,1.513644492103774,1529.342562114211,0.0,
1260.0,0.3638549441798086,1.492537313431692,0.0,0.0002008887233315005,0.0,0.8133681003836182,0.353457598123141,1.51366327498498,1529.3615397934595,0.0,
1262.0,0.36385494417963626,1.492537313431738,0.0,0.00020088872333150074,0.0,0.813071859273116,0.35347638618927923,1.5136820630511185,1529.3805227114137,0.0,
1264.0,0.3638549441794708,1.492537313431782,0.0,0.00020088872333150098,0.0,0.8127756181626138,0.3534951794441283,1.5137008563059675,1529.3995108718905,0.0,
1266.0,0.3638549441793119,1.4925373134318245,0.0,0.0002008887233315012,0.0,0.8124793770521116,0.3535139778914714,1.5137196547533105,1529.4185042787133,0.0,
1268.0,0.3638549441791594,1.4925373134318651,0.0,0.00020088872333150142,0.0,0.8121831359416094,0.35353278153509554,1.5137384583969347,1529.437502935708,0.0,
1270.0,0.363854944179013,1.4925373134319042,0.0,0.00020088872333150163,0.0,0.8118868948311072,0.35355159037879214,1.5137572672406312,1529.456506846705,0.0,
1272.0,0.36385494417887243,1.4925373134319417,0.0,0.00020088872333150182,0.0,0.811590653720605,0.3535704044263567,1.513776081288196,1529.4755160155398,0.0,
1274.0,0.3638549441787375,1.4925373134319777,0.0,0.000200888723331502,0.0,0.8112944126101028,0.3535892236815888,1.513794900543428,1529.494530446051,0.0,
1276.0,0.3638549441786079,1.4925373134320121,0.0,0.0002008887233315022,0.0,0.8109981714996006,0.3536080481482922,1.5138137250101313,1529.5135501420818,0.0,
1278.0,0.3638549441784836,1.4925373134320452,0.0,0.00020088872333150237,0.0,0.8107019303890984,0.35362687783027497,1.513832554692114,1529.53257510748,0.0,
1280.0,0.36385494417836417,1.492537313432077,0.0,0.00020088872333150253,0.0,0.8104056892785962,0.3536457127313491,1.5138513895931882,1529.551605346097,0.0,
1282.0,0.36385494417824954,1.4925373134321074,0.0,0.0002008887233315027,0.0,0.810109448168094,0.35366455285533105,1.5138702297171702,1529.5706408617887,0.0,
1284.0,0.3638549441781395,1.4925373134321367,0.0,0.00020088872333150285,0.0,0.8098132070575919,0.35368339820604133,1.5138890750678804,1529.5896816584154,0.0,
1286.0,0.3638549441780339,1.492537313432165,0.0,0.000200888723331503,0.0,0.8095169659470897,0.3537022487873045,1.5139079256491437,1529.6087277398412,0.0,
1288.0,0.3638549441779325,1.4925373134321918,0.0,0.00020088872333150312,0.0,0.8092207248365875,0.3537211046029495,1.5139267814647888,1529.6277791099349,0.0,
1290.0,0.3638549441778352,1.4925373134322177,0.0,0.00020088872333150326,0.0,0.8089244837260853,0.3537399656568095,1.5139456425186486,1529.6468357725691,0.0,
1292.0,0.3638549441777418,1.4925373134322426,0.0,0.0002008887233315034,0.0,0.8086282426155831,0.35375883195272173,1.513964508814561,1529.6658977316215,0.0,
1294.0,0.3638549441776521,1.4925373134322664,0.0,0.00020088872333150353,0.0,0.8083320015050809,0.35377770349452775,1.513983380356367,1529.6849649909725,0.0,
1296.0,0.363854944177566,1.4925373134322892,0.0,0.00020088872333150364,0.0,0.8080357603945787,0.35379658028607336,1.5140022571479126,1529.7040375545091,0.0,
1298.0,0.3638549441774833,1.4925373134323112,0.0,0.00020088872333150375,0.0,0.8077395192840765,0.3538154623312085,1.5140211391930476,1529.7231154261196,0.0,
1300.0,0.36385494417740394,1.4925373134323323,0.0,0.00020088872333150386,0.0,0.8074432781735743,0.3538343496337874,1.5140400264956266,1529.7421986096995,0.0,
1302.0,0.3638549441773277,1.4925373134323525,0.0,0.00020088872333150397,0.0,0.8071470370630721,0.35385324219766856,1.5140589190595077,1529.7612871091471,0.0,
1304.0,0.36385494417725456,1.4925373134323718,0.0,0.00020088872333150407,0.0,0.8068507959525699,0.35387214002671474,1.5140778168885538,1529.7803809283644,0.0,
1306.0,0.36385494417718434,1.4925373134323905,0.0,0.00020088872333150418,0.0,0.8065545548420677,0.35389104312479275,1.514096719986632,1529.799480071259,0.0,
1308.0,0.36385494417711695,1.4925373134324085,0.0,0.00020088872333150426,0.0,0.8062583137315655,0.35390995149577387,1.5141156283576132,1529.8185845417424,0.0,
1310.0,0.3638549441770522,1.4925373134324256,0.0,0.00020088872333150434,0.0,0.8059620726210633,0.3539288651435337,1.514134542005373,1529.8376943437302,0.0,
1312.0,0.3638549441769901,1.492537313432442,0.0,0.00020088872333150443,0.0,0.8056658315105611,0.35394778407195193,1.5141534609337912,1529.8568094811426,0.0,
1314.0,0.3638549441769305,1.4925373134324578,0.0,0.0002008887233315045,0.0,0.805369590400059,0.3539667082849126,1.514172385146752,1529.8759299579033,0.0,
1316.0,0.36385494417687325,1.4925373134324729,0.0,0.0002008887233315046,0.0,0.8050733492895568,0.35398563778630415,1.5141913146481434,1529.8950557779415,0.0,
1318.0,0.3638549441768183,1.4925373134324875,0.0,0.00020088872333150467,0.0,0.8047771081790546,0.3540045725800191,1.5142102494418583,1529.9141869451898,0.0,
1320.0,0.3638549441767655,1.4925373134325015,0.0,0.00020088872333150475,0.0,0.8044808670685524,0.35402351266995447,1.5142291895317936,1529.9333234635858,0.0,
1322.0,0.3638549441767148,1.492537313432515,0.0,0.00020088872333150483,0.0,0.8041846259580502,0.3540424580600114,1.5142481349218506,1529.9524653370715,0.0,
1324.0,0.3638549441766662,1.492537313432528,0.0,0.0002008887233315049,0.0,0.803888384847548,0.3540614087540956,1.5142670856159348,1529.9716125695925,0.0,
1326.0,0.3638549441766195,1.4925373134325404,0.0,0.00020088872333150494,0.0,0.8035921437370458,0.3540803647561167,1.5142860416179558,1529.9907651650992,0.0,
1328.0,0.3638549441765747,1.4925373134325521,0.0,0.000200888723331505,0.0,0.8032959026265436,0.35409932606998906,1.5143050029318281,1530.0099231275467,0.0,
1330.0,0.3638549441765317,1.4925373134325635,0.0,0.00020088872333150505,0.0,0.8029996615160414,0.35411829269963113,1.5143239695614703,1530.0290864608942,0.0,
1332.0,0.3638549441764904,1.4925373134325743,0.0,0.0002008887233315051,0.0,0.8027034204055392,0.35413726464896583,1.514342941510805,1530.0482551691048,0.0,
1334.0,0.36385494417645076,1.4925373134325848,0.0,0.00020088872333150516,0.0,0.802407179295037,0.35415624192192036,1.5143619187837596,1530.0674292561466,0.0,
1336.0,0.3638549441764127,1.4925373134325948,0.0,0.0002008887233315052,0.0,0.8021109381845348,0.3541752245224262,1.5143809013842653,1530.0866087259922,0.0,
1338.0,0.36385494417637615,1.4925373134326045,0.0,0.00020088872333150527,0.0,0.8018146970740326,0.35419421245441934,1.5143998893162585,1530.1057935826184,0.0,
1340.0,0.36385494417634107,1.4925373134326139,0.0,0.00020088872333150532,0.0,0.8015184559635304,0.35421320572184,1.5144188825836793,1530.124983830006,0.0,
1342.0,0.36385494417630737,1.4925373134326227,0.0,0.00020088872333150537,0.0,0.8012222148530282,0.35423220432863284,1.514437881190472,1530.1441794721402,0.0,
1344.0,0.36385494417627506,1.4925373134326314,0.0,0.00020088872333150543,0.0,0.800925973742526,0.3542512082787469,1.514456885140586,1530.1633805130116,0.0,
1346.0,0.36385494417624403,1.4925373134326396,0.0,0.00020088872333150548,0.0,0.8006297326320239,0.3542702175761356,1.5144758944379748,1530.1825869566144,0.0,
1348.0,0.3638549441762142,1.4925373134326476,0.0,0.00020088872333150554,0.0,0.8003334915215217,0.35428923222475667,1.5144949090865958,1530.2017988069474,0.0,
1350.0,0.36385494417618564,1.4925373134326552,0.0,0.00020088872333150556,0.0,0.8000372504110195,0.35430825222857226,1.5145139290904115,1530.221016068014,0.0,
1352.0,0.36385494417615816,1.4925373134326625,0.0,0.0002008887233315056,0.0,0.7997410093005173,0.3543272775915491,1.5145329544533883,1530.2402387438221,0.0,
1354.0,0.3638549441761318,1.4925373134326694,0.0,0.00020088872333150562,0.0,0.7994447681900151,0.354346308317658,1.5145519851794973,1530.2594668383833,0.0,
1356.0,0.3638549441761065,1.492537313432676,0.0,0.00020088872333150565,0.0,0.7991485270795129,0.3543653444108745,1.5145710212727137,1530.2787003557146,0.0,
1358.0,0.36385494417608216,1.4925373134326825,0.0,0.00020088872333150567,0.0,0.7988522859690107,0.35438438587517845,1.5145900627370177,1530.2979392998373,0.0,
1360.0,0.36385494417605885,1.4925373134326887,0.0,0.0002008887233315057,0.0,0.7985560448585085,0.35440343271455405,1.5146091095763932,1530.3171836747765,0.0,
1362.0,0.3638549441760365,1.4925373134326947,0.0,0.00020088872333150573,0.0,0.7982598037480063,0.35442248493298995,1.5146281617948292,1530.3364334845626,0.0,
1364.0,0.363854944176015,1.4925373134327005,0.0,0.00020088872333150575,0.0,0.7979635626375041,0.3544415425344794,1.5146472193963185,1530.35568873323,0.0,
1366.0,0.36385494417599434,1.4925373134327058,0.0,0.00020088872333150578,0.0,0.7976673215270019,0.35446060552301994,1.5146662823848591,1530.3749494248177,0.0,
1368.0,0.3638549441759745,1.4925373134327111,0.0,0.0002008887233315058,0.0,0.7973710804164997,0.35447967390261353,1.5146853507644527,1530.3942155633697,0.0,
1370.0,0.3638549441759555,1.4925373134327162,0.0,0.00020088872333150584,0.0,0.7970748393059975,0.35449874767726675,1.514704424539106,1530.4134871529336,0.0,
1372.0,0.3638549441759372,1.4925373134327211,0.0,0.00020088872333150586,0.0,0.7967785981954953,0.35451782685099054,1.5147235037128297,1530.432764197562,0.0,
1374.0,0.3638549441759197,1.4925373134327258,0.0,0.0002008887233315059,0.0,0.7964823570849932,0.3545369114278003,1.5147425882896395,1530.452046701312,0.0,
1376.0,0.36385494417590286,1.4925373134327302,0.0,0.00020088872333150592,0.0,0.796186115974491,0.35455600141171606,1.5147616782735553,1530.4713346682452,0.0,
1378.0,0.3638549441758867,1.4925373134327344,0.0,0.00020088872333150594,0.0,0.7958898748639888,0.35457509680676214,1.5147807736686014,1530.4906281024278,0.0,
1380.0,0.3638549441758712,1.4925373134327384,0.0,0.00020088872333150597,0.0,0.7955936337534866,0.3545941976169675,1.5147998744788067,1530.5099270079306,0.0,
1382.0,0.36385494417585634,1.4925373134327424,0.0,0.000200888723331506,0.0,0.7952973926429844,0.35461330384636547,1.5148189807082046,1530.5292313888287,0.0,
1384.0,0.3638549441758421,1.4925373134327462,0.0,0.00020088872333150603,0.0,0.7950011515324822,0.354632415498994,1.514838092360833,1530.548541249202,0.0,
1386.0,0.36385494417582837,1.4925373134327498,0.0,0.00020088872333150605,0.0,0.79470491042198,0.3546515325788956,1.5148572094407349,1530.5678565931348,0.0,
1388.0,0.3638549441758152,1.4925373134327533,0.0,0.00020088872333150608,0.0,0.7944086693114778,0.354670655090117,1.5148763319519563,1530.5871774247157,0.0,
1390.0,0.36385494417580255,1.4925373134327566,0.0,0.0002008887233315061,0.0,0.7941124282009756,0.3546897830367099,1.5148954598985491,1530.6065037480384,0.0,
1392.0,0.3638549441757904,1.4925373134327597,0.0,0.00020088872333150613,0.0,0.7938161870904734,0.35470891642273017,1.5149145932845693,1530.6258355672014,0.0,
1394.0,0.36385494417577874,1.4925373134327629,0.0,0.00020088872333150616,0.0,0.7935199459799712,0.35472805525223844,1.5149337321140777,1530.645172886307,0.0,
1396.0,0.3638549441757676,1.4925373134327657,0.0,0.0002008887233315062,0.0,0.793223704869469,0.3547471995292998,1.514952876391139,1530.6645157094622,0.0,
1398.0,0.36385494417575687,1.4925373134327686,0.0,0.00020088872333150621,0.0,0.7929274637589668,0.35476634925798384,1.514972026119823,1530.683864040779,0.0,
1400.0,0.36385494417574654,1.4925373134327713,0.0,0.00020088872333150621,0.0,0.7926312226484646,0.3547855044423648,1.514991181304204,1530.7032178843745,0.0,
1402.0,0.36385494417573666,1.492537313432774,0.0,0.00020088872333150621,0.0,0.7923349815379624,0.35480466508652153,1.5150103419483607,1530.722577244369,0.0,
1404.0,0.36385494417572717,1.4925373134327764,0.0,0.00020088872333150621,0.0,0.7920387404274603,0.3548238311945373,1.5150295080563765,1530.7419421248883,0.0,
1406.0,0.36385494417571806,1.4925373134327788,0.0,0.00020088872333150621,0.0,0.7917424993169581,0.3548430027705002,1.5150486796323392,1530.7613125300632,0.0,
1408.0,0.3638549441757093,1.492537313432781,0.0,0.00020088872333150621,0.0,0.7914462582064559,0.3548621798185025,1.5150678566803417,1530.7806884640286,0.0,
1410.0,0.3638549441757009,1.4925373134327833,0.0,0.00020088872333150621,0.0,0.7911500170959537,0.35488136234264156,1.5150870392044806,1530.8000699309234,0.0,
1412.0,0.36385494417569286,1.4925373134327855,0.0,0.00020088872333150621,0.0,0.7908537759854515,0.354900550347019,1.5151062272088582,1530.819456934893,0.0,
1414.0,0.3638549441756851,1.4925373134327875,0.0,0.00020088872333150621,0.0,0.7905575348749493,0.3549197438357412,1.5151254206975804,1530.8388494800852,0.0,
1416.0,0.36385494417567765,1.4925373134327895,0.0,0.00020088872333150621,0.0,0.7902612937644471,0.3549389428129191,1.5151446196747582,1530.8582475706542,0.0,
1418.0,0.3638549441756705,1.4925373134327913,0.0,0.00020088872333150621,0.0,0.7899650526539449,0.3549581472826683,1.5151638241445073,1530.8776512107581,0.0,
1420.0,0.3638549441756636,1.492537313432793,0.0,0.00020088872333150621,0.0,0.7896688115434427,0.35497735724910895,1.515183034110948,1530.8970604045603,0.0,
1422.0,0.363854944175657,1.4925373134327948,0.0,0.00020088872333150621,0.0,0.7893725704329405,0.3549965727163659,1.5152022495782052,1530.9164751562278,0.0,
1424.0,0.3638549441756507,1.4925373134327964,0.0,0.00020088872333150621,0.0,0.7890763293224383,0.3550157936885687,1.515221470550408,1530.935895469933,0.0,
1426.0,0.3638549441756446,1.492537313432798,0.0,0.00020088872333150621,0.0,0.7887800882119361,0.35503502016985156,1.5152406970316907,1530.955321349853,0.0,
1428.0,0.3638549441756388,1.4925373134327995,0.0,0.00020088872333150621,0.0,0.7884838471014339,0.3550542521643532,1.5152599290261923,1530.97475280017,0.0,
1430.0,0.3638549441756332,1.492537313432801,0.0,0.00020088872333150621,0.0,0.7881876059909317,0.355073489676217,1.515279166538056,1530.99418982507,0.0,
1432.0,0.3638549441756278,1.4925373134328024,0.0,0.00020088872333150621,0.0,0.7878913648804295,0.3550927327095912,1.5152984095714304,1531.013632428744,0.0,
1434.0,0.36385494417562264,1.4925373134328037,0.0,0.00020088872333150621,0.0,0.7875951237699274,0.3551119812686286,1.5153176581304677,1531.0330806153881,0.0,
1436.0,0.3638549441756177,1.492537313432805,0.0,0.00020088872333150621,0.0,0.7872988826594252,0.3551312353574867,1.5153369122193259,1531.052534389203,0.0,
1438.0,0.363854944175613,1.4925373134328064,0.0,0.00020088872333150621,0.0,0.787002641548923,0.35515049498032764,1.5153561718421669,1531.071993754394,0.0,
1440.0,0.36385494417560843,1.4925373134328075,0.0,0.00020088872333150621,0.0,0.7867064004384208,0.3551697601413184,1.5153754370031576,1531.0914587151708,0.0,
1442.0,0.36385494417560404,1.4925373134328086,0.0,0.00020088872333150621,0.0,0.7864101593279186,0.3551890308446306,1.5153947077064698,1531.1109292757487,0.0,
1444.0,0.3638549441755998,1.4925373134328097,0.0,0.00020088872333150621,0.0,0.7861139182174164,0.35520830709444046,1.5154139839562797,1531.1304054403477,0.0,
1446.0,0.3638549441755958,1.4925373134328108,0.0,0.00020088872333150621,0.0,0.7858176771069142,0.3552275888949291,1.5154332657567682,1531.1498872131915,0.0,
1448.0,0.3638549441755919,1.492537313432812,0.0,0.00020088872333150621,0.0,0.785521435996412,0.3552468762502824,1.5154525531121215,1531.1693745985096,0.0,
1450.0,0.36385494417558817,1.4925373134328128,0.0,0.00020088872333150621,0.0,0.7852251948859098,0.3552661691646906,1.5154718460265297,1531.188867600536,0.0,
1452.0,0.3638549441755846,1.4925373134328137,0.0,0.00020088872333150621,0.0,0.7849289537754076,0.35528546764234914,1.5154911445041883,1531.2083662235093,0.0,
1454.0,0.3638549441755812,1.4925373134328146,0.0,0.00020088872333150621,0.0,0.7846327126649054,0.35530477168745794,1.5155104485492972,1531.227870471673,0.0,
1456.0,0.3638549441755779,1.4925373134328155,0.0,0.00020088872333150621,0.0,0.7843364715544032,0.35532408130422183,1.515529758166061,1531.2473803492758,0.0,
1458.0,0.36385494417557473,1.4925373134328164,0.0,0.00020088872333150621,0.0,0.784040230443901,0.35534339649685026,1.5155490733586894,1531.266895860571,0.0,
1460.0,0.3638549441755717,1.4925373134328173,0.0,0.00020088872333150621,0.0,0.7837439893333988,0.35536271726955754,1.5155683941313967,1531.2864170098155,0.0,
1462.0,0.3638549441755688,1.492537313432818,0.0,0.00020088872333150621,0.0,0.7834477482228966,0.3553820436265628,1.515587720488402,1531.305943801274,0.0,
1464.0,0.363854944175566,1.4925373134328186,0.0,0.00020088872333150621,0.0,0.7831515071123945,0.3554013755720898,1.515607052433929,1531.325476239212,0.0,
1466.0,0.36385494417556336,1.4925373134328193,0.0,0.00020088872333150621,0.0,0.7828552660018923,0.35542071311036727,1.5156263899722064,1531.3450143279038,0.0,
1468.0,0.3638549441755608,1.49253731343282,0.0,0.00020088872333150621,0.0,0.7825590248913901,0.35544005624562874,1.515645733107468,1531.3645580716257,0.0,
1470.0,0.36385494417555836,1.4925373134328206,0.0,0.00020088872333150621,0.0,0.7822627837808879,0.3554594049821123,1.5156650818439514,1531.3841074746606,0.0,
1472.0,0.36385494417555597,1.4925373134328213,0.0,0.00020088872333150621,0.0,0.7819665426703857,0.35547875932406114,1.5156844361859003,1531.403662541295,0.0,
1474.0,0.3638549441755537,1.492537313432822,0.0,0.00020088872333150621,0.0,0.7816703015598835,0.35549811927572306,1.5157037961375621,1531.423223275821,0.0,
1476.0,0.36385494417555153,1.4925373134328226,0.0,0.00020088872333150621,0.0,0.7813740604493813,0.35551748484135093,1.51572316170319,1531.4427896825362,0.0,
1478.0,0.3638549441755494,1.492537313432823,0.0,0.00020088872333150621,0.0,0.7810778193388791,0.3555368560252022,1.5157425328870413,1531.4623617657412,0.0,
1480.0,0.3638549441755474,1.4925373134328235,0.0,0.00020088872333150621,0.0,0.7807815782283769,0.3555562328315393,1.5157619096933785,1531.4819395297432,0.0,
1482.0,0.3638549441755455,1.492537313432824,0.0,0.00020088872333150621,0.0,0.7804853371178747,0.35557561526462955,1.5157812921264686,1531.5015229788532,0.0,
1484.0,0.36385494417554365,1.4925373134328244,0.0,0.00020088872333150621,0.0,0.7801890960073725,0.35559500332874505,1.5158006801905841,1531.5211121173886,0.0,
1486.0,0.3638549441755419,1.4925373134328248,0.0,0.00020088872333150621,0.0,0.7798928548968703,0.3556143970281628,1.515820073890002,1531.54070694967,0.0,
1488.0,0.36385494417554015,1.4925373134328253,0.0,0.00020088872333150621,0.0,0.7795966137863681,0.35563379636716463,1.515839473229004,1531.5603074800238,0.0,
1490.0,0.3638549441755385,1.4925373134328257,0.0,0.00020088872333150621,0.0,0.7793003726758659,0.3556532013500373,1.5158588782118765,1531.5799137127813,0.0,
1492.0,0.36385494417553693,1.4925373134328261,0.0,0.00020088872333150621,0.0,0.7790041315653637,0.3556726119810724,1.5158782888429116,1531.5995256522785,0.0,
1494.0,0.36385494417553543,1.4925373134328266,0.0,0.00020088872333150621,0.0,0.7787078904548616,0.35569202826456653,1.5158977051264058,1531.6191433028569,0.0,
1496.0,0.363854944175534,1.492537313432827,0.0,0.00020088872333150621,0.0,0.7784116493443594,0.3557114502048211,1.5159171270666603,1531.6387666688615,0.0,
1498.0,0.3638549441755326,1.4925373134328275,0.0,0.00020088872333150621,0.0,0.7781154082338572,0.3557308778061425,1.5159365546679817,1531.6583957546447,0.0,
1500.0,0.36385494417553127,1.492537313432828,0.0,0.00020088872333150621,0.0,0.777819167123355,0.3557503110728419,1.5159559879346811,1531.6780305645618,0.0,
1502.0,0.36385494417553,1.4925373134328281,0.0,0.00020088872333150621,0.0,0.7775229260128528,0.3557697500092355,1.5159754268710748,1531.6976711029738,0.0,
1504.0,0.36385494417552877,1.4925373134328284,0.0,0.00020088872333150621,0.0,0.7772266849023506,0.3557891946196445,1.5159948714814837,1531.7173173742462,0.0,
1506.0,0.3638549441755276,1.4925373134328286,0.0,0.00020088872333150621,0.0,0.7769304437918484,0.3558086449083949,1.516014321770234,1531.7369693827504,0.0,
1508.0,0.36385494417552644,1.4925373134328288,0.0,0.00020088872333150621,0.0,0.7766342026813462,0.3558281008798178,1.516033777741657,1531.7566271328626,0.0,
1510.0,0.36385494417552533,1.492537313432829,0.0,0.00020088872333150621,0.0,0.776337961570844,0.35584756253824906,1.5160532394000883,1531.7762906289634,0.0,
1512.0,0.3638549441755243,1.4925373134328292,0.0,0.00020088872333150621,0.0,0.7760417204603418,0.35586702988802965,1.516072706749869,1531.7959598754387,0.0,
1514.0,0.3638549441755233,1.4925373134328295,0.0,0.00020088872333150621,0.0,0.7757454793498396,0.35588650293350554,1.5160921797953446,1531.8156348766793,0.0,
1516.0,0.36385494417552233,1.4925373134328297,0.0,0.00020088872333150621,0.0,0.7754492382393374,0.35590598167902754,1.5161116585408667,1531.8353156370815,0.0,
1518.0,0.3638549441755214,1.49253731343283,0.0,0.00020088872333150621,0.0,0.7751529971288352,0.3559254661289515,1.5161311429907907,1531.8550021610465,0.0,
1520.0,0.3638549441755205,1.4925373134328301,0.0,0.00020088872333150621,0.0,0.774856756018333,0.3559449562876384,1.5161506331494776,1531.8746944529803,0.0,
1522.0,0.36385494417551967,1.4925373134328304,0.0,0.00020088872333150621,0.0,0.7745605149078308,0.35596445215945394,1.5161701290212932,1531.8943925172937,0.0,
1524.0,0.36385494417551884,1.4925373134328306,0.0,0.00020088872333150621,0.0,0.7742642737973287,0.3559839537487691,1.5161896306106082,1531.9140963584025,0.0,
1526.0,0.36385494417551806,1.4925373134328308,0.0,0.00020088872333150621,0.0,0.7739680326868265,0.35600346105995984,1.516209137921799,1531.9338059807294,0.0,
1528.0,0.3638549441755173,1.492537313432831,0.0,0.00020088872333150621,0.0,0.7736717915763243,0.356022974097407,1.5162286509592462,1531.9535213887002,0.0,
1530.0,0.36385494417551656,1.4925373134328312,0.0,0.00020088872333150621,0.0,0.7733755504658221,0.3560424928654965,1.5162481697273356,1531.9732425867455,0.0,
1532.0,0.36385494417551584,1.4925373134328315,0.0,0.00020088872333150621,0.0,0.7730793093553199,0.3560620173686193,1.5162676942304585,1531.9929695793028,0.0,
1534.0,0.36385494417551517,1.4925373134328317,0.0,0.00020088872333150621,0.0,0.7727830682448177,0.3560815476111716,1.5162872244730108,1532.0127023708135,0.0,
1536.0,0.3638549441755145,1.492537313432832,0.0,0.00020088872333150621,0.0,0.7724868271343155,0.3561010835975543,1.5163067604593936,1532.0324409657237,0.0,
1538.0,0.3638549441755139,1.4925373134328321,0.0,0.00020088872333150621,0.0,0.7721905860238133,0.35612062533217376,1.516326302194013,1532.052185368486,0.0,
1540.0,0.3638549441755133,1.4925373134328324,0.0,0.00020088872333150621,0.0,0.7718943449133111,0.356140172819441,1.51634584968128,1532.0719355835568,0.0,
1542.0,0.36385494417551273,1.4925373134328326,0.0,0.00020088872333150621,0.0,0.7715981038028089,0.35615972606377244,1.5163654029256117,1532.091691615399,0.0,
1544.0,0.3638549441755122,1.4925373134328328,0.0,0.00020088872333150621,0.0,0.7713018626923067,0.3561792850695895,1.5163849619314287,1532.1114534684793,0.0,
1546.0,0.3638549441755117,1.492537313432833,0.0,0.00020088872333150621,0.0,0.7710056215818045,0.3561988498413186,1.5164045267031578,1532.1312211472703,0.0,
1548.0,0.3638549441755112,1.4925373134328332,0.0,0.00020088872333150621,0.0,0.7707093804713023,0.35621842038339147,1.5164240972452305,1532.1509946562487,0.0,
1550.0,0.3638549441755107,1.4925373134328332,0.0,0.00020088872333150621,0.0,0.7704131393608001,0.3562379967002446,1.5164436735620839,1532.170773999899,0.0,
1552.0,0.36385494417551023,1.4925373134328332,0.0,0.00020088872333150621,0.0,0.7701168982502979,0.3562575787963199,1.5164632556581592,1532.1905591827074,0.0,
1554.0,0.3638549441755098,1.4925373134328332,0.0,0.00020088872333150621,0.0,0.7698206571397957,0.3562771666760644,1.5164828435379036,1532.210350209168,0.0,
1556.0,0.36385494417550934,1.4925373134328332,0.0,0.00020088872333150621,0.0,0.7695244160292936,0.35629676034393004,1.5165024372057692,1532.230147083778,0.0,
1558.0,0.36385494417550895,1.4925373134328332,0.0,0.00020088872333150621,0.0,0.7692281749187914,0.35631635980437415,1.5165220366662133,1532.249949811042,0.0,
1560.0,0.36385494417550857,1.4925373134328332,0.0,0.00020088872333150621,0.0,0.7689319338082892,0.35633596506185905,1.5165416419236981,1532.269758395468,0.0,
1562.0,0.3638549441755082,1.4925373134328332,0.0,0.00020088872333150621,0.0,0.768635692697787,0.3563555761208523,1.5165612529826915,1532.2895728415704,0.0,
1564.0,0.3638549441755078,1.4925373134328332,0.0,0.00020088872333150621,0.0,0.7683394515872848,0.35637519298582654,1.5165808698476657,1532.3093931538674,0.0,
1566.0,0.36385494417550746,1.4925373134328332,0.0,0.00020088872333150621,0.0,0.7680432104767826,0.3563948156612597,1.516600492523099,1532.329219336884,0.0,
1568.0,0.3638549441755071,1.4925373134328332,0.0,0.00020088872333150621,0.0,0.7677469693662804,0.35641444415163476,1.516620121013474,1532.3490513951494,0.0,
1570.0,0.3638549441755068,1.4925373134328332,0.0,0.00020088872333150621,0.0,0.7674507282557782,0.3564340784614401,1.5166397553232793,1532.368889333199,0.0,
1572.0,0.36385494417550646,1.4925373134328332,0.0,0.00020088872333150621,0.0,0.767154487145276,0.35645371859516894,1.516659395457008,1532.3887331555716,0.0,
1574.0,0.3638549441755062,1.4925373134328332,0.0,0.00020088872333150621,0.0,0.7668582460347738,0.3564733645573201,1.5166790414191593,1532.408582866814,0.0,
1576.0,0.3638549441755059,1.4925373134328332,0.0,0.00020088872333150621,0.0,0.7665620049242716,0.35649301635239733,1.5166986932142366,1532.4284384714756,0.0,
1578.0,0.3638549441755056,1.4925373134328332,0.0,0.00020088872333150621,0.0,0.7662657638137694,0.3565126739849097,1.5167183508467488,1532.4482999741124,0.0,
1580.0,0.36385494417550535,1.4925373134328332,0.0,0.00020088872333150621,0.0,0.7659695227032672,0.35653233745937163,1.5167380143212108,1532.4681673792863,0.0,
1582.0,0.3638549441755051,1.4925373134328332,0.0,0.00020088872333150621,0.0,0.765673281592765,0.3565520067803026,1.5167576836421417,1532.4880406915631,0.0,
1584.0,0.3638549441755049,1.4925373134328332,0.0,0.00020088872333150621,0.0,0.7653770404822628,0.3565716819522273,1.5167773588140665,1532.5079199155148,0.0,
1586.0,0.3638549441755047,1.4925373134328332,0.0,0.00020088872333150621,0.0,0.7650807993717607,0.356591362979676,1.5167970398415151,1532.5278050557179,0.0,
1588.0,0.36385494417550446,1.4925373134328332,0.0,0.00020088872333150621,0.0,0.7647845582612585,0.3566110498671838,1.516816726729023,1532.547696116755,0.0,
1590.0,0.36385494417550424,1.4925373134328332,0.0,0.00020088872333150621,0.0,0.7644883171507563,0.35663074271898887,1.5168364195808282,1532.5675932039458,0.0,
1592.0,0.363854944175504,1.4925373134328332,0.0,0.00020088872333150621,0.0,0.7641920760402541,0.35665044134141083,1.51685611820325,1532.5874961216005,0.0,
1594.0,0.36385494417550385,1.4925373134328332,0.0,0.00020088872333150621,0.0,0.7638958349297519,0.35667014583754275,1.516875822699382,1532.6074049738818,0.0,
1596.0,0.3638549441755037,1.4925373134328332,0.0,0.00020088872333150621,0.0,0.7635995938192497,0.3566898562119411,1.5168955330737803,1532.627319765393,0.0,
1598.0,0.3638549441755035,1.4925373134328332,0.0,0.00020088872333150621,0.0,0.7633033527087475,0.3567095724691678,1.516915249331007,1532.647240500744,0.0,
1600.0,0.36385494417550335,1.4925373134328332,0.0,0.00020088872333150621,0.0,0.7630071115982453,0.35672929461379005,1.5169349714756293,1532.6671671845486,0.0,
1602.0,0.3638549441755032,1.4925373134328332,0.0,0.00020088872333150621,0.0,0.7627108704877431,0.3567490226503804,1.5169546995122196,1532.6870998214272,0.0,
1604.0,0.363854944175503,1.4925373134328332,0.0,0.00020088872333150621,0.0,0.7624146293772409,0.3567687565835166,1.5169744334453557,1532.7070384160052,0.0,
1606.0,0.36385494417550285,1.4925373134328332,0.0,0.00020088872333150621,0.0,0.7621183882667387,0.35678849641778193,1.516994173279621,1532.726982972913,0.0,
1608.0,0.3638549441755027,1.4925373134328332,0.0,0.00020088872333150621,0.0,0.7618221471562365,0.35680824215776485,1.5170139190196041,1532.746933496787,0.0,
1610.0,0.3638549441755025,1.4925373134328332,0.0,0.00020088872333150621,0.0,0.7615259060457343,0.35682799380805924,1.5170336706698984,1532.7668899922685,0.0,
1612.0,0.3638549441755024,1.4925373134328332,0.0,0.00020088872333150621,0.0,0.7612296649352321,0.3568477513732644,1.5170534282351036,1532.7868524640046,0.0,
1614.0,0.3638549441755023,1.4925373134328332,0.0,0.00020088872333150621,0.0,0.76093342382473,0.35686751485798496,1.5170731917198241,1532.8068209166477,0.0,
1616.0,0.3638549441755022,1.4925373134328332,0.0,0.00020088872333150621,0.0,0.7606371827142278,0.35688728426683075,1.5170929611286699,1532.826795354855,0.0,
1618.0,0.36385494417550207,1.4925373134328332,0.0,0.00020088872333150621,0.0,0.7603409416037256,0.35690705960441726,1.5171127364662564,1532.8467757832905,0.0,
1620.0,0.36385494417550196,1.4925373134328332,0.0,0.00020088872333150621,0.0,0.7600447004932234,0.35692684087536536,1.5171325177372046,1532.8667622066228,0.0,
1622.0,0.36385494417550185,1.4925373134328332,0.0,0.00020088872333150621,0.0,0.7597484593827212,0.35694662808430105,1.5171523049461402,1532.8867546295255,0.0,
1624.0,0.36385494417550174,1.4925373134328332,0.0,0.00020088872333150621,0.0,0.759452218272219,0.35696642123585604,1.5171720980976953,1532.906753056679,0.0,
1626.0,0.3638549441755016,1.4925373134328332,0.0,0.00020088872333150621,0.0,0.7591559771617168,0.35698622033466726,1.5171918971965064,1532.9267574927678,0.0,
1628.0,0.3638549441755015,1.4925373134328332,0.0,0.00020088872333150621,0.0,0.7588597360512146,0.35700602538537723,1.5172117022472165,1532.946767942483,0.0,
1630.0,0.3638549441755014,1.4925373134328332,0.0,0.00020088872333150621,0.0,0.7585634949407124,0.35702583639263386,1.5172315132544731,1532.96678441052,0.0,
1632.0,0.3638549441755013,1.4925373134328332,0.0,0.00020088872333150621,0.0,0.7582672538302102,0.3570456533610904,1.5172513302229296,1532.9868069015808,0.0,
1634.0,0.3638549441755012,1.4925373134328332,0.0,0.00020088872333150621,0.0,0.757971012719708,0.35706547629540564,1.517271153157245,1533.0068354203727,0.0,
1636.0,0.36385494417550107,1.4925373134328332,0.0,0.00020088872333150621,0.0,0.7576747716092058,0.3570853052002438,1.517290982062083,1533.026869971608,0.0,
1638.0,0.363854944175501,1.4925373134328332,0.0,0.00020088872333150621,0.0,0.7573785304987036,0.35710514008027466,1.517310816942114,1533.0469105600052,0.0,
1640.0,0.36385494417550096,1.4925373134328332,0.0,0.00020088872333150621,0.0,0.7570822893882014,0.35712498094017336,1.5173306578020125,1533.0669571902872,0.0,
1642.0,0.3638549441755009,1.4925373134328332,0.0,0.00020088872333150621,0.0,0.7567860482776992,0.35714482778462064,1.51735050464646,1533.0870098671844,0.0,
1644.0,0.36385494417550085,1.4925373134328332,0.0,0.00020088872333150621,0.0,0.756489807167197,0.35716468061830275,1.5173703574801418,1533.1070685954305,0.0,
1646.0,0.3638549441755008,1.4925373134328332,0.0,0.00020088872333150621,0.0,0.7561935660566949,0.3571845394459112,1.5173902163077504,1533.1271333797665,0.0,
1648.0,0.36385494417550074,1.4925373134328332,0.0,0.00020088872333150621,0.0,0.7558973249461927,0.3572044042721434,1.5174100811339826,1533.1472042249382,0.0,
1650.0,0.3638549441755007,1.4925373134328332,0.0,0.00020088872333150621,0.0,0.7556010838356905,0.3572242751017019,1.517429951963541,1533.1672811356966,0.0,
1652.0,0.3638549441755006,1.4925373134328332,0.0,0.00020088872333150621,0.0,0.7553048427251883,0.3572441519392951,1.5174498288011342,1533.1873641167997,0.0,
1654.0,0.36385494417550057,1.4925373134328332,0.0,0.00020088872333150621,0.0,0.7550086016146861,0.35726403478963675,1.517469711651476,1533.2074531730098,0.0,
1656.0,0.3638549441755005,1.4925373134328332,0.0,0.00020088872333150621,0.0,0.7547123605041839,0.35728392365744616,1.5174896005192853,1533.2275483090948,0.0,
1658.0,0.36385494417550046,1.4925373134328332,0.0,0.00020088872333150621,0.0,0.7544161193936817,0.35730381854744836,1.5175094954092876,1533.247649529829,0.0,
1660.0,0.3638549441755004,1.4925373134328332,0.0,0.00020088872333150621,0.0,0.7541198782831795,0.3573237194643737,1.5175293963262129,1533.2677568399918,0.0,
1662.0,0.36385494417550035,1.4925373134328332,0.0,0.00020088872333150621,0.0,0.7538236371726773,0.3573436264129583,1.5175493032747975,1533.2878702443684,0.0,
1664.0,0.3638549441755003,1.4925373134328332,0.0,0.00020088872333150621,0.0,0.7535273960621751,0.35736353939794385,1.5175692162597831,1533.30798974775,0.0,
1666.0,0.36385494417550024,1.4925373134328332,0.0,0.00020088872333150621,0.0,0.7532311549516729,0.35738345842407754,1.5175891352859168,1533.3281153549326,0.0,
1668.0,0.3638549441755002,1.4925373134328332,0.0,0.00020088872333150621,0.0,0.7529349138411707,0.35740338349611217,1.5176090603579513,1533.3482470707181,0.0,
1670.0,0.36385494417550013,1.4925373134328332,0.0,0.00020088872333150621,0.0,0.7526386727306685,0.3574233146188062,1.5176289914806453,1533.368384899915,0.0,
1672.0,0.3638549441755001,1.4925373134328332,0.0,0.00020088872333150621,0.0,0.7523424316201663,0.3574432517969238,1.5176489286587629,1533.3885288473364,0.0,
1674.0,0.3638549441755,1.4925373134328332,0.0,0.00020088872333150621,0.0,0.7520461905096641,0.3574631950352346,1.517668871897074,1533.4086789178018,0.0,
1676.0,0.36385494417549996,1.4925373134328332,0.0,0.00020088872333150621,0.0,0.751749949399162,0.3574831443385139,1.517688821200353,1533.4288351161354,0.0,
1678.0,0.3638549441754999,1.4925373134328332,0.0,0.00020088872333150621,0.0,0.7514537082886598,0.3575030997115427,1.5177087765733819,1533.4489974471683,0.0,
1680.0,0.36385494417549985,1.4925373134328332,0.0,0.00020088872333150621,0.0,0.7511574671781576,0.35752306115910765,1.5177287380209468,1533.4691659157365,0.0,
1682.0,0.3638549441754998,1.4925373134328332,0.0,0.00020088872333150621,0.0,0.7508612260676554,0.3575430286860011,1.5177487055478402,1533.489340526682,0.0,
1684.0,0.36385494417549974,1.4925373134328332,0.0,0.00020088872333150621,0.0,0.7505649849571532,0.35756300229702087,1.51776867915886,1533.5095212848528,0.0,
1686.0,0.36385494417549974,1.4925373134328332,0.0,0.00020088872333150621,0.0,0.750268743846651,0.3575829819969708,1.5177886588588099,1533.529708195102,0.0,
1688.0,0.36385494417549974,1.4925373134328332,0.0,0.00020088872333150621,0.0,0.7499725027361488,0.35760296779066014,1.5178086446524992,1533.5499012622897,0.0,
1690.0,0.36385494417549974,1.4925373134328332,0.0,0.00020088872333150621,0.0,0.7496762616256466,0.35762295968290403,1.517828636544743,1533.5701004912796,0.0,
1692.0,0.36385494417549974,1.4925373134328332,0.0,0.00020088872333150621,0.0,0.7493800205151444,0.35764295767852317,1.5178486345403623,1533.5903058869437,0.0,
1694.0,0.36385494417549974,1.4925373134328332,0.0,0.00020088872333150621,0.0,0.7490837794046422,0.357662961782344,1.517868638644183,1533.6105174541576,0.0,
1696.0,0.36385494417549974,1.4925373134328332,0.0,0.00020088872333150621,0.0,0.74878753829414,0.3576829719991988,1.517888648861038,1533.630735197804,0.0,
1698.0,0.36385494417549974,1.4925373134328332,0.0,0.00020088872333150621,0.0,0.7484912971836378,0.3577029883339254,1.5179086651957645,1533.6509591227707,0.0,
1700.0,0.36385494417549974,1.4925373134328332,0.0,0.00020088872333150621,0.0,0.7481950560731356,0.35772301079136765,1.5179286876532068,1533.6711892339524,0.0,
1702.0,0.36385494417549974,1.4925373134328332,0.0,0.00020088872333150621,0.0,0.7478988149626334,0.3577430393763748,1.517948716238214,1533.691425536248,0.0,
1704.0,0.36385494417549974,1.4925373134328332,0.0,0.00020088872333150621,0.0,0.7476025738521312,0.35776307409380226,1.5179687509556414,1533.7116680345637,0.0,
1706.0,0.36385494417549974,1.4925373134328332,0.0,0.00020088872333150621,0.0,0.747306332741629,0.35778311494851084,1.51798879181035,1533.7319167338103,0.0,
1708.0,0.36385494417549974,1.4925373134328332,0.0,0.00020088872333150621,0.0,0.7470100916311269,0.35780316194536743,1.5180088388072066,1533.7521716389056,0.0,
1710.0,0.36385494417549974,1.4925373134328332,0.0,0.00020088872333150621,0.0,0.7467138505206247,0.35782321508924453,1.5180288919510836,1533.772432754772,0.0,
1712.0,0.36385494417549974,1.4925373134328332,0.0,0.00020088872333150621,0.0,0.7464176094101225,0.3578432743850205,1.5180489512468596,1533.7927000863394,0.0,
1714.0,0.36385494417549974,1.4925373134328332,0.0,0.00020088872333150621,0.0,0.7461213682996203,0.3578633398375795,1.5180690166994186,1533.8129736385415,0.0,
1716.0,0.36385494417549974,1.4925373134328332,0.0,0.00020088872333150621,0.0,0.7458251271891181,0.35788341145181146,1.5180890883136506,1533.8332534163198,0.0,
1718.0,0.36385494417549974,1.4925373134328332,0.0,0.00020088872333150621,0.0,0.7455288860786159,0.3579034892326123,1.5181091660944515,1533.8535394246212,0.0,
1720.0,0.36385494417549974,1.4925373134328332,0.0,0.00020088872333150621,0.0,0.7452326449681137,0.35792357318488355,1.5181292500467227,1533.873831668397,0.0,
1722.0,0.36385494417549974,1.4925373134328332,0.0,0.00020088872333150621,0.0,0.7449364038576115,0.3579436633135328,1.5181493401753718,1533.8941301526063,0.0,
1724.0,0.36385494417549974,1.4925373134328332,0.0,0.00020088872333150621,0.0,0.7446401627471093,0.3579637596234733,1.5181694364853124,1533.9144348822135,0.0,
1726.0,0.36385494417549974,1.4925373134328332,0.0,0.00020088872333150621,0.0,0.7443439216366071,0.35798386211962435,1.5181895389814635,1533.9347458621883,0.0,
1728.0,0.36385494417549974,1.4925373134328332,0.0,0.00020088872333150621,0.0,0.7440476805261049,0.35800397080691104,1.51820964766875,1533.955063097508,0.0,
1730.0,0.36385494417549974,1.4925373134328332,0.0,0.00020088872333150621,0.0,0.7437514394156027,0.35802408569026434,1.5182297625521035,1533.9753865931534,0.0,
1732.0,0.36385494417549974,1.4925373134328332,0.0,0.00020088872333150621,0.0,0.7434551983051005,0.35804420677462107,1.5182498836364602,1533.995716354113,0.0,
1734.0,0.36385494417549974,1.4925373134328332,0.0,0.00020088872333150621,0.0,0.7431589571945983,0.3580643340649241,1.5182700109267633,1534.0160523853815,0.0,
1736.0,0.36385494417549974,1.4925373134328332,0.0,0.00020088872333150621,0.0,0.7428627160840962,0.358084467566122,1.5182901444279613,1534.0363946919583,0.0,
1738.0,0.36385494417549974,1.4925373134328332,0.0,0.00020088872333150621,0.0,0.742566474973594,0.35810460728316945,1.5183102841450087,1534.0567432788491,0.0,
1740.0,0.36385494417549974,1.4925373134328332,0.0,0.00020088872333150621,0.0,0.7422702338630918,0.35812475322102694,1.5183304300828662,1534.0770981510664,0.0,
1742.0,0.36385494417549974,1.4925373134328332,0.0,0.00020088872333150621,0.0,0.7419739927525896,0.358144905384661,1.5183505822465002,1534.097459313628,0.0,
1744.0,0.36385494417549974,1.4925373134328332,0.0,0.00020088872333150621,0.0,0.7416777516420874,0.35816506377904395,1.518370740640883,1534.117826771558,0.0,
1746.0,0.36385494417549974,1.4925373134328332,0.0,0.00020088872333150621,0.0,0.7413815105315852,0.3581852284091543,1.5183909052709934,1534.1382005298863,0.0,
1748.0,0.36385494417549974,1.4925373134328332,0.0,0.00020088872333150621,0.0,0.741085269421083,0.35820539927997636,1.5184110761418155,1534.1585805936488,0.0,
1750.0,0.36385494417549974,1.4925373134328332,0.0,0.00020088872333150621,0.0,0.7407890283105808,0.35822557639650043,1.5184312532583395,1534.1789669678876,0.0,
1752.0,0.36385494417549974,1.4925373134328332,0.0,0.00020088872333150621,0.0,0.7404927872000786,0.3582457597637229,1.5184514366255621,1534.1993596576515,0.0,
1754.0,0.36385494417549974,1.4925373134328332,0.0,0.00020088872333150621,0.0,0.7401965460895764,0.3582659493866462,1.5184716262484854,1534.2197586679943,0.0,
1756.0,0.36385494417549974,1.4925373134328332,0.0,0.00020088872333150621,0.0,0.7399003049790742,0.35828614527027836,1.5184918221321175,1534.240164003976,0.0,
1758.0,0.36385494417549974,1.4925373134328332,0.0,0.00020088872333150621,0.0,0.739604063868572,0.3583063474196339,1.5185120242814731,1534.260575670663,0.0,
1760.0,0.36385494417549974,1.4925373134328332,0.0,0.00020088872333150621,0.0,0.7393078227580698,0.35832655583973316,1.5185322327015724,1534.2809936731283,0.0,
1762.0,0.36385494417549974,1.4925373134328332,0.0,0.00020088872333150621,0.0,0.7390115816475676,0.35834677053560265,1.5185524473974419,1534.3014180164498,0.0,
1764.0,0.36385494417549974,1.4925373134328332,0.0,0.00020088872333150621,0.0,0.7387153405370654,0.35836699151227464,1.5185726683741139,1534.321848705712,0.0,
1766.0,0.36385494417549974,1.4925373134328332,0.0,0.00020088872333150621,0.0,0.7384190994265633,0.3583872187747878,1.518592895636627,1534.3422857460066,0.0,
1768.0,0.36385494417549974,1.4925373134328332,0.0,0.00020088872333150621,0.0,0.7381228583160611,0.35840745232818666,1.5186131291900258,1534.3627291424293,0.0,
1770.0,0.36385494417549974,1.4925373134328332,0.0,0.00020088872333150621,0.0,0.7378266172055589,0.35842769217752185,1.518633369039361,1534.3831789000844,0.0,
1772.0,0.36385494417549974,1.4925373134328332,0.0,0.00020088872333150621,0.0,0.7375303760950567,0.3584479383278501,1.5186536151896892,1534.4036350240801,0.0,
1774.0,0.36385494417549974,1.4925373134328332,0.0,0.00020088872333150621,0.0,0.7372341349845545,0.3584681907842343,1.5186738676460736,1534.4240975195326,0.0,
1776.0,0.36385494417549974,1.4925373134328332,0.0,0.00020088872333150621,0.0,0.7369378938740523,0.35848844955174336,1.5186941264135825,1534.4445663915621,0.0,
1778.0,0.36385494417549974,1.4925373134328332,0.0,0.00020088872333150621,0.0,0.7366416527635501,0.35850871463545225,1.5187143914972914,1534.4650416452973,0.0,
1780.0,0.36385494417549974,1.4925373134328332,0.0,0.00020088872333150621,0.0,0.7363454116530479,0.35852898604044225,1.5187346629022815,1534.4855232858717,0.0,
1782.0,0.36385494417549974,1.4925373134328332,0.0,0.00020088872333150621,0.0,0.7360491705425457,0.35854926377180063,1.5187549406336398,1534.506011318426,0.0,
1784.0,0.36385494417549974,1.4925373134328332,0.0,0.00020088872333150621,0.0,0.7357529294320435,0.35856954783462086,1.51877522469646,1534.5265057481056,0.0,
1786.0,0.36385494417549974,1.4925373134328332,0.0,0.00020088872333150621,0.0,0.7354566883215413,0.3585898382340025,1.5187955150958417,1534.5470065800637,0.0,
1788.0,0.36385494417549974,1.4925373134328332,0.0,0.00020088872333150621,0.0,0.7351604472110391,0.3586101349750514,1.5188158118368906,1534.5675138194586,0.0,
1790.0,0.36385494417549974,1.4925373134328332,0.0,0.00020088872333150621,0.0,0.7348642061005369,0.3586304380628794,1.5188361149247187,1534.5880274714555,0.0,
1792.0,0.36385494417549974,1.4925373134328332,0.0,0.00020088872333150621,0.0,0.7345679649900347,0.3586507475026047,1.5188564243644438,1534.608547541225,0.0,
1794.0,0.36385494417549974,1.4925373134328332,0.0,0.00020088872333150621,0.0,0.7342717238795325,0.3586710632993517,1.518876740161191,1534.6290740339455,0.0,
1796.0,0.36385494417549974,1.4925373134328332,0.0,0.00020088872333150621,0.0,0.7339754827690304,0.35869138545825074,1.51889706232009,1534.6496069548,0.0,
1798.0,0.36385494417549974,1.4925373134328332,0.0,0.00020088872333150621,0.0,0.7336792416585282,0.3587117139844387,1.5189173908462779,1534.670146308979,0.0,
1800.0,0.36385494417549974,1.4925373134328332,0.0,0.00020088872333150621,0.0,0.733383000548026,0.3587320488830585,1.5189377257448977,1534.6906921016782,0.0,
1802.0,0.36385494417549974,1.4925373134328332,0.0,0.00020088872333150621,0.0,0.7330867594375238,0.3587523901592593,1.5189580670210985,1534.7112443381013,0.0,
1804.0,0.36385494417549974,1.4925373134328332,0.0,0.00020088872333150621,0.0,0.7327905183270216,0.3587727378181966,1.5189784146800358,1534.7318030234558,0.0,
1806.0,0.36385494417549974,1.4925373134328332,0.0,0.00020088872333150621,0.0,0.7324942772165194,0.35879309186503205,1.5189987687268711,1534.752368162958,0.0,
1808.0,0.36385494417549974,1.4925373134328332,0.0,0.00020088872333150621,0.0,0.7321980361060172,0.3588134523049336,1.5190191291667727,1534.772939761829,0.0,
1810.0,0.36385494417549974,1.4925373134328332,0.0,0.00020088872333150621,0.0,0.731901794995515,0.3588338191430756,1.5190394960049147,1534.7935178252967,0.0,
1812.0,0.36385494417549974,1.4925373134328332,0.0,0.00020088872333150621,0.0,0.7316055538850128,0.35885419238463845,1.5190598692464776,1534.8141023585954,0.0,
1814.0,0.36385494417549974,1.4925373134328332,0.0,0.00020088872333150621,0.0,0.7313093127745106,0.358874572034809,1.5190802488966482,1534.8346933669663,0.0,
1816.0,0.36385494417549974,1.4925373134328332,0.0,0.00020088872333150621,0.0,0.7310130716640084,0.3588949580987804,1.5191006349606195,1534.855290855655,0.0,
1818.0,0.36385494417549974,1.4925373134328332,0.0,0.00020088872333150621,0.0,0.7307168305535062,0.358915350581752,1.5191210274435911,1534.8758948299162,0.0,
1820.0,0.36385494417549974,1.4925373134328332,0.0,0.00020088872333150621,0.0,0.730420589443004,0.3589357494889296,1.5191414263507688,1534.8965052950093,0.0,
1822.0,0.36385494417549974,1.4925373134328332,0.0,0.00020088872333150621,0.0,0.7301243483325018,0.35895615482552534,1.5191618316873645,1534.9171222561995,0.0,
1824.0,0.36385494417549974,1.4925373134328332,0.0,0.00020088872333150621,0.0,0.7298281072219996,0.3589765665967576,1.5191822434585969,1534.9377457187609,0.0,
1826.0,0.36385494417549974,1.4925373134328332,0.0,0.00020088872333150621,0.0,0.7295318661114975,0.3589969848078512,1.5192026616696903,1534.9583756879713,0.0,
1828.0,0.36385494417549974,1.4925373134328332,0.0,0.00020088872333150621,0.0,0.7292356250009953,0.35901740946403726,1.5192230863258764,1534.9790121691162,0.0,
1830.0,0.36385494417549974,1.4925373134328332,0.0,0.00020088872333150621,0.0,0.7289393838904931,0.3590378405705534,1.5192435174323926,1534.9996551674885,0.0,
1832.0,0.36385494417549974,1.4925373134328332,0.0,0.00020088872333150621,0.0,0.7286431427799909,0.35905827813264346,1.5192639549944826,1535.0203046883853,0.0,
1834.0,0.36385494417549974,1.4925373134328332,0.0,0.00020088872333150621,0.0,0.7283469016694887,0.35907872215555786,1.519284399017397,1535.040960737112,0.0,
1836.0,0.36385494417549974,1.4925373134328332,0.0,0.00020088872333150621,0.0,0.7280506605589865,0.35909917264455327,1.5193048495063926,1535.06162331898,0.0,
1838.0,0.36385494417549974,1.4925373134328332,0.0,0.00020088872333150621,0.0,0.7277544194484843,0.35911962960489285,1.519325306466732,1535.0822924393062,0.0,
1840.0,0.36385494417549974,1.4925373134328332,0.0,0.00020088872333150621,0.0,0.7274581783379821,0.35914009304184613,1.5193457699036854,1535.1029681034156,0.0,
1842.0,0.36385494417549974,1.4925373134328332,0.0,0.00020088872333150621,0.0,0.7271619372274799,0.3591605629606892,1.5193662398225285,1535.123650316639,0.0,
1844.0,0.36385494417549974,1.4925373134328332,0.0,0.00020088872333150621,0.0,0.7268656961169777,0.35918103936670454,1.5193867162285437,1535.1443390843128,0.0,
1846.0,0.36385494417549974,1.4925373134328332,0.0,0.00020088872333150621,0.0,0.7265694550064755,0.359201522265181,1.5194071991270202,1535.1650344117818,0.0,
1848.0,0.36385494417549974,1.4925373134328332,0.0,0.00020088872333150621,0.0,0.7262732138959733,0.35922201166141404,1.5194276885232532,1535.1857363043955,0.0,
1850.0,0.36385494417549974,1.4925373134328332,0.0,0.00020088872333150621,0.0,0.7259769727854711,0.3592425075607055,1.5194481844225447,1535.2064447675116,0.0,
1852.0,0.36385494417549974,1.4925373134328332,0.0,0.00020088872333150621,0.0,0.7256807316749689,0.3592630099683638,1.519468686830203,1535.2271598064926,0.0,
1854.0,0.36385494417549974,1.4925373134328332,0.0,0.00020088872333150621,0.0,0.7253844905644667,0.35928351888970383,1.519489195751543,1535.2478814267095,0.0,
1856.0,0.36385494417549974,1.4925373134328332,0.0,0.00020088872333150621,0.0,0.7250882494539646,0.35930403433004693,1.519509711191886,1535.268609633538,0.0,
1858.0,0.36385494417549974,1.4925373134328332,0.0,0.00020088872333150621,0.0,0.7247920083434624,0.35932455629472104,1.51953023315656,1535.2893444323618,0.0,
1860.0,0.36385494417549974,1.4925373134328332,0.0,0.00020088872333150621,0.0,0.7244957672329602,0.3593450847890605,1.5195507616508996,1535.31008582857,0.0,
1862.0,0.36385494417549974,1.4925373134328332,0.0,0.00020088872333150621,0.0,0.724199526122458,0.3593656198184065,1.5195712966802457,1535.33083382756,0.0,
1864.0,0.36385494417549974,1.4925373134328332,0.0,0.00020088872333150621,0.0,0.7239032850119558,0.3593861613881065,1.5195918382499456,1535.3515884347337,0.0,
1866.0,0.36385494417549974,1.4925373134328332,0.0,0.00020088872333150621,0.0,0.7236070439014536,0.35940670950351455,1.5196123863653537,1535.372349655502,0.0,
1868.0,0.36385494417549974,1.4925373134328332,0.0,0.00020088872333150621,0.0,0.7233108027909514,0.35942726416999143,1.5196329410318306,1535.39311749528,0.0,
1870.0,0.36385494417549974,1.4925373134328332,0.0,0.00020088872333150621,0.0,0.7230145616804492,0.3594478253929044,1.5196535022547435,1535.4138919594914,0.0,
1872.0,0.36385494417549974,1.4925373134328332,0.0,0.00020088872333150621,0.0,0.722718320569947,0.35946839317762724,1.5196740700394664,1535.4346730535653,0.0,
1874.0,0.36385494417549974,1.4925373134328332,0.0,0.00020088872333150621,0.0,0.7224220794594448,0.3594889675295407,1.51969464439138,1535.4554607829386,0.0,
1876.0,0.36385494417549974,1.4925373134328332,0.0,0.00020088872333150621,0.0,0.7221258383489426,0.3595095484540316,1.5197152253158708,1535.4762551530541,0.0,
1878.0,0.36385494417549974,1.4925373134328332,0.0,0.00020088872333150621,0.0,0.7218295972384404,0.3595301359564939,1.5197358128183331,1535.497056169361,0.0,
1880.0,0.36385494417549974,1.4925373134328332,0.0,0.00020088872333150621,0.0,0.7215333561279382,0.3595507300423279,1.5197564069041671,1535.5178638373159,0.0,
1882.0,0.36385494417549974,1.4925373134328332,0.0,0.00020088872333150621,0.0,0.721237115017436,0.3595713307169406,1.5197770075787798,1535.5386781623822,0.0,
1884.0,0.36385494417549974,1.4925373134328332,0.0,0.00020088872333150621,0.0,0.7209408739069338,0.35959193798574574,1.519797614847585,1535.55949915003,0.0,
1886.0,0.36385494417549974,1.4925373134328332,0.0,0.00020088872333150621,0.0,0.7206446327964317,0.3596125518541637,1.519818228716003,1535.5803268057348,0.0,
1888.0,0.36385494417549974,1.4925373134328332,0.0,0.00020088872333150621,0.0,0.7203483916859295,0.35963317232762154,1.5198388491894608,1535.6011611349809,0.0,
1890.0,0.36385494417549974,1.4925373134328332,0.0,0.00020088872333150621,0.0,0.7200521505754273,0.3596537994115531,1.5198594762733924,1535.622002143258,0.0,
1892.0,0.36385494417549974,1.4925373134328332,0.0,0.00020088872333150621,0.0,0.7197559094649251,0.35967443311139874,1.519880109973238,1535.6428498360635,0.0,
1894.0,0.36385494417549974,1.4925373134328332,0.0,0.00020088872333150621,0.0,0.7194596683544229,0.3596950734326057,1.5199007502944448,1535.6637042189002,0.0,
1896.0,0.36385494417549974,1.4925373134328332,0.0,0.00020088872333150621,0.0,0.7191634272439207,0.35971572038062793,1.5199213972424672,1535.6845652972797,0.0,
1898.0,0.36385494417549974,1.4925373134328332,0.0,0.00020088872333150621,0.0,0.7188671861334185,0.3597363739609261,1.5199420508227652,1535.7054330767187,0.0,
1900.0,0.36385494417549974,1.4925373134328332,0.0,0.00020088872333150621,0.0,0.7185709450229163,0.35975703417896754,1.5199627110408067,1535.726307562741,0.0,
1902.0,0.36385494417549974,1.4925373134328332,0.0,0.00020088872333150621,0.0,0.7182747039124141,0.3597777010402265,1.5199833779020657,1535.7471887608783,0.0,
1904.0,0.36385494417549974,1.4925373134328332,0.0,0.00020088872333150621,0.0,0.7179784628019119,0.35979837455018393,1.520004051412023,1535.7680766766673,0.0,
1906.0,0.36385494417549974,1.4925373134328332,0.0,0.00020088872333150621,0.0,0.7176822216914097,0.3598190547143275,1.5200247315761668,1535.7889713156537,0.0,
1908.0,0.36385494417549974,1.4925373134328332,0.0,0.00020088872333150621,0.0,0.7173859805809075,0.3598397415381519,1.520045418399991,1535.809872683389,0.0,
1910.0,0.36385494417549974,1.4925373134328332,0.0,0.00020088872333150621,0.0,0.7170897394704053,0.35986043502715837,1.5200661118889975,1535.8307807854308,0.0,
1912.0,0.36385494417549974,1.4925373134328332,0.0,0.00020088872333150621,0.0,0.7167934983599031,0.35988113518685505,1.5200868120486943,1535.8516956273454,0.0,
1914.0,0.36385494417549974,1.4925373134328332,0.0,0.00020088872333150621,0.0,0.7164972572494009,0.35990184202275705,1.5201075188845963,1535.872617214704,0.0,
1916.0,0.36385494417549974,1.4925373134328332,0.0,0.00020088872333150621,0.0,0.7162010161388987,0.3599225555403861,1.5201282324022254,1535.8935455530864,0.0,
1918.0,0.36385494417549974,1.4925373134328332,0.0,0.00020088872333150621,0.0,0.7159047750283966,0.359943275745271,1.5201489526071101,1535.9144806480783,0.0,
1920.0,0.36385494417549974,1.4925373134328332,0.0,0.00020088872333150621,0.0,0.7156085339178944,0.3599640026429472,1.5201696795047863,1535.9354225052725,0.0,
1922.0,0.36385494417549974,1.4925373134328332,0.0,0.00020088872333150621,0.0,0.7153122928073922,0.3599847362389572,1.5201904131007964,1535.9563711302694,0.0,
1924.0,0.36385494417549974,1.4925373134328332,0.0,0.00020088872333150621,0.0,0.71501605169689,0.36000547653885034,1.5202111534006895,1535.9773265286758,0.0,
1926.0,0.36385494417549974,1.4925373134328332,0.0,0.00020088872333150621,0.0,0.7147198105863878,0.3600262235481828,1.520231900410022,1535.9982887061053,0.0,
1928.0,0.36385494417549974,1.4925373134328332,0.0,0.00020088872333150621,0.0,0.7144235694758856,0.3600469772725178,1.5202526541343568,1536.019257668179,0.0,
1930.0,0.36385494417549974,1.4925373134328332,0.0,0.00020088872333150621,0.0,0.7141273283653834,0.3600677377174253,1.5202734145792645,1536.0402334205246,0.0,
1932.0,0.36385494417549974,1.4925373134328332,0.0,0.00020088872333150621,0.0,0.7138310872548812,0.3600885048884823,1.5202941817503215,1536.0612159687767,0.0,
1934.0,0.36385494417549974,1.4925373134328332,0.0,0.00020088872333150621,0.0,0.713534846144379,0.3601092787912728,1.520314955653112,1536.0822053185773,0.0,
1936.0,0.36385494417549974,1.4925373134328332,0.0,0.00020088872333150621,0.0,0.7132386050338768,0.36013005943138765,1.5203357362932268,1536.1032014755758,0.0,
1938.0,0.36385494417549974,1.4925373134328332,0.0,0.00020088872333150621,0.0,0.7129423639233746,0.3601508468144248,1.520356523676264,1536.124204445427,0.0,
1940.0,0.36385494417549974,1.4925373134328332,0.0,0.00020088872333150621,0.0,0.7126461228128724,0.36017164094598897,1.5203773178078281,1536.145214233795,0.0,
1942.0,0.36385494417549974,1.4925373134328332,0.0,0.00020088872333150621,0.0,0.7123498817023702,0.360192441831692,1.5203981186935311,1536.1662308463492,0.0,
1944.0,0.36385494417549974,1.4925373134328332,0.0,0.00020088872333150621,0.0,0.712053640591868,0.3602132494771528,1.520418926338992,1536.187254288767,0.0,
1946.0,0.36385494417549974,1.4925373134328332,0.0,0.00020088872333150621,0.0,0.7117573994813658,0.3602340638879972,1.5204397407498365,1536.2082845667323,0.0,
1948.0,0.36385494417549974,1.4925373134328332,0.0,0.00020088872333150621,0.0,0.7114611583708637,0.3602548850698581,1.5204605619316973,1536.2293216859366,0.0,
1950.0,0.36385494417549974,1.4925373134328332,0.0,0.00020088872333150621,0.0,0.7111649172603615,0.36027571302837536,1.5204813898902145,1536.2503656520782,0.0,
1952.0,0.36385494417549974,1.4925373134328332,0.0,0.00020088872333150621,0.0,0.7108686761498593,0.36029654776919595,1.5205022246310351,1536.271416470863,0.0,
1954.0,0.36385494417549974,1.4925373134328332,0.0,0.00020088872333150621,0.0,0.7105724350393571,0.36031738929797397,1.5205230661598133,1536.2924741480033,0.0,
1956.0,0.36385494417549974,1.4925373134328332,0.0,0.00020088872333150621,0.0,0.7102761939288549,0.3603382376203704,1.5205439144822097,1536.3135386892188,0.0,
1958.0,0.36385494417549974,1.4925373134328332,0.0,0.00020088872333150621,0.0,0.7099799528183527,0.3603590927420537,1.5205647696038929,1536.3346101002364,0.0,
1960.0,0.36385494417549974,1.4925373134328332,0.0,0.00020088872333150621,0.0,0.7096837117078505,0.3603799546686988,1.520585631530538,1536.3556883867911,0.0,
1962.0,0.36385494417549974,1.4925373134328332,0.0,0.00020088872333150621,0.0,0.7093874705973483,0.36040082340598834,1.5206065002678275,1536.3767735546232,0.0,
1964.0,0.36385494417549974,1.4925373134328332,0.0,0.00020088872333150621,0.0,0.7090912294868461,0.36042169895961174,1.5206273758214508,1536.397865609482,0.0,
1966.0,0.36385494417549974,1.4925373134328332,0.0,0.00020088872333150621,0.0,0.7087949883763439,0.3604425813352657,1.5206482581971048,1536.418964557123,0.0,
1968.0,0.36385494417549974,1.4925373134328332,0.0,0.00020088872333150621,0.0,0.7084987472658417,0.3604634705386539,1.5206691474004932,1536.4400704033085,0.0,
1970.0,0.36385494417549974,1.4925373134328332,0.0,0.00020088872333150621,0.0,0.7082025061553395,0.36048436657548744,1.5206900434373265,1536.4611831538093,0.0,
1972.0,0.36385494417549974,1.4925373134328332,0.0,0.00020088872333150621,0.0,0.7079062650448373,0.3605052694514843,1.5207109463133235,1536.4823028144033,0.0,
1974.0,0.36385494417549974,1.4925373134328332,0.0,0.00020088872333150621,0.0,0.7076100239343351,0.3605261791723699,1.5207318560342091,1536.5034293908743,0.0,
1976.0,0.36385494417549974,1.4925373134328332,0.0,0.00020088872333150621,0.0,0.707313782823833,0.36054709574387667,1.520752772605716,1536.5245628890145,0.0,
1978.0,0.36385494417549974,1.4925373134328332,0.0,0.00020088872333150621,0.0,0.7070175417133308,0.36056801917174436,1.5207736960335836,1536.5457033146233,0.0,
1980.0,0.36385494417549974,1.4925373134328332,0.0,0.00020088872333150621,0.0,0.7067213006028286,0.3605889494617199,1.520794626323559,1536.566850673507,0.0,
1982.0,0.36385494417549974,1.4925373134328332,0.0,0.00020088872333150621,0.0,0.7064250594923264,0.3606098866195573,1.5208155634813965,1536.5880049714794,0.0,
1984.0,0.36385494417549974,1.4925373134328332,0.0,0.00020088872333150621,0.0,0.7061288183818242,0.36063083065101803,1.5208365075128571,1536.609166214362,0.0,
1986.0,0.36385494417549974,1.4925373134328332,0.0,0.00020088872333150621,0.0,0.705832577271322,0.3606517815618707,1.5208574584237098,1536.6303344079827,0.0,
1988.0,0.36385494417549974,1.4925373134328332,0.0,0.00020088872333150621,0.0,0.7055363361608198,0.36067273935789135,1.5208784162197306,1536.6515095581783,0.0,
1990.0,0.36385494417549974,1.4925373134328332,0.0,0.00020088872333150621,0.0,0.7052400950503176,0.36069370404486295,1.5208993809067022,1536.6726916707908,0.0,
1992.0,0.36385494417549974,1.4925373134328332,0.0,0.00020088872333150621,0.0,0.7049438539398154,0.3607146756285761,1.5209203524904154,1536.693880751671,0.0,
1994.0,0.36385494417549974,1.4925373134328332,0.0,0.00020088872333150621,0.0,0.7046476128293132,0.36073565411482855,1.5209413309766677,1536.7150768066772,0.0,
1996.0,0.36385494417549974,1.4925373134328332,0.0,0.00020088872333150621,0.0,0.704351371718811,0.36075663950942544,1.5209623163712647,1536.7362798416748,0.0,
1998.0,0.36385494417549974,1.4925373134328332,0.0,0.00020088872333150621,0.0,0.7040551306083088,0.36077763181817907,1.5209833086800182,1536.7574898625357,0.0,
2000.0,0.36385494417549974,1.4925373134328332,0.0,0.00020088872333150621,0.0,0.7037588894978066,0.3607986310469094,1.5210043079087485,1536.778706875141,0.0,
2002.0,0.36385494417549974,1.4925373134328332,0.0,0.00020088872333150621,0.0,0.7034626483873044,0.3608196372014433,1.5210253140632826,1536.799930885378,0.0,
2004.0,0.36385494417549974,1.4925373134328332,0.0,0.00020088872333150621,0.0,0.7031664072768022,0.3608406502876153,1.5210463271494545,1536.8211618991409,0.0,
2006.0,0.36385494417549974,1.4925373134328332,0.0,0.00020088872333150621,0.0,0.7028701661663,0.36086167031126737,1.5210673471731064,1536.8423999223326,0.0,
2008.0,0.36385494417549974,1.4925373134328332,0.0,0.00020088872333150621,0.0,0.7025739250557979,0.3608826972782486,1.5210883741400878,1536.8636449608637,0.0,
2010.0,0.36385494417549974,1.4925373134328332,0.0,0.00020088872333150621,0.0,0.7022776839452957,0.3609037311944157,1.5211094080562548,1536.8848970206504,0.0,
2012.0,0.36385494417549974,1.4925373134328332,0.0,0.00020088872333150621,0.0,0.7019814428347935,0.3609247720656327,1.521130448927472,1536.9061561076185,0.0,
2014.0,0.36385494417549974,1.4925373134328332,0.0,0.00020088872333150621,0.0,0.7016852017242913,0.36094581989777114,1.5211514967596103,1536.9274222276997,0.0,
2016.0,0.36385494417549974,1.4925373134328332,0.0,0.00020088872333150621,0.0,0.7013889606137891,0.36096687469670985,1.521172551558549,1536.9486953868345,0.0,
2018.0,0.36385494417549974,1.4925373134328332,0.0,0.00020088872333150621,0.0,0.7010927195032869,0.3609879364683352,1.5211936133301744,1536.9699755909699,0.0,
2020.0,0.36385494417549974,1.4925373134328332,0.0,0.00020088872333150621,0.0,0.7007964783927847,0.3610090052185412,1.5212146820803805,1536.9912628460606,0.0,
2022.0,0.36385494417549974,1.4925373134328332,0.0,0.00020088872333150621,0.0,0.7005002372822825,0.3610300809532289,1.5212357578150681,1537.01255715807,0.0,
2024.0,0.36385494417549974,1.4925373134328332,0.0,0.00020088872333150621,0.0,0.7002039961717803,0.3610511636783072,1.5212568405401463,1537.033858532967,0.0,
2026.0,0.36385494417549974,1.4925373134328332,0.0,0.00020088872333150621,0.0,0.6999077550612781,0.36107225339969246,1.5212779302615316,1537.0551669767303,0.0,
2028.0,0.36385494417549974,1.4925373134328332,0.0,0.00020088872333150621,0.0,0.6996115139507759,0.3610933501233084,1.5212990269851476,1537.0764824953449,0.0,
2030.0,0.36385494417549974,1.4925373134328332,0.0,0.00020088872333150621,0.0,0.6993152728402737,0.36111445385508645,1.5213201307169257,1537.0978050948033,0.0,
2032.0,0.36385494417549974,1.4925373134328332,0.0,0.00020088872333150621,0.0,0.6990190317297715,0.36113556460096546,1.5213412414628047,1537.1191347811064,0.0,
2034.0,0.36385494417549974,1.4925373134328332,0.0,0.00020088872333150621,0.0,0.6987227906192693,0.3611566823668918,1.5213623592287309,1537.1404715602616,0.0,
2036.0,0.36385494417549974,1.4925373134328332,0.0,0.00020088872333150621,0.0,0.6984265495087671,0.3611778071588196,1.5213834840206588,1537.1618154382857,0.0,
2038.0,0.36385494417549974,1.4925373134328332,0.0,0.00020088872333150621,0.0,0.698130308398265,0.3611989389827103,1.5214046158445496,1537.1831664212013,0.0,
2040.0,0.36385494417549974,1.4925373134328332,0.0,0.00020088872333150621,0.0,0.6978340672877628,0.36122007784453325,1.5214257547063725,1537.2045245150398,0.0,
2042.0,0.36385494417549974,1.4925373134328332,0.0,0.00020088872333150621,0.0,0.6975378261772606,0.3612412237502651,1.5214469006121043,1537.2258897258398,0.0,
2044.0,0.36385494417549974,1.4925373134328332,0.0,0.00020088872333150621,0.0,0.6972415850667584,0.3612623767058902,1.5214680535677294,1537.2472620596477,0.0,
2046.0,0.36385494417549974,1.4925373134328332,0.0,0.00020088872333150621,0.0,0.6969453439562562,0.36128353671740066,1.5214892135792397,1537.2686415225178,0.0,
2048.0,0.36385494417549974,1.4925373134328332,0.0,0.00020088872333150621,0.0,0.696649102845754,0.3613047037907961,1.5215103806526353,1537.2900281205127,0.0,
2050.0,0.36385494417549974,1.4925373134328332,0.0,0.00020088872333150621,0.0,0.6963528617352518,0.36132587793208387,1.521531554793923,1537.3114218597007,0.0,
2052.0,0.36385494417549974,1.4925373134328332,0.0,0.00020088872333150621,0.0,0.6960566206247496,0.361347059147279,1.5215527360091181,1537.3328227461598,0.0,
2054.0,0.36385494417549974,1.4925373134328332,0.0,0.00020088872333150621,0.0,0.6957603795142474,0.3613682474424041,1.5215739243042432,1537.3542307859752,0.0,
2056.0,0.36385494417549974,1.4925373134328332,0.0,0.00020088872333150621,0.0,0.6954641384037452,0.36138944282348956,1.5215951196853288,1537.3756459852402,0.0,
2058.0,0.36385494417549974,1.4925373134328332,0.0,0.00020088872333150621,0.0,0.695167897293243,0.36141064529657346,1.5216163221584127,1537.3970683500545,0.0,
2060.0,0.36385494417549974,1.4925373134328332,0.0,0.00020088872333150621,0.0,0.6948716561827408,0.3614318548677017,1.5216375317295407,1537.4184978865273,0.0,
2062.0,0.36385494417549974,1.4925373134328332,0.0,0.00020088872333150621,0.0,0.6945754150722386,0.36145307154292766,1.5216587484047668,1537.439934600775,0.0,
2064.0,0.36385494417549974,1.4925373134328332,0.0,0.00020088872333150621,0.0,0.6942791739617364,0.36147429532831266,1.521679972190152,1537.4613784989215,0.0,
2066.0,0.36385494417549974,1.4925373134328332,0.0,0.00020088872333150621,0.0,0.6939829328512342,0.3614955262299258,1.521701203091765,1537.4828295870986,0.0,
2068.0,0.36385494417549974,1.4925373134328332,0.0,0.00020088872333150621,0.0,0.693686691740732,0.36151676425384394,1.521722441115683,1537.5042878714462,0.0,
2070.0,0.36385494417549974,1.4925373134328332,0.0,0.00020088872333150621,0.0,0.6933904506302299,0.36153800940615155,1.5217436862679907,1537.5257533581128,0.0,
2072.0,0.36385494417549974,1.4925373134328332,0.0,0.00020088872333150621,0.0,0.6930942095197277,0.36155926169294117,1.5217649385547805,1537.547226053253,0.0,
2074.0,0.36385494417549974,1.4925373134328332,0.0,0.00020088872333150621,0.0,0.6927979684092255,0.3615805211203129,1.521786197982152,1537.5687059630304,0.0,
2076.0,0.36385494417549974,1.4925373134328332,0.0,0.00020088872333150621,0.0,0.6925017272987233,0.36160178769437495,1.521807464556214,1537.5901930936168,0.0,
2078.0,0.36385494417549974,1.4925373134328332,0.0,0.00020088872333150621,0.0,0.6922054861882211,0.3616230614212431,1.5218287382830822,1537.6116874511915,0.0,
2080.0,0.36385494417549974,1.4925373134328332,0.0,0.00020088872333150621,0.0,0.6919092450777189,0.36164434230704123,1.5218500191688804,1537.633189041942,0.0,
2082.0,0.36385494417549974,1.4925373134328332,0.0,0.00020088872333150621,0.0,0.6916130039672167,0.3616656303579008,1.52187130721974,1537.6546978720628,0.0,
2084.0,0.36385494417549974,1.4925373134328332,0.0,0.00020088872333150621,0.0,0.6913167628567145,0.3616869255799613,1.5218926024418005,1537.6762139477576,0.0,
2086.0,0.36385494417549974,1.4925373134328332,0.0,0.00020088872333150621,0.0,0.6910205217462123,0.3617082279793703,1.5219139048412094,1537.6977372752367,0.0,
2088.0,0.36385494417549974,1.4925373134328332,0.0,0.00020088872333150621,0.0,0.6907242806357101,0.36172953756228293,1.521935214424122,1537.7192678607205,0.0,
2090.0,0.36385494417549974,1.4925373134328332,0.0,0.00020088872333150621,0.0,0.6904280395252079,0.36175085433486254,1.5219565311967018,1537.7408057104358,0.0,
2092.0,0.36385494417549974,1.4925373134328332,0.0,0.00020088872333150621,0.0,0.6901317984147057,0.3617721783032802,1.5219778551651193,1537.7623508306172,0.0,
2094.0,0.36385494417549974,1.4925373134328332,0.0,0.00020088872333150621,0.0,0.6898355573042035,0.3617935094737151,1.5219991863355542,1537.783903227508,0.0,
2096.0,0.36385494417549974,1.4925373134328332,0.0,0.00020088872333150621,0.0,0.6895393161937013,0.3618148478523542,1.5220205247141934,1537.8054629073602,0.0,
2098.0,0.36385494417549974,1.4925373134328332,0.0,0.00020088872333150621,0.0,0.6892430750831992,0.36183619344539275,1.522041870307232,1537.8270298764323,0.0,
2100.0,0.36385494417549974,1.4925373134328332,0.0,0.00020088872333150621,0.0,0.688946833972697,0.3618575462590336,1.5220632231208728,1537.8486041409917,0.0,
2102.0,0.36385494417549974,1.4925373134328332,0.0,0.00020088872333150621,0.0,0.6886505928621948,0.361878906299488,1.5220845831613272,1537.8701857073147,0.0,
2104.0,0.36385494417549974,1.4925373134328332,0.0,0.00020088872333150621,0.0,0.6883543517516926,0.3619002735729747,1.522105950434814,1537.8917745816839,0.0,
2106.0,0.36385494417549974,1.4925373134328332,0.0,0.00020088872333150621,0.0,0.6880581106411904,0.36192164808572114,1.5221273249475604,1537.9133707703913,0.0,
2108.0,0.36385494417549974,1.4925373134328332,0.0,0.00020088872333150621,0.0,0.6877618695306882,0.36194302984396226,1.5221487067058015,1537.934974279737,0.0,
2110.0,0.36385494417549974,1.4925373134328332,0.0,0.00020088872333150621,0.0,0.687465628420186,0.36196441885394137,1.5221700957157804,1537.9565851160285,0.0,
2112.0,0.36385494417549974,1.4925373134328332,0.0,0.00020088872333150621,0.0,0.6871693873096838,0.36198581512190964,1.522191491983749,1537.9782032855821,0.0,
2114.0,0.36385494417549974,1.4925373134328332,0.0,0.00020088872333150621,0.0,0.6868731461991816,0.36200721865412655,1.5222128955159657,1537.9998287947224,0.0,
2116.0,0.36385494417549974,1.4925373134328332,0.0,0.00020088872333150621,0.0,0.6865769050886794,0.36202862945685954,1.5222343063186987,1538.0214616497815,0.0,
2118.0,0.36385494417549974,1.4925373134328332,0.0,0.00020088872333150621,0.0,0.6862806639781772,0.3620500475363841,1.5222557243982233,1538.0431018570998,0.0,
2120.0,0.36385494417549974,1.4925373134328332,0.0,0.00020088872333150621,0.0,0.685984422867675,0.36207147289898406,1.5222771497608232,1538.0647494230266,0.0,
2122.0,0.36385494417549974,1.4925373134328332,0.0,0.00020088872333150621,0.0,0.6856881817571728,0.3620929055509513,1.5222985824127904,1538.0864043539193,0.0,
2124.0,0.36385494417549974,1.4925373134328332,0.0,0.00020088872333150621,0.0,0.6853919406466706,0.36211434549858573,1.522320022360425,1538.108066656143,0.0,
2126.0,0.36385494417549974,1.4925373134328332,0.0,0.00020088872333150621,0.0,0.6850956995361684,0.3621357927481956,1.5223414696100348,1538.129736336071,0.0,
2128.0,0.36385494417549974,1.4925373134328332,0.0,0.00020088872333150621,0.0,0.6847994584256663,0.3621572473060972,1.5223629241679364,1538.1514134000852,0.0,
2130.0,0.36385494417549974,1.4925373134328332,0.0,0.00020088872333150621,0.0,0.6845032173151641,0.36217870917861517,1.5223843860404542,1538.173097854576,0.0,
2132.0,0.36385494417549974,1.4925373134328332,0.0,0.00020088872333150621,0.0,0.6842069762046619,0.36220017837208235,1.5224058552339215,1538.194789705942,0.0,
2134.0,0.36385494417549974,1.4925373134328332,0.0,0.00020088872333150621,0.0,0.6839107350941597,0.3622216548928397,1.5224273317546788,1538.21648896059,0.0,
2136.0,0.36385494417549974,1.4925373134328332,0.0,0.00020088872333150621,0.0,0.6836144939836575,0.36224313874723646,1.5224488156090756,1538.2381956249342,0.0,
2138.0,0.36385494417549974,1.4925373134328332,0.0,0.00020088872333150621,0.0,0.6833182528731553,0.36226462994163017,1.5224703068034693,1538.2599097053992,0.0,
2140.0,0.36385494417549974,1.4925373134328332,0.0,0.00020088872333150621,0.0,0.6830220117626531,0.36228612848238667,1.5224918053442258,1538.2816312084167,0.0,
2142.0,0.36385494417549974,1.4925373134328332,0.0,0.00020088872333150621,0.0,0.6827257706521509,0.36230763437588,1.5225133112377192,1538.3033601404263,0.0,
2144.0,0.36385494417549974,1.4925373134328332,0.0,0.00020088872333150621,0.0,0.6824295295416487,0.3623291476284925,1.5225348244903316,1538.3250965078767,0.0,
2146.0,0.36385494417549974,1.4925373134328332,0.0,0.00020088872333150621,0.0,0.6821332884311465,0.3623506682466149,1.522556345108454,1538.3468403172253,0.0,
2148.0,0.36385494417549974,1.4925373134328332,0.0,0.00020088872333150621,0.0,0.6818370473206443,0.3623721962366462,1.5225778730984854,1538.368591574937,0.0,
2150.0,0.36385494417549974,1.4925373134328332,0.0,0.00020088872333150621,0.0,0.6815408062101421,0.3623937316049938,1.522599408466833,1538.390350287486,0.0,
2152.0,0.36385494417549974,1.4925373134328332,0.0,0.00020088872333150621,0.0,0.6812445650996399,0.36241527435807336,1.5226209512199125,1538.412116461354,0.0,
2154.0,0.36385494417549974,1.4925373134328332,0.0,0.00020088872333150621,0.0,0.6809483239891377,0.36243682450230896,1.522642501364148,1538.433890103032,0.0,
2156.0,0.36385494417549974,1.4925373134328332,0.0,0.00020088872333150621,0.0,0.6806520828786355,0.3624583820441332,1.5226640589059723,1538.4556712190197,0.0,
2158.0,0.36385494417549974,1.4925373134328332,0.0,0.00020088872333150621,0.0,0.6803558417681334,0.3624799469899869,1.522685623851826,1538.477459815824,0.0,
2160.0,0.36385494417549974,1.4925373134328332,0.0,0.00020088872333150621,0.0,0.6800596006576312,0.3625015193463194,1.5227071962081586,1538.4992558999618,0.0,
2162.0,0.36385494417549974,1.4925373134328332,0.0,0.00020088872333150621,0.0,0.679763359547129,0.36252309911958835,1.5227287759814276,1538.5210594779574,0.0,
2164.0,0.36385494417549974,1.4925373134328332,0.0,0.00020088872333150621,0.0,0.6794671184366268,0.3625446863162601,1.5227503631780992,1538.5428705563438,0.0,
2166.0,0.36385494417549974,1.4925373134328332,0.0,0.00020088872333150621,0.0,0.6791708773261246,0.36256628094280896,1.5227719578046481,1538.5646891416632,0.0,
2168.0,0.36385494417549974,1.4925373134328332,0.0,0.00020088872333150621,0.0,0.6788746362156224,0.3625878830057184,1.5227935598675575,1538.5865152404656,0.0,
2170.0,0.36385494417549974,1.4925373134328332,0.0,0.00020088872333150621,0.0,0.6785783951051202,0.36260949251147984,1.522815169373319,1538.6083488593108,0.0,
2172.0,0.36385494417549974,1.4925373134328332,0.0,0.00020088872333150621,0.0,0.678282153994618,0.36263110946659344,1.5228367863284327,1538.6301900047654,0.0,
2174.0,0.36385494417549974,1.4925373134328332,0.0,0.00020088872333150621,0.0,0.6779859128841158,0.3626527338775678,1.522858410739407,1538.6520386834056,0.0,
2176.0,0.36385494417549974,1.4925373134328332,0.0,0.00020088872333150621,0.0,0.6776896717736136,0.3626743657509201,1.5228800426127593,1538.6738949018168,0.0,
2178.0,0.36385494417549974,1.4925373134328332,0.0,0.00020088872333150621,0.0,0.6773934306631114,0.36269600509317607,1.5229016819550152,1538.6957586665917,0.0,
2180.0,0.36385494417549974,1.4925373134328332,0.0,0.00020088872333150621,0.0,0.6770971895526092,0.36271765191087,1.5229233287727093,1538.7176299843327,0.0,
2182.0,0.36385494417549974,1.4925373134328332,0.0,0.00020088872333150621,0.0,0.676800948442107,0.3627393062105448,1.522944983072384,1538.7395088616502,0.0,
2184.0,0.36385494417549974,1.4925373134328332,0.0,0.00020088872333150621,0.0,0.6765047073316048,0.36276096799875185,1.522966644860591,1538.7613953051641,0.0,
2186.0,0.36385494417549974,1.4925373134328332,0.0,0.00020088872333150621,0.0,0.6762084662211026,0.36278263728205123,1.5229883141438905,1538.7832893215023,0.0,
2188.0,0.36385494417549974,1.4925373134328332,0.0,0.00020088872333150621,0.0,0.6759122251106005,0.3628043140670116,1.5230099909288508,1538.8051909173014,0.0,
2190.0,0.36385494417549974,1.4925373134328332,0.0,0.00020088872333150621,0.0,0.6756159840000983,0.36282599836021034,1.5230316752220496,1538.8271000992072,0.0,
2192.0,0.36385494417549974,1.4925373134328332,0.0,0.00020088872333150621,0.0,0.6753197428895961,0.3628476901682335,1.5230533670300728,1538.8490168738742,0.0,
2194.0,0.36385494417549974,1.4925373134328332,0.0,0.00020088872333150621,0.0,0.6750235017790939,0.36286938949767555,1.5230750663595147,1538.8709412479645,0.0,
2196.0,0.36385494417549974,1.4925373134328332,0.0,0.00020088872333150621,0.0,0.6747272606685917,0.36289109635514005,1.5230967732169793,1538.892873228151,0.0,
2198.0,0.36385494417549974,1.4925373134328332,0.0,0.00020088872333150621,0.0,0.6744310195580895,0.3629128107472389,1.523118487609078,1538.9148128211139,0.0,
2200.0,0.36385494417549974,1.4925373134328332,0.0,0.00020088872333150621,0.0,0.6741347784475873,0.36293453268059295,1.5231402095424322,1538.936760033543,0.0,
2202.0,0.36385494417549974,1.4925373134328332,0.0,0.00020088872333150621,0.0,0.6738385373370851,0.36295626216183163,1.5231619390236708,1538.9587148721355,0.0,
2204.0,0.36385494417549974,1.4925373134328332,0.0,0.00020088872333150621,0.0,0.6735422962265829,0.36297799919759327,1.5231836760594324,1538.9806773435994,0.0,
2206.0,0.36385494417549974,1.4925373134328332,0.0,0.00020088872333150621,0.0,0.6732460551160807,0.3629997437945248,1.523205420656364,1539.0026474546507,0.0,
2208.0,0.36385494417549974,1.4925373134328332,0.0,0.00020088872333150621,0.0,0.6729498140055785,0.363021495959282,1.523227172821121,1539.0246252120135,0.0,
2210.0,0.36385494417549974,1.4925373134328332,0.0,0.00020088872333150621,0.0,0.6726535728950763,0.36304325569852947,1.5232489325603686,1539.0466106224223,0.0,
2212.0,0.36385494417549974,1.4925373134328332,0.0,0.00020088872333150621,0.0,0.6723573317845741,0.36306502301894056,1.5232706998807797,1539.068603692619,0.0,
2214.0,0.36385494417549974,1.4925373134328332,0.0,0.00020088872333150621,0.0,0.6720610906740719,0.36308679792719756,1.5232924747890368,1539.0906044293558,0.0,
2216.0,0.36385494417549974,1.4925373134328332,0.0,0.00020088872333150621,0.0,0.6717648495635697,0.36310858042999145,1.5233142572918306,1539.1126128393923,0.0,
2218.0,0.36385494417549974,1.4925373134328332,0.0,0.00020088872333150621,0.0,0.6714686084530676,0.36313037053402214,1.5233360473958613,1539.1346289294984,0.0,
2220.0,0.36385494417549974,1.4925373134328332,0.0,0.00020088872333150621,0.0,0.6711723673425654,0.36315216824599844,1.5233578451078376,1539.1566527064526,0.0,
2222.0,0.36385494417549974,1.4925373134328332,0.0,0.00020088872333150621,0.0,0.6708761262320632,0.363173973572638,1.5233796504344772,1539.1786841770424,0.0,
2224.0,0.36385494417549974,1.4925373134328332,0.0,0.00020088872333150621,0.0,0.670579885121561,0.3631957865206674,1.5234014633825066,1539.200723348063,0.0,
2226.0,0.36385494417549974,1.4925373134328332,0.0,0.00020088872333150621,0.0,0.6702836440110588,0.3632176070968221,1.5234232839586612,1539.2227702263212,0.0,
2228.0,0.36385494417549974,1.4925373134328332,0.0,0.00020088872333150621,0.0,0.6699874029005566,0.3632394353078465,1.5234451121696857,1539.2448248186304,0.0,
2230.0,0.36385494417549974,1.4925373134328332,0.0,0.00020088872333150621,0.0,0.6696911617900544,0.363261271160494,1.5234669480223333,1539.2668871318144,0.0,
2232.0,0.36385494417549974,1.4925373134328332,0.0,0.00020088872333150621,0.0,0.6693949206795522,0.36328311466152696,1.5234887915233661,1539.2889571727055,0.0,
2234.0,0.36385494417549974,1.4925373134328332,0.0,0.00020088872333150621,0.0,0.66909867956905,0.3633049658177167,1.523510642679556,1539.3110349481453,0.0,
2236.0,0.36385494417549974,1.4925373134328332,0.0,0.00020088872333150621,0.0,0.6688024384585478,0.3633268246358434,1.5235325014976826,1539.3331204649842,0.0,
2238.0,0.36385494417549974,1.4925373134328332,0.0,0.00020088872333150621,0.0,0.6685061973480456,0.36334869112269663,1.5235543679845358,1539.3552137300826,0.0,
2240.0,0.36385494417549974,1.4925373134328332,0.0,0.00020088872333150621,0.0,0.6682099562375434,0.36337056528507455,1.5235762421469137,1539.3773147503086,0.0,
2242.0,0.36385494417549974,1.4925373134328332,0.0,0.00020088872333150621,0.0,0.6679137151270412,0.3633924471297847,1.5235981239916239,1539.3994235325408,0.0,
2244.0,0.36385494417549974,1.4925373134328332,0.0,0.00020088872333150621,0.0,0.667617474016539,0.3634143366636434,1.5236200135254825,1539.4215400836658,0.0,
2246.0,0.36385494417549974,1.4925373134328332,0.0,0.00020088872333150621,0.0,0.6673212329060368,0.3634362338934764,1.5236419107553156,1539.4436644105806,0.0,
2248.0,0.36385494417549974,1.4925373134328332,0.0,0.00020088872333150621,0.0,0.6670249917955346,0.3634581388261181,1.5236638156879574,1539.4657965201902,0.0,
2250.0,0.36385494417549974,1.4925373134328332,0.0,0.00020088872333150621,0.0,0.6667287506850325,0.36348005146841245,1.5236857283302516,1539.4879364194096,0.0,
2252.0,0.36385494417549974,1.4925373134328332,0.0,0.00020088872333150621,0.0,0.6664325095745303,0.36350197182721217,1.5237076486890513,1539.5100841151625,0.0,
2254.0,0.36385494417549974,1.4925373134328332,0.0,0.00020088872333150621,0.0,0.6661362684640281,0.3635238999093794,1.5237295767712185,1539.5322396143822,0.0,
2256.0,0.36385494417549974,1.4925373134328332,0.0,0.00020088872333150621,0.0,0.6658400273535259,0.3635458357217853,1.5237515125836245,1539.5544029240116,0.0,
2258.0,0.36385494417549974,1.4925373134328332,0.0,0.00020088872333150621,0.0,0.6655437862430237,0.3635677792713101,1.5237734561331493,1539.5765740510017,0.0,
2260.0,0.36385494417549974,1.4925373134328332,0.0,0.00020088872333150621,0.0,0.6652475451325215,0.3635897305648435,1.5237954074266826,1539.5987530023137,0.0,
2262.0,0.36385494417549974,1.4925373134328332,0.0,0.00020088872333150621,0.0,0.6649513040220193,0.36361168960928414,1.5238173664711232,1539.620939784918,0.0,
2264.0,0.36385494417549974,1.4925373134328332,0.0,0.00020088872333150621,0.0,0.6646550629115171,0.3636336564115401,1.5238393332733793,1539.643134405794,0.0,
2266.0,0.36385494417549974,1.4925373134328332,0.0,0.00020088872333150621,0.0,0.6643588218010149,0.3636556309785286,1.5238613078403678,1539.6653368719312,0.0,
2268.0,0.36385494417549974,1.4925373134328332,0.0,0.00020088872333150621,0.0,0.6640625806905127,0.36367761331717596,1.5238832901790151,1539.6875471903272,0.0,
2270.0,0.36385494417549974,1.4925373134328332,0.0,0.00020088872333150621,0.0,0.6637663395800105,0.3636996034344181,1.5239052802962572,1539.7097653679903,0.0,
2272.0,0.36385494417549974,1.4925373134328332,0.0,0.00020088872333150621,0.0,0.6634700984695083,0.36372160133719994,1.5239272781990392,1539.7319914119373,0.0,
2274.0,0.36385494417549974,1.4925373134328332,0.0,0.00020088872333150621,0.0,0.6631738573590061,0.36374360703247594,1.5239492838943152,1539.7542253291947,0.0,
2276.0,0.36385494417549974,1.4925373134328332,0.0,0.00020088872333150621,0.0,0.6628776162485039,0.36376562002720947,1.5239712968890486,1539.7764666216126,0.0,
2278.0,0.36385494417549974,1.4925373134328332,0.0,0.00020088872333150621,0.0,0.6625813751380017,0.363787641328374,1.5239933181902132,1539.7987163066077,0.0,
2280.0,0.36385494417549974,1.4925373134328332,0.0,0.00020088872333150621,0.0,0.6622851340274996,0.36380967044295165,1.5240153473047908,1539.8209738860494,0.0,
2282.0,0.36385494417549974,1.4925373134328332,0.0,0.00020088872333150621,0.0,0.6619888929169974,0.36383170737793424,1.5240373842397734,1539.8432393670016,0.0,
2284.0,0.36385494417549974,1.4925373134328332,0.0,0.00020088872333150621,0.0,0.6616926518064952,0.36385375214032284,1.524059429002162,1539.8655127565382,0.0,
2286.0,0.36385494417549974,1.4925373134328332,0.0,0.00020088872333150621,0.0,0.661396410695993,0.3638758047371281,1.5240814815989674,1539.8877940617426,0.0,
2288.0,0.36385494417549974,1.4925373134328332,0.0,0.00020088872333150621,0.0,0.6611001695854908,0.3638978651753698,1.5241035420372089,1539.910083289707,0.0,
2290.0,0.36385494417549974,1.4925373134328332,0.0,0.00020088872333150621,0.0,0.6608039284749886,0.3639199334620775,1.5241256103239167,1539.9323804475346,0.0,
2292.0,0.36385494417549974,1.4925373134328332,0.0,0.00020088872333150621,0.0,0.6605076873644864,0.36394200960429,1.5241476864661292,1539.9546855423364,0.0,
2294.0,0.36385494417549974,1.4925373134328332,0.0,0.00020088872333150621,0.0,0.6602114462539842,0.3639640936090557,1.524169770470895,1539.9769985812347,0.0,
2296.0,0.36385494417549974,1.4925373134328332,0.0,0.00020088872333150621,0.0,0.659915205143482,0.3639861854834323,1.5241918623452715,1539.9993195713598,0.0,
2298.0,0.36385494417549974,1.4925373134328332,0.0,0.00020088872333150621,0.0,0.6596189640329798,0.36400828523448725,1.5242139620963264,1540.0216485198523,0.0,
2300.0,0.36385494417549974,1.4925373134328332,0.0,0.00020088872333150621,0.0,0.6593227229224776,0.36403039286929745,1.5242360697311366,1540.043985433863,0.0,
2302.0,0.36385494417549974,1.4925373134328332,0.0,0.00020088872333150621,0.0,0.6590264818119754,0.36405250839494924,1.5242581852567885,1540.0663303205517,0.0,
2304.0,0.36385494417549974,1.4925373134328332,0.0,0.00020088872333150621,0.0,0.6587302407014732,0.36407463181853866,1.5242803086803778,1540.0886831870878,0.0,
2306.0,0.36385494417549974,1.4925373134328332,0.0,0.00020088872333150621,0.0,0.658433999590971,0.3640967631471712,1.5243024400090104,1540.1110440406503,0.0,
2308.0,0.36385494417549974,1.4925373134328332,0.0,0.00020088872333150621,0.0,0.6581377584804688,0.3641189023879621,1.5243245792498012,1540.1334128884284,0.0,
2310.0,0.36385494417549974,1.4925373134328332,0.0,0.00020088872333150621,0.0,0.6578415173699667,0.36414104954803594,1.5243467264098751,1540.155789737621,0.0,
2312.0,0.36385494417549974,1.4925373134328332,0.0,0.00020088872333150621,0.0,0.6575452762594645,0.3641632046345273,1.5243688814963665,1540.1781745954363,0.0,
2314.0,0.36385494417549974,1.4925373134328332,0.0,0.00020088872333150621,0.0,0.6572490351489623,0.3641853676545801,1.5243910445164193,1540.2005674690924,0.0,
2316.0,0.36385494417549974,1.4925373134328332,0.0,0.00020088872333150621,0.0,0.6569527940384601,0.36420753861534805,1.5244132154771872,1540.222968365817,0.0,
2318.0,0.36385494417549974,1.4925373134328332,0.0,0.00020088872333150621,0.0,0.6566565529279579,0.36422971752399463,1.5244353943858338,1540.245377292848,0.0,
2320.0,0.36385494417549974,1.4925373134328332,0.0,0.00020088872333150621,0.0,0.6563603118174557,0.36425190438769284,1.524457581249532,1540.2677942574328,0.0,
2322.0,0.36385494417549974,1.4925373134328332,0.0,0.00020088872333150621,0.0,0.6560640707069535,0.3642740992136255,1.5244797760754647,1540.2902192668287,0.0,
2324.0,0.36385494417549974,1.4925373134328332,0.0,0.00020088872333150621,0.0,0.6557678295964513,0.36429630200898516,1.5245019788708243,1540.312652328303,0.0,
2326.0,0.36385494417549974,1.4925373134328332,0.0,0.00020088872333150621,0.0,0.6554715884859491,0.36431851278097416,1.5245241896428132,1540.3350934491325,0.0,
2328.0,0.36385494417549974,1.4925373134328332,0.0,0.00020088872333150621,0.0,0.6551753473754469,0.36434073153680446,1.5245464083986435,1540.3575426366037,0.0,
2330.0,0.36385494417549974,1.4925373134328332,0.0,0.00020088872333150621,0.0,0.6548791062649447,0.36436295828369797,1.5245686351455372,1540.3799998980146,0.0,
2332.0,0.36385494417549974,1.4925373134328332,0.0,0.00020088872333150621,0.0,0.6545828651544425,0.3643851930288862,1.5245908698907253,1540.4024652406702,0.0,
2334.0,0.36385494417549974,1.4925373134328332,0.0,0.00020088872333150621,0.0,0.6542866240439403,0.3644074357796109,1.5246131126414502,1540.4249386718882,0.0,
2336.0,0.36385494417549974,1.4925373134328332,0.0,0.00020088872333150621,0.0,0.6539903829334381,0.36442968654312313,1.5246353634049623,1540.4474201989947,0.0,
2338.0,0.36385494417549974,1.4925373134328332,0.0,0.00020088872333150621,0.0,0.653694141822936,0.3644519453266842,1.5246576221885233,1540.4699098293263,0.0,
2340.0,0.36385494417549974,1.4925373134328332,0.0,0.00020088872333150621,0.0,0.6533979007124338,0.36447421213756515,1.5246798889994044,1540.4924075702293,0.0,
2342.0,0.36385494417549974,1.4925373134328332,0.0,0.00020088872333150621,0.0,0.6531016596019316,0.3644964869830469,1.524702163844886,1540.5149134290602,0.0,
2344.0,0.36385494417549974,1.4925373134328332,0.0,0.00020088872333150621,0.0,0.6528054184914294,0.36451876987042026,1.5247244467322594,1540.5374274131857,0.0,
2346.0,0.36385494417549974,1.4925373134328332,0.0,0.00020088872333150621,0.0,0.6525091773809272,0.3645410608069861,1.5247467376688253,1540.5599495299823,0.0,
2348.0,0.36385494417549974,1.4925373134328332,0.0,0.00020088872333150621,0.0,0.652212936270425,0.3645633598000552,1.5247690366618945,1540.5824797868363,0.0,
2350.0,0.36385494417549974,1.4925373134328332,0.0,0.00020088872333150621,0.0,0.6519166951599228,0.36458566685694815,1.5247913437187874,1540.6050181911448,0.0,
2352.0,0.36385494417549974,1.4925373134328332,0.0,0.00020088872333150621,0.0,0.6516204540494206,0.3646079819849957,1.5248136588468348,1540.627564750314,0.0,
2354.0,0.36385494417549974,1.4925373134328332,0.0,0.00020088872333150621,0.0,0.6513242129389184,0.36463030519153855,1.5248359820533777,1540.6501194717603,0.0,
2356.0,0.36385494417549974,1.4925373134328332,0.0,0.00020088872333150621,0.0,0.6510279718284162,0.3646526364839274,1.5248583133457665,1540.6726823629117,0.0,
2358.0,0.36385494417549974,1.4925373134328332,0.0,0.00020088872333150621,0.0,0.650731730717914,0.36467497586952297,1.524880652731362,1540.695253431205,0.0,
2360.0,0.36385494417549974,1.4925373134328332,0.0,0.00020088872333150621,0.0,0.6504354896074118,0.36469732335569616,1.5249030002175352,1540.717832684087,0.0,
2362.0,0.36385494417549974,1.4925373134328332,0.0,0.00020088872333150621,0.0,0.6501392484969096,0.36471967894982776,1.5249253558116669,1540.7404201290155,0.0,
2364.0,0.36385494417549974,1.4925373134328332,0.0,0.00020088872333150621,0.0,0.6498430073864074,0.3647420426593088,1.524947719521148,1540.7630157734584,0.0,
2366.0,0.36385494417549974,1.4925373134328332,0.0,0.00020088872333150621,0.0,0.6495467662759052,0.36476441449154046,1.5249700913533797,1540.7856196248933,0.0,
2368.0,0.36385494417549974,1.4925373134328332,0.0,0.00020088872333150621,0.0,0.649250525165403,0.3647867944539339,1.524992471315773,1540.8082316908076,0.0,
2370.0,0.36385494417549974,1.4925373134328332,0.0,0.00020088872333150621,0.0,0.6489542840549009,0.3648091825539105,1.5250148594157495,1540.8308519787006,0.0,
2372.0,0.36385494417549974,1.4925373134328332,0.0,0.00020088872333150621,0.0,0.6486580429443987,0.3648315787989017,1.525037255660741,1540.8534804960805,0.0,
2374.0,0.36385494417549974,1.4925373134328332,0.0,0.00020088872333150621,0.0,0.6483618018338965,0.3648539831963494,1.5250596600581885,1540.8761172504665,0.0,
2376.0,0.36385494417549974,1.4925373134328332,0.0,0.00020088872333150621,0.0,0.6480655607233943,0.36487639575370545,1.5250820726155447,1540.8987622493878,0.0,
2378.0,0.36385494417549974,1.4925373134328332,0.0,0.00020088872333150621,0.0,0.6477693196128921,0.36489881647843203,1.5251044933402713,1540.921415500383,0.0,
2380.0,0.36385494417549974,1.4925373134328332,0.0,0.00020088872333150621,0.0,0.6474730785023899,0.3649212453780016,1.5251269222398407,1540.9440770110032,0.0,
2382.0,0.36385494417549974,1.4925373134328332,0.0,0.00020088872333150621,0.0,0.6471768373918877,0.3649436824598967,1.525149359321736,1540.9667467888085,0.0,
2384.0,0.36385494417549974,1.4925373134328332,0.0,0.00020088872333150621,0.0,0.6468805962813855,0.36496612773161047,1.5251718045934497,1540.989424841369,0.0,
2386.0,0.36385494417549974,1.4925373134328332,0.0,0.00020088872333150621,0.0,0.6465843551708833,0.36498858120064603,1.5251942580624853,1541.0121111762664,0.0,
2388.0,0.36385494417549974,1.4925373134328332,0.0,0.00020088872333150621,0.0,0.6462881140603811,0.365011042874517,1.5252167197363562,1541.0348058010914,0.0,
2390.0,0.36385494417549974,1.4925373134328332,0.0,0.00020088872333150621,0.0,0.6459918729498789,0.3650335127607473,1.5252391896225865,1541.0575087234467,0.0,
2392.0,0.36385494417549974,1.4925373134328332,0.0,0.00020088872333150621,0.0,0.6456956318393767,0.3650559908668711,1.5252616677287103,1541.0802199509449,0.0,
2394.0,0.36385494417549974,1.4925373134328332,0.0,0.00020088872333150621,0.0,0.6453993907288745,0.3650784772004331,1.5252841540622724,1541.102939491208,0.0,
2396.0,0.36385494417549974,1.4925373134328332,0.0,0.00020088872333150621,0.0,0.6451031496183723,0.3651009717689884,1.5253066486308275,1541.1256673518697,0.0,
2398.0,0.36385494417549974,1.4925373134328332,0.0,0.00020088872333150621,0.0,0.6448069085078701,0.36512347458010236,1.5253291514419416,1541.148403540574,0.0,
2400.0,0.36385494417549974,1.4925373134328332,0.0,0.00020088872333150621,0.0,0.644510667397368,0.3651459856382266,1.5253516625000658,1541.171148061819,0.0,
2402.0,0.36385494417549974,1.4925373134328332,0.0,0.00020088872333150621,0.0,0.6442144262868658,0.3651685049517036,1.525374181813543,1541.1939009240327,0.0,
2404.0,0.36385494417549974,1.4925373134328332,0.0,0.00020088872333150621,0.0,0.6439181851763636,0.36519103253044266,1.5253967093922818,1541.2166621372282,0.0,
2406.0,0.36385494417549974,1.4925373134328332,0.0,0.00020088872333150621,0.0,0.6436219440658614,0.36521356838205055,1.5254192452438897,1541.239431709091,0.0,
2408.0,0.36385494417549974,1.4925373134328332,0.0,0.00020088872333150621,0.0,0.6433257029553592,0.3652361125141447,1.5254417893759837,1541.2622096473167,0.0,
2410.0,0.36385494417549974,1.4925373134328332,0.0,0.00020088872333150621,0.0,0.643029461844857,0.3652586649343527,1.525464341796192,1541.2849959596133,0.0,
2412.0,0.36385494417549974,1.4925373134328332,0.0,0.00020088872333150621,0.0,0.6427332207343548,0.365281225650313,1.5254869025121522,1541.3077906536978,0.0,
2414.0,0.36385494417549974,1.4925373134328332,0.0,0.00020088872333150621,0.0,0.6424369796238526,0.3653037946696746,1.5255094715315138,1541.3305937372984,0.0,
2416.0,0.36385494417549974,1.4925373134328332,0.0,0.00020088872333150621,0.0,0.6421407385133504,0.36532637200009693,1.5255320488619362,1541.3534052181537,0.0,
2418.0,0.36385494417549974,1.4925373134328332,0.0,0.00020088872333150621,0.0,0.6418444974028482,0.36534895764925013,1.5255546345110893,1541.3762251040139,0.0,
2420.0,0.36385494417549974,1.4925373134328332,0.0,0.00020088872333150621,0.0,0.641548256292346,0.36537155162481494,1.525577228486654,1541.3990534026395,0.0,
2422.0,0.36385494417549974,1.4925373134328332,0.0,0.00020088872333150621,0.0,0.6412520151818438,0.36539415393448277,1.5255998307963219,1541.4218901218014,0.0,
2424.0,0.36385494417549974,1.4925373134328332,0.0,0.00020088872333150621,0.0,0.6409557740713416,0.36541676458595557,1.5256224414477948,1541.4447352692814,0.0,
2426.0,0.36385494417549974,1.4925373134328332,0.0,0.00020088872333150621,0.0,0.6406595329608394,0.36543938358694616,1.5256450604487852,1541.4675888528725,0.0,
2428.0,0.36385494417549974,1.4925373134328332,0.0,0.00020088872333150621,0.0,0.6403632918503372,0.36546201094517794,1.5256676878070172,1541.4904508803784,0.0,
2430.0,0.36385494417549974,1.4925373134328332,0.0,0.00020088872333150621,0.0,0.640067050739835,0.365484646668385,1.5256903235302242,1541.5133213596123,0.0,
2432.0,0.36385494417549974,1.4925373134328332,0.0,0.00020088872333150621,0.0,0.6397708096293329,0.36550729076431226,1.5257129676261514,1541.5362002984007,0.0,
2434.0,0.36385494417549974,1.4925373134328332,0.0,0.00020088872333150621,0.0,0.6394745685188307,0.3655299430628903,1.5257356199247294,1541.55908752491,0.0,
2436.0,0.36385494417549974,1.4925373134328332,0.0,0.00020088872333150621,0.0,0.6391783274083285,0.3655526039291156,1.5257582807909549,1541.5819834079218,0.0,
2438.0,0.36385494417549974,1.4925373134328332,0.0,0.00020088872333150621,0.0,0.6388820862978263,0.3655752731913493,1.5257809500531885,1541.6048877740175,0.0,
2440.0,0.36385494417549974,1.4925373134328332,0.0,0.00020088872333150621,0.0,0.6385858451873241,0.3655979508573795,1.5258036277192186,1541.6278006310658,0.0,
2442.0,0.36385494417549974,1.4925373134328332,0.0,0.00020088872333150621,0.0,0.6382896040768219,0.3656206369350052,1.5258263137968444,1541.6507219869466,0.0,
2444.0,0.36385494417549974,1.4925373134328332,0.0,0.00020088872333150621,0.0,0.6379933629663197,0.3656433314320361,1.5258490082938752,1541.67365184955,0.0,
2446.0,0.36385494417549974,1.4925373134328332,0.0,0.00020088872333150621,0.0,0.6376971218558175,0.36566603435629297,1.5258717112181321,1541.6965902267793,0.0,
2448.0,0.36385494417549974,1.4925373134328332,0.0,0.00020088872333150621,0.0,0.6374008807453153,0.3656887457156074,1.5258944225774467,1541.7195371265461,0.0,
2450.0,0.36385494417549974,1.4925373134328332,0.0,0.00020088872333150621,0.0,0.6371046396348131,0.3657114655178219,1.5259171423796611,1541.742492556775,0.0,
2452.0,0.36385494417549974,1.4925373134328332,0.0,0.00020088872333150621,0.0,0.6368083985243109,0.36573419377078986,1.525939870632629,1541.7654565254002,0.0,
2454.0,0.36385494417549974,1.4925373134328332,0.0,0.00020088872333150621,0.0,0.6365121574138087,0.36575693048237573,1.525962607344215,1541.788429040368,0.0,
2456.0,0.36385494417549974,1.4925373134328332,0.0,0.00020088872333150621,0.0,0.6362159163033065,0.36577967566045494,1.5259853525222942,1541.8114101096355,0.0,
2458.0,0.36385494417549974,1.4925373134328332,0.0,0.00020088872333150621,0.0,0.6359196751928043,0.3658024293129139,1.526008106174753,1541.8343997411705,0.0,
2460.0,0.36385494417549974,1.4925373134328332,0.0,0.00020088872333150621,0.0,0.6356234340823022,0.36582519144764997,1.5260308683094892,1541.8573979429532,0.0,
2462.0,0.36385494417549974,1.4925373134328332,0.0,0.00020088872333150621,0.0,0.6353271929718,0.36584796207257164,1.5260536389344108,1541.8804047229735,0.0,
2464.0,0.36385494417549974,1.4925373134328332,0.0,0.00020088872333150621,0.0,0.6350309518612978,0.3658707411955985,1.5260764180574375,1541.903420089233,0.0,
2466.0,0.36385494417549974,1.4925373134328332,0.0,0.00020088872333150621,0.0,0.6347347107507956,0.36589352882466114,1.5260992056865004,1541.926444049745,0.0,
2468.0,0.36385494417549974,1.4925373134328332,0.0,0.00020088872333150621,0.0,0.6344384696402934,0.36591632496770127,1.5261220018295405,1541.9494766125333,0.0,
2470.0,0.36385494417549974,1.4925373134328332,0.0,0.00020088872333150621,0.0,0.6341422285297912,0.36593912963267183,1.526144806494511,1541.972517785633,0.0,
2472.0,0.36385494417549974,1.4925373134328332,0.0,0.00020088872333150621,0.0,0.633845987419289,0.36596194282753663,1.5261676196893759,1541.9955675770912,0.0,
2474.0,0.36385494417549974,1.4925373134328332,0.0,0.00020088872333150621,0.0,0.6335497463087868,0.36598476456027107,1.5261904414221104,1542.0186259949655,0.0,
2476.0,0.36385494417549974,1.4925373134328332,0.0,0.00020088872333150621,0.0,0.6332535051982846,0.36600759483886136,1.5262132717007006,1542.0416930473248,0.0,
2478.0,0.36385494417549974,1.4925373134328332,0.0,0.00020088872333150621,0.0,0.6329572640877824,0.36603043367130517,1.5262361105331443,1542.0647687422502,0.0,
2480.0,0.36385494417549974,1.4925373134328332,0.0,0.00020088872333150621,0.0,0.6326610229772802,0.3660532810656112,1.5262589579274504,1542.0878530878333,0.0,
2482.0,0.36385494417549974,1.4925373134328332,0.0,0.00020088872333150621,0.0,0.632364781866778,0.3660761370297996,1.5262818138916388,1542.110946092177,0.0,
2484.0,0.36385494417549974,1.4925373134328332,0.0,0.00020088872333150621,0.0,0.6320685407562758,0.36609900157190167,1.5263046784337408,1542.134047763397,0.0,
2486.0,0.36385494417549974,1.4925373134328332,0.0,0.00020088872333150621,0.0,0.6317722996457736,0.36612187469996,1.5263275515617991,1542.157158109618,0.0,
2488.0,0.36385494417549974,1.4925373134328332,0.0,0.00020088872333150621,0.0,0.6314760585352714,0.36614475642202865,1.5263504332838678,1542.1802771389782,0.0,
2490.0,0.36385494417549974,1.4925373134328332,0.0,0.00020088872333150621,0.0,0.6311798174247693,0.3661676467461728,1.526373323608012,1542.2034048596267,0.0,
2492.0,0.36385494417549974,1.4925373134328332,0.0,0.00020088872333150621,0.0,0.6308835763142671,0.3661905456804691,1.5263962225423082,1542.2265412797233,0.0,
2494.0,0.36385494417549974,1.4925373134328332,0.0,0.00020088872333150621,0.0,0.6305873352037649,0.3662134532330055,1.5264191300948446,1542.24968640744,0.0,
2496.0,0.36385494417549974,1.4925373134328332,0.0,0.00020088872333150621,0.0,0.6302910940932627,0.3662363694118816,1.5264420462737207,1542.272840250961,0.0,
2498.0,0.36385494417549974,1.4925373134328332,0.0,0.00020088872333150621,0.0,0.6299948529827605,0.3662592942252081,1.5264649710870473,1542.2960028184805,0.0,
2500.0,0.36385494417549974,1.4925373134328332,0.0,0.00020088872333150621,0.0,0.6296986118722583,0.3662822276811073,1.5264879045429465,1542.3191741182052,0.0,
2502.0,0.36385494417549974,1.4925373134328332,0.0,0.00020088872333150621,0.0,0.6294023707617561,0.36630516978771305,1.5265108466495523,1542.3423541583531,0.0,
2504.0,0.36385494417549974,1.4925373134328332,0.0,0.00020088872333150621,0.0,0.6291061296512539,0.36632812055317043,1.5265337974150095,1542.365542947154,0.0,
2506.0,0.36385494417549974,1.4925373134328332,0.0,0.00020088872333150621,0.0,0.6288098885407517,0.3663510799856363,1.5265567568474754,1542.3887404928494,0.0,
2508.0,0.36385494417549974,1.4925373134328332,0.0,0.00020088872333150621,0.0,0.6285136474302495,0.366374048093279,1.5265797249551183,1542.411946803692,0.0,
2510.0,0.36385494417549974,1.4925373134328332,0.0,0.00020088872333150621,0.0,0.6282174063197473,0.3663970248842783,1.5266027017461175,1542.435161887947,0.0,
2512.0,0.36385494417549974,1.4925373134328332,0.0,0.00020088872333150621,0.0,0.6279211652092451,0.36642001036682553,1.5266256872286648,1542.45838575389,0.0,
2514.0,0.36385494417549974,1.4925373134328332,0.0,0.00020088872333150621,0.0,0.6276249240987429,0.36644300454912376,1.526648681410963,1542.4816184098097,0.0,
2516.0,0.36385494417549974,1.4925373134328332,0.0,0.00020088872333150621,0.0,0.6273286829882407,0.36646600743938756,1.5266716843012267,1542.5048598640055,0.0,
2518.0,0.36385494417549974,1.4925373134328332,0.0,0.00020088872333150621,0.0,0.6270324418777385,0.3664890190458433,1.5266946959076824,1542.5281101247892,0.0,
2520.0,0.36385494417549974,1.4925373134328332,0.0,0.00020088872333150621,0.0,0.6267362007672364,0.3665120393767288,1.526717716238568,1542.5513692004845,0.0,
2522.0,0.36385494417549974,1.4925373134328332,0.0,0.00020088872333150621,0.0,0.6264399596567342,0.36653506844029377,1.5267407453021329,1542.5746370994257,0.0,
2524.0,0.36385494417549974,1.4925373134328332,0.0,0.00020088872333150621,0.0,0.626143718546232,0.36655810624479945,1.5267637831066387,1542.5979138299606,0.0,
2526.0,0.36385494417549974,1.4925373134328332,0.0,0.00020088872333150621,0.0,0.6258474774357298,0.3665811527985189,1.526786829660358,1542.6211994004475,0.0,
2528.0,0.36385494417549974,1.4925373134328332,0.0,0.00020088872333150621,0.0,0.6255512363252276,0.36660420810973693,1.526809884971576,1542.6444938192576,0.0,
2530.0,0.36385494417549974,1.4925373134328332,0.0,0.00020088872333150621,0.0,0.6252549952147254,0.36662727218675006,1.5268329490485892,1542.667797094773,0.0,
2532.0,0.36385494417549974,1.4925373134328332,0.0,0.00020088872333150621,0.0,0.6249587541042232,0.36665034503786675,1.5268560218997058,1542.691109235389,0.0,
2534.0,0.36385494417549974,1.4925373134328332,0.0,0.00020088872333150621,0.0,0.624662512993721,0.36667342667140707,1.5268791035332463,1542.7144302495112,0.0,
2536.0,0.36385494417549974,1.4925373134328332,0.0,0.00020088872333150621,0.0,0.6243662718832188,0.36669651709570306,1.5269021939575422,1542.737760145558,0.0,
2538.0,0.36385494417549974,1.4925373134328332,0.0,0.00020088872333150621,0.0,0.6240700307727166,0.3667196163190986,1.5269252931809378,1542.761098931961,0.0,
2540.0,0.36385494417549974,1.4925373134328332,0.0,0.00020088872333150621,0.0,0.6237737896622144,0.3667427243499495,1.5269484012117887,1542.7844466171612,0.0,
2542.0,0.36385494417549974,1.4925373134328332,0.0,0.00020088872333150621,0.0,0.6234775485517122,0.3667658411966234,1.5269715180584627,1542.807803209614,0.0,
2544.0,0.36385494417549974,1.4925373134328332,0.0,0.00020088872333150621,0.0,0.62318130744121,0.36678896686749995,1.5269946437293391,1542.8311687177852,0.0,
2546.0,0.36385494417549974,1.4925373134328332,0.0,0.00020088872333150621,0.0,0.6228850663307078,0.36681210137097064,1.5270177782328098,1542.854543150154,0.0,
2548.0,0.36385494417549974,1.4925373134328332,0.0,0.00020088872333150621,0.0,0.6225888252202056,0.36683524471543905,1.5270409215772782,1542.8779265152111,0.0,
2550.0,0.36385494417549974,1.4925373134328332,0.0,0.00020088872333150621,0.0,0.6222925841097035,0.36685839690932065,1.5270640737711598,1542.9013188214587,0.0,
2552.0,0.36385494417549974,1.4925373134328332,0.0,0.00020088872333150621,0.0,0.6219963429992013,0.36688155796104316,1.5270872348228823,1542.9247200774123,0.0,
2554.0,0.36385494417549974,1.4925373134328332,0.0,0.00020088872333150621,0.0,0.6217001018886991,0.36690472787904593,1.527110404740885,1542.9481302915988,0.0,
2556.0,0.36385494417549974,1.4925373134328332,0.0,0.00020088872333150621,0.0,0.6214038607781969,0.36692790667178077,1.52713358353362,1542.9715494725579,0.0,
2558.0,0.36385494417549974,1.4925373134328332,0.0,0.00020088872333150621,0.0,0.6211076196676947,0.36695109434771145,1.5271567712095506,1542.9949776288404,0.0,
2560.0,0.36385494417549974,1.4925373134328332,0.0,0.00020088872333150621,0.0,0.6208113785571925,0.36697429091531375,1.527179967777153,1543.0184147690102,0.0,
2562.0,0.36385494417549974,1.4925373134328332,0.0,0.00020088872333150621,0.0,0.6205151374466903,0.36699749638307577,1.527203173244915,1543.0418609016438,0.0,
2564.0,0.36385494417549974,1.4925373134328332,0.0,0.00020088872333150621,0.0,0.6202188963361881,0.36702071075949755,1.5272263876213368,1543.0653160353295,0.0,
2566.0,0.36385494417549974,1.4925373134328332,0.0,0.00020088872333150621,0.0,0.6199226552256859,0.36704393405309155,1.5272496109149307,1543.0887801786678,0.0,
2568.0,0.36385494417549974,1.4925373134328332,0.0,0.00020088872333150621,0.0,0.6196264141151837,0.3670671662723823,1.5272728431342215,1543.1122533402718,0.0,
2570.0,0.36385494417549974,1.4925373134328332,0.0,0.00020088872333150621,0.0,0.6193301730046815,0.36709040742590654,1.5272960842877457,1543.1357355287657,0.0,
2572.0,0.36385494417549974,1.4925373134328332,0.0,0.00020088872333150621,0.0,0.6190339318941793,0.36711365752221337,1.5273193343840525,1543.1592267527892,0.0,
2574.0,0.36385494417549974,1.4925373134328332,0.0,0.00020088872333150621,0.0,0.6187376907836771,0.367136916569864,1.527342593431703,1543.1827270209906,0.0,
2576.0,0.36385494417549974,1.4925373134328332,0.0,0.00020088872333150621,0.0,0.6184414496731749,0.36716018457743205,1.5273658614392713,1543.2062363420337,0.0,
2578.0,0.36385494417549974,1.4925373134328332,0.0,0.00020088872333150621,0.0,0.6181452085626727,0.36718346155350357,1.5273891384153429,1543.2297547245926,0.0,
2580.0,0.36385494417549974,1.4925373134328332,0.0,0.00020088872333150621,0.0,0.6178489674521705,0.3672067475066767,1.5274124243685159,1543.2532821773548,0.0,
2582.0,0.36385494417549974,1.4925373134328332,0.0,0.00020088872333150621,0.0,0.6175527263416684,0.36723004244556223,1.5274357193074015,1543.276818709021,0.0,
2584.0,0.36385494417549974,1.4925373134328332,0.0,0.00020088872333150621,0.0,0.6172564852311662,0.3672533463787831,1.5274590232406222,1543.3003643283027,0.0,
2586.0,0.36385494417549974,1.4925373134328332,0.0,0.00020088872333150621,0.0,0.616960244120664,0.3672766593149748,1.527482336176814,1543.3239190439258,0.0,
2588.0,0.36385494417549974,1.4925373134328332,0.0,0.00020088872333150621,0.0,0.6166640030101618,0.3672999812627852,1.5275056581246245,1543.3474828646276,0.0,
2590.0,0.36385494417549974,1.4925373134328332,0.0,0.00020088872333150621,0.0,0.6163677618996596,0.3673233122308747,1.527528989092714,1543.3710557991578,0.0,
2592.0,0.36385494417549974,1.4925373134328332,0.0,0.00020088872333150621,0.0,0.6160715207891574,0.3673466522279163,1.5275523290897555,1543.3946378562798,0.0,
2594.0,0.36385494417549974,1.4925373134328332,0.0,0.00020088872333150621,0.0,0.6157752796786552,0.36737000126259517,1.5275756781244343,1543.4182290447689,0.0,
2596.0,0.36385494417549974,1.4925373134328332,0.0,0.00020088872333150621,0.0,0.615479038568153,0.3673933593436092,1.5275990362054483,1543.441829373413,0.0,
2598.0,0.36385494417549974,1.4925373134328332,0.0,0.00020088872333150621,0.0,0.6151827974576508,0.3674167264796691,1.5276224033415082,1543.4654388510135,0.0,
2600.0,0.36385494417549974,1.4925373134328332,0.0,0.00020088872333150621,0.0,0.6148865563471486,0.3674401026794978,1.527645779541337,1543.489057486383,0.0,
2602.0,0.36385494417549974,1.4925373134328332,0.0,0.00020088872333150621,0.0,0.6145903152366464,0.36746348795183087,1.52766916481367,1543.5126852883486,0.0,
2604.0,0.36385494417549974,1.4925373134328332,0.0,0.00020088872333150621,0.0,0.6142940741261442,0.36748688230541676,1.5276925591672559,1543.536322265749,0.0,
2606.0,0.36385494417549974,1.4925373134328332,0.0,0.00020088872333150621,0.0,0.613997833015642,0.3675102857490164,1.5277159626108556,1543.5599684274362,0.0,
2608.0,0.36385494417549974,1.4925373134328332,0.0,0.00020088872333150621,0.0,0.6137015919051398,0.3675336982914034,1.5277393751532427,1543.5836237822743,0.0,
2610.0,0.36385494417549974,1.4925373134328332,0.0,0.00020088872333150621,0.0,0.6134053507946376,0.3675571199413642,1.5277627968032033,1543.6072883391414,0.0,
2612.0,0.36385494417549974,1.4925373134328332,0.0,0.00020088872333150621,0.0,0.6131091096841355,0.3675805507076979,1.527786227569537,1543.6309621069279,0.0,
2614.0,0.36385494417549974,1.4925373134328332,0.0,0.00020088872333150621,0.0,0.6128128685736333,0.3676039905992162,1.5278096674610555,1543.6546450945366,0.0,
2616.0,0.36385494417549974,1.4925373134328332,0.0,0.00020088872333150621,0.0,0.6125166274631311,0.36762743962474387,1.527833116486583,1543.6783373108835,0.0,
2618.0,0.36385494417549974,1.4925373134328332,0.0,0.00020088872333150621,0.0,0.6122203863526289,0.36765089779311827,1.5278565746549575,1543.7020387648984,0.0,
2620.0,0.36385494417549974,1.4925373134328332,0.0,0.00020088872333150621,0.0,0.6119241452421267,0.3676743651131897,1.527880041975029,1543.7257494655228,0.0,
2622.0,0.36385494417549974,1.4925373134328332,0.0,0.00020088872333150621,0.0,0.6116279041316245,0.3676978415938213,1.5279035184556604,1543.7494694217119,0.0,
2624.0,0.36385494417549974,1.4925373134328332,0.0,0.00020088872333150621,0.0,0.6113316630211223,0.36772132724388906,1.5279270041057282,1543.7731986424337,0.0,
2626.0,0.36385494417549974,1.4925373134328332,0.0,0.00020088872333150621,0.0,0.6110354219106201,0.36774482207228193,1.527950498934121,1543.7969371366694,0.0,
2628.0,0.36385494417549974,1.4925373134328332,0.0,0.00020088872333150621,0.0,0.6107391808001179,0.36776832608790166,1.5279740029497408,1543.8206849134128,0.0,
2630.0,0.36385494417549974,1.4925373134328332,0.0,0.00020088872333150621,0.0,0.6104429396896157,0.3677918392996632,1.5279975161615023,1543.8444419816722,0.0,
2632.0,0.36385494417549974,1.4925373134328332,0.0,0.00020088872333150621,0.0,0.6101466985791135,0.3678153617164942,1.5280210385783335,1543.868208350467,0.0,
2634.0,0.36385494417549974,1.4925373134328332,0.0,0.00020088872333150621,0.0,0.6098504574686113,0.36783889334733555,1.5280445702091747,1543.8919840288308,0.0,
2636.0,0.36385494417549974,1.4925373134328332,0.0,0.00020088872333150621,0.0,0.6095542163581091,0.36786243420114106,1.5280681110629801,1543.9157690258105,0.0,
2638.0,0.36385494417549974,1.4925373134328332,0.0,0.00020088872333150621,0.0,0.6092579752476069,0.3678859842868775,1.5280916611487168,1543.9395633504662,0.0,
2640.0,0.36385494417549974,1.4925373134328332,0.0,0.00020088872333150621,0.0,0.6089617341371047,0.3679095436135249,1.528115220475364,1543.9633670118706,0.0,
2642.0,0.36385494417549974,1.4925373134328332,0.0,0.00020088872333150621,0.0,0.6086654930266026,0.3679331121900764,1.5281387890519156,1543.9871800191102,0.0,
2644.0,0.36385494417549974,1.4925373134328332,0.0,0.00020088872333150621,0.0,0.6083692519161004,0.3679566900255381,1.5281623668873772,1544.0110023812842,0.0,
2646.0,0.36385494417549974,1.4925373134328332,0.0,0.00020088872333150621,0.0,0.6080730108055982,0.3679802771289295,1.5281859539907687,1544.0348341075066,0.0,
2648.0,0.36385494417549974,1.4925373134328332,0.0,0.00020088872333150621,0.0,0.607776769695096,0.368003873509283,1.5282095503711222,1544.0586752069028,0.0,
2650.0,0.36385494417549974,1.4925373134328332,0.0,0.00020088872333150621,0.0,0.6074805285845938,0.36802747917564443,1.5282331560374836,1544.082525688612,0.0,
2652.0,0.36385494417549974,1.4925373134328332,0.0,0.00020088872333150621,0.0,0.6071842874740916,0.36805109413707277,1.5282567709989119,1544.106385561788,0.0,
2654.0,0.36385494417549974,1.4925373134328332,0.0,0.00020088872333150621,0.0,0.6068880463635894,0.3680747184026404,1.5282803952644797,1544.130254835597,0.0,
2656.0,0.36385494417549974,1.4925373134328332,0.0,0.00020088872333150621,0.0,0.6065918052530872,0.36809835198143265,1.5283040288432719,1544.1541335192182,0.0,
2658.0,0.36385494417549974,1.4925373134328332,0.0,0.00020088872333150621,0.0,0.606295564142585,0.36812199488254854,1.5283276717443877,1544.1780216218453,0.0,
2660.0,0.36385494417549974,1.4925373134328332,0.0,0.00020088872333150621,0.0,0.6059993230320828,0.3681456471151002,1.5283513239769395,1544.201919152685,0.0,
2662.0,0.36385494417549974,1.4925373134328332,0.0,0.00020088872333150621,0.0,0.6057030819215806,0.36816930868821324,1.5283749855500524,1544.2258261209572,0.0,
2664.0,0.36385494417549974,1.4925373134328332,0.0,0.00020088872333150621,0.0,0.6054068408110784,0.3681929796110267,1.5283986564728658,1544.249742535896,0.0,
2666.0,0.36385494417549974,1.4925373134328332,0.0,0.00020088872333150621,0.0,0.6051105997005762,0.36821665989269275,1.528422336754532,1544.2736684067488,0.0,
2668.0,0.36385494417549974,1.4925373134328332,0.0,0.00020088872333150621,0.0,0.604814358590074,0.36824034954237744,1.5284460264042166,1544.2976037427761,0.0,
2670.0,0.36385494417549974,1.4925373134328332,0.0,0.00020088872333150621,0.0,0.6045181174795718,0.3682640485692599,1.528469725431099,1544.3215485532521,0.0,
2672.0,0.36385494417549974,1.4925373134328332,0.0,0.00020088872333150621,0.0,0.6042218763690697,0.3682877569825331,1.5284934338443723,1544.3455028474664,0.0,
2674.0,0.36385494417549974,1.4925373134328332,0.0,0.00020088872333150621,0.0,0.6039256352585675,0.36831147479140314,1.5285171516532423,1544.3694666347187,0.0,
2676.0,0.36385494417549974,1.4925373134328332,0.0,0.00020088872333150621,0.0,0.6036293941480653,0.3683352020050901,1.5285408788669292,1544.3934399243262,0.0,
2678.0,0.36385494417549974,1.4925373134328332,0.0,0.00020088872333150621,0.0,0.6033331530375631,0.36835893863282737,1.5285646154946666,1544.4174227256176,0.0,
2680.0,0.36385494417549974,1.4925373134328332,0.0,0.00020088872333150621,0.0,0.6030369119270609,0.36838268468386187,1.528588361545701,1544.4414150479354,0.0,
2682.0,0.36385494417549974,1.4925373134328332,0.0,0.00020088872333150621,0.0,0.6027406708165587,0.36840644016745444,1.5286121170292937,1544.465416900637,0.0,
2684.0,0.36385494417549974,1.4925373134328332,0.0,0.00020088872333150621,0.0,0.6024444297060565,0.3684302050928794,1.5286358819547186,1544.489428293092,0.0,
2686.0,0.36385494417549974,1.4925373134328332,0.0,0.00020088872333150621,0.0,0.6021481885955543,0.3684539794694247,1.528659656331264,1544.5134492346858,0.0,
2688.0,0.36385494417549974,1.4925373134328332,0.0,0.00020088872333150621,0.0,0.6018519474850521,0.3684777633063921,1.5286834401682312,1544.537479734816,0.0,
2690.0,0.36385494417549974,1.4925373134328332,0.0,0.00020088872333150621,0.0,0.6015557063745499,0.36850155661309714,1.5287072334749363,1544.561519802895,0.0,
2692.0,0.36385494417549974,1.4925373134328332,0.0,0.00020088872333150621,0.0,0.6012594652640477,0.368525359398869,1.528731036260708,1544.5855694483487,0.0,
2694.0,0.36385494417549974,1.4925373134328332,0.0,0.00020088872333150621,0.0,0.6009632241535455,0.3685491716730508,1.5287548485348899,1544.6096286806167,0.0,
2696.0,0.36385494417549974,1.4925373134328332,0.0,0.00020088872333150621,0.0,0.6006669830430433,0.36857299344499933,1.5287786703068384,1544.6336975091535,0.0,
2698.0,0.36385494417549974,1.4925373134328332,0.0,0.00020088872333150621,0.0,0.6003707419325411,0.3685968247240853,1.5288025015859243,1544.6577759434263,0.0,
2700.0,0.36385494417549974,1.4925373134328332,0.0,0.00020088872333150621,0.0,0.600074500822039,0.3686206655196932,1.5288263423815323,1544.6818639929174,0.0,
2702.0,0.36385494417549974,1.4925373134328332,0.0,0.00020088872333150621,0.0,0.5997782597115368,0.36864451584122165,1.5288501927030609,1544.7059616671231,0.0,
2704.0,0.36385494417549974,1.4925373134328332,0.0,0.00020088872333150621,0.0,0.5994820186010346,0.368668375698083,1.528874052559922,1544.7300689755525,0.0,
2706.0,0.36385494417549974,1.4925373134328332,0.0,0.00020088872333150621,0.0,0.5991857774905324,0.3686922450997036,1.5288979219615428,1544.754185927731,0.0,
2708.0,0.36385494417549974,1.4925373134328332,0.0,0.00020088872333150621,0.0,0.5988895363800302,0.3687161240555238,1.5289218009173628,1544.778312533195,0.0,
2710.0,0.36385494417549974,1.4925373134328332,0.0,0.00020088872333150621,0.0,0.598593295269528,0.368740012574998,1.5289456894368372,1544.802448801499,0.0,
2712.0,0.36385494417549974,1.4925373134328332,0.0,0.00020088872333150621,0.0,0.5982970541590258,0.36876391066759456,1.5289695875294338,1544.8265947422085,0.0,
2714.0,0.36385494417549974,1.4925373134328332,0.0,0.00020088872333150621,0.0,0.5980008130485236,0.368787818342796,1.5289934952046351,1544.850750364904,0.0,
2716.0,0.36385494417549974,1.4925373134328332,0.0,0.00020088872333150621,0.0,0.5977045719380214,0.36881173561009895,1.5290174124719382,1544.8749156791814,0.0,
2718.0,0.36385494417549974,1.4925373134328332,0.0,0.00020088872333150621,0.0,0.5974083308275192,0.3688356624790139,1.529041339340853,1544.8990906946497,0.0,
2720.0,0.36385494417549974,1.4925373134328332,0.0,0.00020088872333150621,0.0,0.597112089717017,0.3688595989590658,1.529065275820905,1544.923275420932,0.0,
2722.0,0.36385494417549974,1.4925373134328332,0.0,0.00020088872333150621,0.0,0.5968158486065148,0.36888354505979365,1.5290892219216328,1544.9474698676668,0.0,
2724.0,0.36385494417549974,1.4925373134328332,0.0,0.00020088872333150621,0.0,0.5965196074960126,0.36890750079075074,1.52911317765259,1544.9716740445065,0.0,
2726.0,0.36385494417549974,1.4925373134328332,0.0,0.00020088872333150621,0.0,0.5962233663855104,0.36893146616150446,1.5291371430233436,1544.9958879611174,0.0,
2728.0,0.36385494417549974,1.4925373134328332,0.0,0.00020088872333150621,0.0,0.5959271252750082,0.36895544118163665,1.5291611180434759,1545.0201116271812,0.0,
2730.0,0.36385494417549974,1.4925373134328332,0.0,0.00020088872333150621,0.0,0.595630884164506,0.36897942586074317,1.5291851027225822,1545.0443450523924,0.0,
2732.0,0.36385494417549974,1.4925373134328332,0.0,0.00020088872333150621,0.0,0.5953346430540039,0.36900342020843446,1.5292090970702736,1545.068588246462,0.0,
2734.0,0.36385494417549974,1.4925373134328332,0.0,0.00020088872333150621,0.0,0.5950384019435017,0.3690274242343352,1.5292331010961744,1545.0928412191142,0.0,
2736.0,0.36385494417549974,1.4925373134328332,0.0,0.00020088872333150621,0.0,0.5947421608329995,0.36905143794808454,1.5292571148099237,1545.1171039800881,0.0,
2738.0,0.36385494417549974,1.4925373134328332,0.0,0.00020088872333150621,0.0,0.5944459197224973,0.36907546135933583,1.529281138221175,1545.1413765391374,0.0,
2740.0,0.36385494417549974,1.4925373134328332,0.0,0.00020088872333150621,0.0,0.5941496786119951,0.3690994944777571,1.5293051713395962,1545.1656589060296,0.0,
2742.0,0.36385494417549974,1.4925373134328332,0.0,0.00020088872333150621,0.0,0.5938534375014929,0.36912353731303055,1.5293292141748698,1545.1899510905482,0.0,
2744.0,0.36385494417549974,1.4925373134328332,0.0,0.00020088872333150621,0.0,0.5935571963909907,0.36914758987485324,1.5293532667366925,1545.2142531024904,0.0,
2746.0,0.36385494417549974,1.4925373134328332,0.0,0.00020088872333150621,0.0,0.5932609552804885,0.36917165217293646,1.5293773290347756,1545.238564951668,0.0,
2748.0,0.36385494417549974,1.4925373134328332,0.0,0.00020088872333150621,0.0,0.5929647141699863,0.36919572421700625,1.5294014010788455,1545.2628866479088,0.0,
2750.0,0.36385494417549974,1.4925373134328332,0.0,0.00020088872333150621,0.0,0.5926684730594841,0.36921980601680304,1.5294254828786422,1545.287218201053,0.0,
2752.0,0.36385494417549974,1.4925373134328332,0.0,0.00020088872333150621,0.0,0.5923722319489819,0.36924389758208204,1.5294495744439212,1545.3115596209582,0.0,
2754.0,0.36385494417549974,1.4925373134328332,0.0,0.00020088872333150621,0.0,0.5920759908384797,0.3692679989226129,1.529473675784452,1545.3359109174942,0.0,
2756.0,0.36385494417549974,1.4925373134328332,0.0,0.00020088872333150621,0.0,0.5917797497279775,0.3692921100481803,1.5294977869100195,1545.3602721005486,0.0,
2758.0,0.36385494417549974,1.4925373134328332,0.0,0.00020088872333150621,0.0,0.5914835086174753,0.3693162309685832,1.5295219078304223,1545.3846431800202,0.0,
2760.0,0.36385494417549974,1.4925373134328332,0.0,0.00020088872333150621,0.0,0.5911872675069731,0.36934036169363543,1.5295460385554747,1545.4090241658264,0.0,
2762.0,0.36385494417549974,1.4925373134328332,0.0,0.00020088872333150621,0.0,0.590891026396471,0.36936450223316575,1.529570179095005,1545.4334150678965,0.0,
2764.0,0.36385494417549974,1.4925373134328332,0.0,0.00020088872333150621,0.0,0.5905947852859688,0.3693886525970175,1.5295943294588568,1545.457815896177,0.0,
2766.0,0.36385494417549974,1.4925373134328332,0.0,0.00020088872333150621,0.0,0.5902985441754666,0.36941281279504884,1.529618489656888,1545.4822266606275,0.0,
2768.0,0.36385494417549974,1.4925373134328332,0.0,0.00020088872333150621,0.0,0.5900023030649644,0.369436982837133,1.529642659698972,1545.5066473712236,0.0,
2770.0,0.36385494417549974,1.4925373134328332,0.0,0.00020088872333150621,0.0,0.5897060619544622,0.3694611627331578,1.529666839594997,1545.5310780379561,0.0,
2772.0,0.36385494417549974,1.4925373134328332,0.0,0.00020088872333150621,0.0,0.58940982084396,0.3694853524930262,1.5296910293548653,1545.5555186708305,0.0,
2774.0,0.36385494417549974,1.4925373134328332,0.0,0.00020088872333150621,0.0,0.5891135797334578,0.3695095521266559,1.529715228988495,1545.5799692798676,0.0,
2776.0,0.36385494417549974,1.4925373134328332,0.0,0.00020088872333150621,0.0,0.5888173386229556,0.36953376164397966,1.5297394385058187,1545.6044298751028,0.0,
2778.0,0.36385494417549974,1.4925373134328332,0.0,0.00020088872333150621,0.0,0.5885210975124534,0.36955798105494536,1.5297636579167846,1545.6289004665878,0.0,
2780.0,0.36385494417549974,1.4925373134328332,0.0,0.00020088872333150621,0.0,0.5882248564019512,0.3695822103695156,1.5297878872313548,1545.6533810643873,0.0,
2782.0,0.36385494417549974,1.4925373134328332,0.0,0.00020088872333150621,0.0,0.587928615291449,0.36960644959766825,1.5298121264595075,1545.6778716785836,0.0,
2784.0,0.36385494417549974,1.4925373134328332,0.0,0.00020088872333150621,0.0,0.5876323741809468,0.3696306987493963,1.5298363756112354,1545.7023723192735,0.0,
2786.0,0.36385494417549974,1.4925373134328332,0.0,0.00020088872333150621,0.0,0.5873361330704446,0.3696549578347077,1.5298606346965469,1545.726882996568,0.0,
2788.0,0.36385494417549974,1.4925373134328332,0.0,0.00020088872333150621,0.0,0.5870398919599424,0.36967922686362564,1.529884903725465,1545.7514037205947,0.0,
2790.0,0.36385494417549974,1.4925373134328332,0.0,0.00020088872333150621,0.0,0.5867436508494402,0.36970350584618855,1.5299091827080278,1545.775934501496,0.0,
2792.0,0.36385494417549974,1.4925373134328332,0.0,0.00020088872333150621,0.0,0.586447409738938,0.36972779479244994,1.5299334716542892,1545.8004753494297,0.0,
2794.0,0.36385494417549974,1.4925373134328332,0.0,0.00020088872333150621,0.0,0.5861511686284359,0.36975209371247864,1.529957770574318,1545.8250262745692,0.0,
2796.0,0.36385494417549974,1.4925373134328332,0.0,0.00020088872333150621,0.0,0.5858549275179337,0.36977640261635875,1.529982079478198,1545.849587287103,0.0,
2798.0,0.36385494417549974,1.4925373134328332,0.0,0.00020088872333150621,0.0,0.5855586864074315,0.36980072151418963,1.5300063983760288,1545.874158397235,0.0,
2800.0,0.36385494417549974,1.4925373134328332,0.0,0.00020088872333150621,0.0,0.5852624452969293,0.3698250504160859,1.530030727277925,1545.8987396151854,0.0,
2802.0,0.36385494417549974,1.4925373134328332,0.0,0.00020088872333150621,0.0,0.5849662041864271,0.3698493893321777,1.5300550661940169,1545.9233309511885,0.0,
2804.0,0.36385494417549974,1.4925373134328332,0.0,0.00020088872333150621,0.0,0.5846699630759249,0.36987373827261055,1.5300794151344497,1545.9479324154956,0.0,
2806.0,0.36385494417549974,1.4925373134328332,0.0,0.00020088872333150621,0.0,0.5843737219654227,0.36989809724754524,1.5301037741093844,1545.972544018373,0.0,
2808.0,0.36385494417549974,1.4925373134328332,0.0,0.00020088872333150621,0.0,0.5840774808549205,0.36992246626715825,1.5301281431289975,1545.9971657701024,0.0,
2810.0,0.36385494417549974,1.4925373134328332,0.0,0.00020088872333150621,0.0,0.5837812397444183,0.36994684534164124,1.5301525222034804,1546.0217976809813,0.0,
2812.0,0.36385494417549974,1.4925373134328332,0.0,0.00020088872333150621,0.0,0.5834849986339161,0.3699712344812017,1.5301769113430408,1546.046439761323,0.0,
2814.0,0.36385494417549974,1.4925373134328332,0.0,0.00020088872333150621,0.0,0.5831887575234139,0.36999563369606253,1.5302013105579018,1546.0710920214567,0.0,
2816.0,0.36385494417549974,1.4925373134328332,0.0,0.00020088872333150621,0.0,0.5828925164129117,0.37002004299646213,1.5302257198583014,1546.0957544717262,0.0,
2818.0,0.36385494417549974,1.4925373134328332,0.0,0.00020088872333150621,0.0,0.5825962753024095,0.3700444623926547,1.5302501392544938,1546.1204271224926,0.0,
2820.0,0.36385494417549974,1.4925373134328332,0.0,0.00020088872333150621,0.0,0.5823000341919073,0.37006889189490993,1.5302745687567492,1546.1451099841324,0.0,
2822.0,0.36385494417549974,1.4925373134328332,0.0,0.00020088872333150621,0.0,0.5820037930814052,0.37009333151351326,1.5302990083753525,1546.1698030670373,0.0,
2824.0,0.36385494417549974,1.4925373134328332,0.0,0.00020088872333150621,0.0,0.581707551970903,0.3701177812587658,1.5303234581206049,1546.1945063816152,0.0,
2826.0,0.36385494417549974,1.4925373134328332,0.0,0.00020088872333150621,0.0,0.5814113108604008,0.3701422411409845,1.5303479180028237,1546.21921993829,0.0,
2828.0,0.36385494417549974,1.4925373134328332,0.0,0.00020088872333150621,0.0,0.5811150697498986,0.3701667111705019,1.530372388032341,1546.2439437475016,0.0,
2830.0,0.36385494417549974,1.4925373134328332,0.0,0.00020088872333150621,0.0,0.5808188286393964,0.3701911913576666,1.5303968682195057,1546.268677819706,0.0,
2832.0,0.36385494417549974,1.4925373134328332,0.0,0.00020088872333150621,0.0,0.5805225875288942,0.37021568171284275,1.530421358574682,1546.293422165375,0.0,
2834.0,0.36385494417549974,1.4925373134328332,0.0,0.00020088872333150621,0.0,0.580226346418392,0.3702401822464106,1.5304458591082497,1546.3181767949957,0.0,
2836.0,0.36385494417549974,1.4925373134328332,0.0,0.00020088872333150621,0.0,0.5799301053078898,0.37026469296876624,1.5304703698306055,1546.342941719073,0.0,
2838.0,0.36385494417549974,1.4925373134328332,0.0,0.00020088872333150621,0.0,0.5796338641973876,0.37028921389032166,1.5304948907521607,1546.367716948126,0.0,
2840.0,0.36385494417549974,1.4925373134328332,0.0,0.00020088872333150621,0.0,0.5793376230868854,0.3703137450215047,1.530519421883344,1546.3925024926916,0.0,
2842.0,0.36385494417549974,1.4925373134328332,0.0,0.00020088872333150621,0.0,0.5790413819763832,0.37033828637275956,1.5305439632345987,1546.4172983633214,0.0,
2844.0,0.36385494417549974,1.4925373134328332,0.0,0.00020088872333150621,0.0,0.578745140865881,0.37036283795454605,1.5305685148163852,1546.4421045705842,0.0,
2846.0,0.36385494417549974,1.4925373134328332,0.0,0.00020088872333150621,0.0,0.5784488997553788,0.37038739977734036,1.5305930766391795,1546.4669211250646,0.0,
2848.0,0.36385494417549974,1.4925373134328332,0.0,0.00020088872333150621,0.0,0.5781526586448766,0.3704119718516346,1.5306176487134737,1546.4917480373638,0.0,
2850.0,0.36385494417549974,1.4925373134328332,0.0,0.00020088872333150621,0.0,0.5778564175343744,0.37043655418793714,1.5306422310497763,1546.516585318099,0.0,
2852.0,0.36385494417549974,1.4925373134328332,0.0,0.00020088872333150621,0.0,0.5775601764238723,0.3704611467967724,1.5306668236586116,1546.541432977904,0.0,
2854.0,0.36385494417549974,1.4925373134328332,0.0,0.00020088872333150621,0.0,0.5772639353133701,0.37048574968868103,1.5306914265505203,1546.566291027428,0.0,
2856.0,0.36385494417549974,1.4925373134328332,0.0,0.00020088872333150621,0.0,0.5769676942028679,0.37051036287422,1.530716039736059,1546.5911594773384,0.0,
2858.0,0.36385494417549974,1.4925373134328332,0.0,0.00020088872333150621,0.0,0.5766714530923657,0.3705349863639624,1.5307406632258016,1546.6160383383178,0.0,
2860.0,0.36385494417549974,1.4925373134328332,0.0,0.00020088872333150621,0.0,0.5763752119818635,0.37055962016849786,1.5307652970303371,1546.640927621065,0.0,
2862.0,0.36385494417549974,1.4925373134328332,0.0,0.00020088872333150621,0.0,0.5760789708713613,0.37058426429843194,1.5307899411602712,1546.6658273362962,0.0,
2864.0,0.36385494417549974,1.4925373134328332,0.0,0.00020088872333150621,0.0,0.5757827297608591,0.3706089187643869,1.530814595626226,1546.6907374947432,0.0,
2866.0,0.36385494417549974,1.4925373134328332,0.0,0.00020088872333150621,0.0,0.5754864886503569,0.3706335835770013,1.5308392604388406,1546.7156581071558,0.0,
2868.0,0.36385494417549974,1.4925373134328332,0.0,0.00020088872333150621,0.0,0.5751902475398547,0.37065825874693026,1.5308639356087694,1546.7405891842986,0.0,
2870.0,0.36385494417549974,1.4925373134328332,0.0,0.00020088872333150621,0.0,0.5748940064293525,0.370682944284845,1.5308886211466841,1546.7655307369541,0.0,
2872.0,0.36385494417549974,1.4925373134328332,0.0,0.00020088872333150621,0.0,0.5745977653188503,0.37070764020143365,1.5309133170632727,1546.7904827759212,0.0,
2874.0,0.36385494417549974,1.4925373134328332,0.0,0.00020088872333150621,0.0,0.5743015242083481,0.37073234650740067,1.5309380233692398,1546.8154453120158,0.0,
2876.0,0.36385494417549974,1.4925373134328332,0.0,0.00020088872333150621,0.0,0.5740052830978459,0.37075706321346713,1.5309627400753063,1546.8404183560692,0.0,
2878.0,0.36385494417549974,1.4925373134328332,0.0,0.00020088872333150621,0.0,0.5737090419873437,0.37078179033037073,1.53098746719221,1546.8654019189312,0.0,
2880.0,0.36385494417549974,1.4925373134328332,0.0,0.00020088872333150621,0.0,0.5734128008768415,0.37080652786886575,1.5310122047307049,1546.8903960114671,0.0,
2882.0,0.36385494417549974,1.4925373134328332,0.0,0.00020088872333150621,0.0,0.5731165597663394,0.37083127583972314,1.5310369527015624,1546.9154006445601,0.0,
2884.0,0.36385494417549974,1.4925373134328332,0.0,0.00020088872333150621,0.0,0.5728203186558372,0.37085603425373065,1.5310617111155698,1546.9404158291095,0.0,
2886.0,0.36385494417549974,1.4925373134328332,0.0,0.00020088872333150621,0.0,0.572524077545335,0.3708808031216926,1.5310864799835318,1546.9654415760317,0.0,
2888.0,0.36385494417549974,1.4925373134328332,0.0,0.00020088872333150621,0.0,0.5722278364348328,0.3709055824544303,1.5311112593162695,1546.9904778962602,0.0,
2890.0,0.36385494417549974,1.4925373134328332,0.0,0.00020088872333150621,0.0,0.5719315953243306,0.37093037226278164,1.5311360491246209,1547.0155248007457,0.0,
2892.0,0.36385494417549974,1.4925373134328332,0.0,0.00020088872333150621,0.0,0.5716353542138284,0.3709551725576017,1.5311608494194409,1547.040582300455,0.0,
2894.0,0.36385494417549974,1.4925373134328332,0.0,0.00020088872333150621,0.0,0.5713391131033262,0.37097998334976195,1.5311856602116012,1547.0656504063734,0.0,
2896.0,0.36385494417549974,1.4925373134328332,0.0,0.00020088872333150621,0.0,0.571042871992824,0.3710048046501513,1.5312104815119905,1547.0907291295018,0.0,
2898.0,0.36385494417549974,1.4925373134328332,0.0,0.00020088872333150621,0.0,0.5707466308823218,0.3710296364696752,1.5312353133315144,1547.1158184808592,0.0,
2900.0,0.36385494417549974,1.4925373134328332,0.0,0.00020088872333150621,0.0,0.5704503897718196,0.3710544788192563,1.5312601556810954,1547.1409184714814,0.0,
2902.0,0.36385494417549974,1.4925373134328332,0.0,0.00020088872333150621,0.0,0.5701541486613174,0.37107933170983415,1.5312850085716734,1547.1660291124217,0.0,
2904.0,0.36385494417549974,1.4925373134328332,0.0,0.00020088872333150621,0.0,0.5698579075508152,0.3711041951523654,1.5313098720142047,1547.19115041475,0.0,
2906.0,0.36385494417549974,1.4925373134328332,0.0,0.00020088872333150621,0.0,0.569561666440313,0.37112906915782395,1.5313347460196631,1547.2162823895542,0.0,
2908.0,0.36385494417549974,1.4925373134328332,0.0,0.00020088872333150621,0.0,0.5692654253298108,0.37115395373720056,1.5313596305990398,1547.2414250479392,0.0,
2910.0,0.36385494417549974,1.4925373134328332,0.0,0.00020088872333150621,0.0,0.5689691842193086,0.3711788489015033,1.5313845257633425,1547.2665784010267,0.0,
2912.0,0.36385494417549974,1.4925373134328332,0.0,0.00020088872333150621,0.0,0.5686729431088065,0.37120375466175753,1.5314094315235967,1547.2917424599566,0.0,
2914.0,0.36385494417549974,1.4925373134328332,0.0,0.00020088872333150621,0.0,0.5683767019983043,0.3712286710290056,1.5314343478908448,1547.316917235886,0.0,
2916.0,0.36385494417549974,1.4925373134328332,0.0,0.00020088872333150621,0.0,0.5680804608878021,0.3712535980143073,1.5314592748761464,1547.3421027399895,0.0,
2918.0,0.36385494417549974,1.4925373134328332,0.0,0.00020088872333150621,0.0,0.5677842197772999,0.37127853562873964,1.5314842124905788,1547.367298983459,0.0,
2920.0,0.36385494417549974,1.4925373134328332,0.0,0.00020088872333150621,0.0,0.5674879786667977,0.37130348388339723,1.5315091607452365,1547.392505977504,0.0,
2922.0,0.36385494417549974,1.4925373134328332,0.0,0.00020088872333150621,0.0,0.5671917375562955,0.37132844278939164,1.5315341196512309,1547.4177237333506,0.0,
2924.0,0.36385494417549974,1.4925373134328332,0.0,0.00020088872333150621,0.0,0.5668954964457933,0.3713534123578521,1.5315590892196913,1547.4429522622445,0.0,
2926.0,0.36385494417549974,1.4925373134328332,0.0,0.00020088872333150621,0.0,0.5665992553352911,0.3713783925999253,1.5315840694617644,1547.4681915754477,0.0,
2928.0,0.36385494417549974,1.4925373134328332,0.0,0.00020088872333150621,0.0,0.5663030142247889,0.3714033835267754,1.5316090603886146,1547.4934416842402,0.0,
2930.0,0.36385494417549974,1.4925373134328332,0.0,0.00020088872333150621,0.0,0.5660067731142867,0.371428385149584,1.5316340620114233,1547.5187025999194,0.0,
2932.0,0.36385494417549974,1.4925373134328332,0.0,0.00020088872333150621,0.0,0.5657105320037845,0.3714533974795503,1.5316590743413896,1547.5439743338006,0.0,
2934.0,0.36385494417549974,1.4925373134328332,0.0,0.00020088872333150621,0.0,0.5654142908932823,0.37147842052789126,1.5316840973897305,1547.5692568972172,0.0,
2936.0,0.36385494417549974,1.4925373134328332,0.0,0.00020088872333150621,0.0,0.5651180497827801,0.37150345430584125,1.5317091311676805,1547.5945503015198,0.0,
2938.0,0.36385494417549974,1.4925373134328332,0.0,0.00020088872333150621,0.0,0.5648218086722779,0.3715284988246524,1.5317341756864915,1547.6198545580776,0.0,
2940.0,0.36385494417549974,1.4925373134328332,0.0,0.00020088872333150621,0.0,0.5645255675617757,0.37155355409559454,1.5317592309574337,1547.6451696782772,0.0,
2942.0,0.36385494417549974,1.4925373134328332,0.0,0.00020088872333150621,0.0,0.5642293264512735,0.3715786201299553,1.5317842969917945,1547.6704956735234,0.0,
2944.0,0.36385494417549974,1.4925373134328332,0.0,0.00020088872333150621,0.0,0.5639330853407714,0.37160369693904,1.5318093738008791,1547.6958325552387,0.0,
2946.0,0.36385494417549974,1.4925373134328332,0.0,0.00020088872333150621,0.0,0.5636368442302692,0.37162878453417175,1.5318344613960109,1547.721180334863,0.0,
2948.0,0.36385494417549974,1.4925373134328332,0.0,0.00020088872333150621,0.0,0.563340603119767,0.3716538829266918,1.531859559788531,1547.7465390238565,0.0,
2950.0,0.36385494417549974,1.4925373134328332,0.0,0.00020088872333150621,0.0,0.5630443620092648,0.37167899212795896,1.5318846689897982,1547.771908633695,0.0,
2952.0,0.36385494417549974,1.4925373134328332,0.0,0.00020088872333150621,0.0,0.5627481208987626,0.3717041121493501,1.5319097890111892,1547.797289175873,0.0,
2954.0,0.36385494417549974,1.4925373134328332,0.0,0.00020088872333150621,0.0,0.5624518797882604,0.3717292430022602,1.5319349198640995,1547.8226806619043,0.0,
2956.0,0.36385494417549974,1.4925373134328332,0.0,0.00020088872333150621,0.0,0.5621556386777582,0.3717543846981019,1.5319600615599411,1547.8480831033196,0.0,
2958.0,0.36385494417549974,1.4925373134328332,0.0,0.00020088872333150621,0.0,0.561859397567256,0.37177953724830626,1.5319852141101455,1547.873496511669,0.0,
2960.0,0.36385494417549974,1.4925373134328332,0.0,0.00020088872333150621,0.0,0.5615631564567538,0.37180470066432236,1.5320103775261615,1547.8989208985197,0.0,
2962.0,0.36385494417549974,1.4925373134328332,0.0,0.00020088872333150621,0.0,0.5612669153462516,0.3718298749576171,1.5320355518194562,1547.9243562754573,0.0,
2964.0,0.36385494417549974,1.4925373134328332,0.0,0.00020088872333150621,0.0,0.5609706742357494,0.37185506013967584,1.5320607370015151,1547.9498026540875,0.0,
2966.0,0.36385494417549974,1.4925373134328332,0.0,0.00020088872333150621,0.0,0.5606744331252472,0.3718802562220021,1.5320859330838412,1547.9752600460317,0.0,
2968.0,0.36385494417549974,1.4925373134328332,0.0,0.00020088872333150621,0.0,0.560378192014745,0.37190546321611756,1.5321111400779568,1548.000728462932,0.0,
2970.0,0.36385494417549974,1.4925373134328332,0.0,0.00020088872333150621,0.0,0.5600819509042428,0.37193068113356226,1.5321363579954015,1548.026207916448,0.0,
2972.0,0.36385494417549974,1.4925373134328332,0.0,0.00020088872333150621,0.0,0.5597857097937406,0.37195590998589445,1.5321615868477336,1548.0516984182573,0.0,
2974.0,0.36385494417549974,1.4925373134328332,0.0,0.00020088872333150621,0.0,0.5594894686832385,0.37198114978469077,1.53218682664653,1548.0771999800575,0.0,
2976.0,0.36385494417549974,1.4925373134328332,0.0,0.00020088872333150621,0.0,0.5591932275727363,0.3720064005415464,1.5322120774033856,1548.102712613563,0.0,
2978.0,0.36385494417549974,1.4925373134328332,0.0,0.00020088872333150621,0.0,0.5588969864622341,0.3720316622680747,1.532237339129914,1548.1282363305083,0.0,
2980.0,0.36385494417549974,1.4925373134328332,0.0,0.00020088872333150621,0.0,0.5586007453517319,0.37205693497590775,1.532262611837747,1548.1537711426456,0.0,
2982.0,0.36385494417549974,1.4925373134328332,0.0,0.00020088872333150621,0.0,0.5583045042412297,0.372082218676696,1.5322878955385353,1548.179317061747,0.0,
2984.0,0.36385494417549974,1.4925373134328332,0.0,0.00020088872333150621,0.0,0.5580082631307275,0.37210751338210835,1.5323131902439475,1548.2048740996017,0.0,
2986.0,0.36385494417549974,1.4925373134328332,0.0,0.00020088872333150621,0.0,0.5577120220202253,0.37213281910383256,1.5323384959656716,1548.2304422680188,0.0,
2988.0,0.36385494417549974,1.4925373134328332,0.0,0.00020088872333150621,0.0,0.5574157809097231,0.37215813585357477,1.532363812715414,1548.2560215788262,0.0,
2990.0,0.36385494417549974,1.4925373134328332,0.0,0.00020088872333150621,0.0,0.5571195397992209,0.37218346364306,1.5323891405048993,1548.2816120438704,0.0,
2992.0,0.36385494417549974,1.4925373134328332,0.0,0.00020088872333150621,0.0,0.5568232986887187,0.37220880248403176,1.532414479345871,1548.3072136750159,0.0,
2994.0,0.36385494417549974,1.4925373134328332,0.0,0.00020088872333150621,0.0,0.5565270575782165,0.37223415238825247,1.5324398292500916,1548.332826484148,0.0,
2996.0,0.36385494417549974,1.4925373134328332,0.0,0.00020088872333150621,0.0,0.5562308164677143,0.37225951336750335,1.5324651902293425,1548.3584504831697,0.0,
2998.0,0.36385494417549974,1.4925373134328332,0.0,0.00020088872333150621,0.0,0.5559345753572121,0.37228488543358423,1.5324905622954235,1548.3840856840038,0.0,
3000.0,0.36385494417549974,1.4925373134328332,0.0,0.00020088872333150621,0.0,0.5556383342467099,0.3723102685983141,1.5325159454601534,1548.4097320985913,0.0,
3002.0,0.36385494417549974,1.4925373134328332,0.0,0.00020088872333150621,0.0,0.5553420931362077,0.3723356628735308,1.53254133973537,1548.4353897388933,0.0,
3004.0,0.36385494417549974,1.4925373134328332,0.0,0.00020088872333150621,0.0,0.5550458520257056,0.3723610682710908,1.53256674513293,1548.461058616888,0.0,
3006.0,0.36385494417549974,1.4925373134328332,0.0,0.00020088872333150621,0.0,0.5547496109152034,0.37238648480286995,1.5325921616647091,1548.486738744576,0.0,
3008.0,0.36385494417549974,1.4925373134328332,0.0,0.00020088872333150621,0.0,0.5544533698047012,0.37241191248076294,1.5326175893426022,1548.5124301339745,0.0,
3010.0,0.36385494417549974,1.4925373134328332,0.0,0.00020088872333150621,0.0,0.554157128694199,0.3724373513166836,1.5326430281785228,1548.538132797121,0.0,
3012.0,0.36385494417549974,1.4925373134328332,0.0,0.00020088872333150621,0.0,0.5538608875836968,0.3724628013225648,1.532668478184404,1548.5638467460724,0.0,
3014.0,0.36385494417549974,1.4925373134328332,0.0,0.00020088872333150621,0.0,0.5535646464731946,0.37248826251035866,1.5326939393721979,1548.5895719929044,0.0,
3016.0,0.36385494417549974,1.4925373134328332,0.0,0.00020088872333150621,0.0,0.5532684053626924,0.37251373489203643,1.5327194117538756,1548.6153085497124,0.0,
3018.0,0.36385494417549974,1.4925373134328332,0.0,0.00020088872333150621,0.0,0.5529721642521902,0.3725392184795886,1.5327448953414278,1548.6410564286114,0.0,
3020.0,0.36385494417549974,1.4925373134328332,0.0,0.00020088872333150621,0.0,0.552675923141688,0.37256471328502494,1.5327703901468641,1548.6668156417356,0.0,
3022.0,0.36385494417549974,1.4925373134328332,0.0,0.00020088872333150621,0.0,0.5523796820311858,0.37259021932037456,1.5327958961822137,1548.692586201239,0.0,
3024.0,0.36385494417549974,1.4925373134328332,0.0,0.00020088872333150621,0.0,0.5520834409206836,0.3726157365976859,1.532821413459525,1548.718368119295,0.0,
3026.0,0.36385494417549974,1.4925373134328332,0.0,0.00020088872333150621,0.0,0.5517871998101814,0.3726412651290267,1.532846941990866,1548.7441614080967,0.0,
3028.0,0.36385494417549974,1.4925373134328332,0.0,0.00020088872333150621,0.0,0.5514909586996792,0.37266680492648435,1.5328724817883235,1548.7699660798567,0.0,
3030.0,0.36385494417549974,1.4925373134328332,0.0,0.00020088872333150621,0.0,0.551194717589177,0.3726923560021656,1.5328980328640047,1548.795782146807,0.0,
3032.0,0.36385494417549974,1.4925373134328332,0.0,0.00020088872333150621,0.0,0.5508984764786748,0.3727179183681968,1.532923595230036,1548.8216096211997,0.0,
3034.0,0.36385494417549974,1.4925373134328332,0.0,0.00020088872333150621,0.0,0.5506022353681727,0.37274349203672374,1.5329491688985628,1548.8474485153072,0.0,
3036.0,0.36385494417549974,1.4925373134328332,0.0,0.00020088872333150621,0.0,0.5503059942576705,0.3727690770199119,1.532974753881751,1548.8732988414206,0.0,
3038.0,0.36385494417549974,1.4925373134328332,0.0,0.00020088872333150621,0.0,0.5500097531471683,0.3727946733299465,1.5330003501917857,1548.8991606118516,0.0,
3040.0,0.36385494417549974,1.4925373134328332,0.0,0.00020088872333150621,0.0,0.5497135120366661,0.37282028097903225,1.5330259578408714,1548.9250338389315,0.0,
3042.0,0.36385494417549974,1.4925373134328332,0.0,0.00020088872333150621,0.0,0.5494172709261639,0.3728458999793938,1.533051576841233,1548.950918535012,0.0,
3044.0,0.36385494417549974,1.4925373134328332,0.0,0.00020088872333150621,0.0,0.5491210298156617,0.3728715303432754,1.5330772072051146,1548.976814712464,0.0,
3046.0,0.36385494417549974,1.4925373134328332,0.0,0.00020088872333150621,0.0,0.5488247887051595,0.3728971720829412,1.5331028489447804,1549.002722383679,0.0,
3048.0,0.36385494417549974,1.4925373134328332,0.0,0.00020088872333150621,0.0,0.5485285475946573,0.3729228252106754,1.5331285020725145,1549.028641561068,0.0,
3050.0,0.36385494417549974,1.4925373134328332,0.0,0.00020088872333150621,0.0,0.5482323064841551,0.3729484897387817,1.5331541666006208,1549.054572257063,0.0,
3052.0,0.36385494417549974,1.4925373134328332,0.0,0.00020088872333150621,0.0,0.5479360653736529,0.37297416567958414,1.5331798425414234,1549.0805144841163,0.0,
3054.0,0.36385494417549974,1.4925373134328332,0.0,0.00020088872333150621,0.0,0.5476398242631507,0.3729998530454265,1.5332055299072656,1549.1064682546985,0.0,
3056.0,0.36385494417549974,1.4925373134328332,0.0,0.00020088872333150621,0.0,0.5473435831526485,0.37302555184867275,1.5332312287105119,1549.1324335813026,0.0,
3058.0,0.36385494417549974,1.4925373134328332,0.0,0.00020088872333150621,0.0,0.5470473420421463,0.37305126210170686,1.533256938963546,1549.1584104764406,0.0,
3060.0,0.36385494417549974,1.4925373134328332,0.0,0.00020088872333150621,0.0,0.5467511009316441,0.373076983816933,1.5332826606787722,1549.1843989526458,0.0,
3062.0,0.36385494417549974,1.4925373134328332,0.0,0.00020088872333150621,0.0,0.546454859821142,0.37310271700677544,1.5333083938686147,1549.2103990224707,0.0,
3064.0,0.36385494417549974,1.4925373134328332,0.0,0.00020088872333150621,0.0,0.5461586187106398,0.37312846168367864,1.533334138545518,1549.2364106984892,0.0,
3066.0,0.36385494417549974,1.4925373134328332,0.0,0.00020088872333150621,0.0,0.5458623776001376,0.3731542178601074,1.5333598947219464,1549.2624339932954,0.0,
3068.0,0.36385494417549974,1.4925373134328332,0.0,0.00020088872333150621,0.0,0.5455661364896354,0.37317998554854664,1.5333856624103859,1549.2884689195039,0.0,
3070.0,0.36385494417549974,1.4925373134328332,0.0,0.00020088872333150621,0.0,0.5452698953791332,0.37320576476150197,1.533411441623341,1549.3145154897495,0.0,
3072.0,0.36385494417549974,1.4925373134328332,0.0,0.00020088872333150621,0.0,0.544973654268631,0.373231555511499,1.5334372323733383,1549.340573716688,0.0,
3074.0,0.36385494417549974,1.4925373134328332,0.0,0.00020088872333150621,0.0,0.5446774131581288,0.37325735781108405,1.5334630346729232,1549.3666436129954,0.0,
3076.0,0.36385494417549974,1.4925373134328332,0.0,0.00020088872333150621,0.0,0.5443811720476266,0.3732831716728237,1.533488848534663,1549.3927251913694,0.0,
3078.0,0.36385494417549974,1.4925373134328332,0.0,0.00020088872333150621,0.0,0.5440849309371244,0.37330899710930526,1.5335146739711445,1549.4188184645275,0.0,
3080.0,0.36385494417549974,1.4925373134328332,0.0,0.00020088872333150621,0.0,0.5437886898266222,0.37333483413313656,1.5335405109949758,1549.4449234452077,0.0,
3082.0,0.36385494417549974,1.4925373134328332,0.0,0.00020088872333150621,0.0,0.54349244871612,0.37336068275694584,1.533566359618785,1549.4710401461703,0.0,
3084.0,0.36385494417549974,1.4925373134328332,0.0,0.00020088872333150621,0.0,0.5431962076056178,0.3733865429933823,1.5335922198552214,1549.4971685801945,0.0,
3086.0,0.36385494417549974,1.4925373134328332,0.0,0.00020088872333150621,0.0,0.5428999664951156,0.37341241485511556,1.5336180917169548,1549.5233087600827,0.0,
3088.0,0.36385494417549974,1.4925373134328332,0.0,0.00020088872333150621,0.0,0.5426037253846134,0.37343829835483616,1.5336439752166753,1549.5494606986556,0.0,
3090.0,0.36385494417549974,1.4925373134328332,0.0,0.00020088872333150621,0.0,0.5423074842741112,0.3734641935052554,1.5336698703670946,1549.5756244087572,0.0,
3092.0,0.36385494417549974,1.4925373134328332,0.0,0.00020088872333150621,0.0,0.542011243163609,0.37349010031910534,1.5336957771809445,1549.6017999032517,0.0,
3094.0,0.36385494417549974,1.4925373134328332,0.0,0.00020088872333150621,0.0,0.5417150020531069,0.3735160188091391,1.5337216956709783,1549.6279871950242,0.0,
3096.0,0.36385494417549974,1.4925373134328332,0.0,0.00020088872333150621,0.0,0.5414187609426047,0.3735419489881305,1.5337476258499696,1549.654186296981,0.0,
3098.0,0.36385494417549974,1.4925373134328332,0.0,0.00020088872333150621,0.0,0.5411225198321025,0.37356789086887443,1.5337735677307136,1549.6803972220491,0.0,
3100.0,0.36385494417549974,1.4925373134328332,0.0,0.00020088872333150621,0.0,0.5408262787216003,0.3735938444641869,1.533799521326026,1549.7066199831788,0.0,
3102.0,0.36385494417549974,1.4925373134328332,0.0,0.00020088872333150621,0.0,0.5405300376110981,0.3736198097869049,1.533825486648744,1549.7328545933392,0.0,
3104.0,0.36385494417549974,1.4925373134328332,0.0,0.00020088872333150621,0.0,0.5402337965005959,0.3736457868498865,1.5338514637117255,1549.7591010655217,0.0,
3106.0,0.36385494417549974,1.4925373134328332,0.0,0.00020088872333150621,0.0,0.5399375553900937,0.3736717756660109,1.53387745252785,1549.7853594127396,0.0,
3108.0,0.36385494417549974,1.4925373134328332,0.0,0.00020088872333150621,0.0,0.5396413142795915,0.3736977762481786,1.5339034531100177,1549.8116296480268,0.0,
3110.0,0.36385494417549974,1.4925373134328332,0.0,0.00020088872333150621,0.0,0.5393450731690893,0.3737237886093114,1.5339294654711506,1549.8379117844395,0.0,
3112.0,0.36385494417549974,1.4925373134328332,0.0,0.00020088872333150621,0.0,0.5390488320585871,0.3737498127623522,1.5339554896241914,1549.8642058350545,0.0,
3114.0,0.36385494417549974,1.4925373134328332,0.0,0.00020088872333150621,0.0,0.5387525909480849,0.37377584872026537,1.5339815255821045,1549.8905118129703,0.0,
3116.0,0.36385494417549974,1.4925373134328332,0.0,0.00020088872333150621,0.0,0.5384563498375827,0.37380189649603673,1.534007573357876,1549.9168297313079,0.0,
3118.0,0.36385494417549974,1.4925373134328332,0.0,0.00020088872333150621,0.0,0.5381601087270805,0.37382795610267344,1.5340336329645126,1549.9431596032096,0.0,
3120.0,0.36385494417549974,1.4925373134328332,0.0,0.00020088872333150621,0.0,0.5378638676165783,0.3738540275532041,1.5340597044150432,1549.9695014418385,0.0,
3122.0,0.36385494417549974,1.4925373134328332,0.0,0.00020088872333150621,0.0,0.5375676265060761,0.373880110860679,1.5340857877225182,1549.9958552603805,0.0,
3124.0,0.36385494417549974,1.4925373134328332,0.0,0.00020088872333150621,0.0,0.537271385395574,0.37390620603817,1.534111882900009,1550.022221072043,0.0,
3126.0,0.36385494417549974,1.4925373134328332,0.0,0.00020088872333150621,0.0,0.5369751442850718,0.37393231309877034,1.5341379899606096,1550.0485988900552,0.0,
3128.0,0.36385494417549974,1.4925373134328332,0.0,0.00020088872333150621,0.0,0.5366789031745696,0.3739584320555952,1.5341641089174345,1550.0749887276684,0.0,
3130.0,0.36385494417549974,1.4925373134328332,0.0,0.00020088872333150621,0.0,0.5363826620640674,0.3739845629217814,1.5341902397836205,1550.101390598155,0.0,
3132.0,0.36385494417549974,1.4925373134328332,0.0,0.00020088872333150621,0.0,0.5360864209535652,0.3740107057104875,1.5342163825723267,1550.1278045148106,0.0,
3134.0,0.36385494417549974,1.4925373134328332,0.0,0.00020088872333150621,0.0,0.535790179843063,0.3740368604348939,1.534242537296733,1550.154230490952,0.0,
3136.0,0.36385494417549974,1.4925373134328332,0.0,0.00020088872333150621,0.0,0.5354939387325608,0.374063027108203,1.5342687039700422,1550.1806685399188,0.0,
3138.0,0.36385494417549974,1.4925373134328332,0.0,0.00020088872333150621,0.0,0.5351976976220586,0.3740892057436389,1.534294882605478,1550.2071186750718,0.0,
3140.0,0.36385494417549974,1.4925373134328332,0.0,0.00020088872333150621,0.0,0.5349014565115564,0.3741153963544477,1.5343210732162869,1550.2335809097954,0.0,
3142.0,0.36385494417549974,1.4925373134328332,0.0,0.00020088872333150621,0.0,0.5346052154010542,0.37414159895389765,1.5343472758157368,1550.2600552574945,0.0,
3144.0,0.36385494417549974,1.4925373134328332,0.0,0.00020088872333150621,0.0,0.534308974290552,0.37416781355527906,1.5343734904171182,1550.2865417315977,0.0,
3146.0,0.36385494417549974,1.4925373134328332,0.0,0.00020088872333150621,0.0,0.5340127331800498,0.3741940401719041,1.5343997170337433,1550.313040345555,0.0,
3148.0,0.36385494417549974,1.4925373134328332,0.0,0.00020088872333150621,0.0,0.5337164920695476,0.37422027881710745,1.5344259556789466,1550.3395511128394,0.0,
3150.0,0.36385494417549974,1.4925373134328332,0.0,0.00020088872333150621,0.0,0.5334202509590454,0.3742465295042457,1.5344522063660848,1550.3660740469466,0.0,
3152.0,0.36385494417549974,1.4925373134328332,0.0,0.00020088872333150621,0.0,0.5331240098485432,0.3742727922466979,1.5344784691085371,1550.3926091613935,0.0,
3154.0,0.36385494417549974,1.4925373134328332,0.0,0.00020088872333150621,0.0,0.532827768738041,0.3742990670578653,1.5345047439197044,1550.4191564697205,0.0,
3156.0,0.36385494417549974,1.4925373134328332,0.0,0.00020088872333150621,0.0,0.5325315276275389,0.3743253539511716,1.534531030813011,1550.4457159854915,0.0,
3158.0,0.36385494417549974,1.4925373134328332,0.0,0.00020088872333150621,0.0,0.5322352865170367,0.37435165294006284,1.534557329801902,1550.4722877222905,0.0,
3160.0,0.36385494417549974,1.4925373134328332,0.0,0.00020088872333150621,0.0,0.5319390454065345,0.37437796403800744,1.5345836408998466,1550.4988716937264,0.0,
3162.0,0.36385494417549974,1.4925373134328332,0.0,0.00020088872333150621,0.0,0.5316428042960323,0.3744042872584966,1.534609964120336,1550.525467913431,0.0,
3164.0,0.36385494417549974,1.4925373134328332,0.0,0.00020088872333150621,0.0,0.5313465631855301,0.3744306226150438,1.534636299476883,1550.5520763950565,0.0,
3166.0,0.36385494417549974,1.4925373134328332,0.0,0.00020088872333150621,0.0,0.5310503220750279,0.37445697012118523,1.5346626469830245,1550.5786971522805,0.0,
3168.0,0.36385494417549974,1.4925373134328332,0.0,0.00020088872333150621,0.0,0.5307540809645257,0.3744833297904797,1.5346890066523189,1550.605330198802,0.0,
3170.0,0.36385494417549974,1.4925373134328332,0.0,0.00020088872333150621,0.0,0.5304578398540235,0.3745097016365089,1.534715378498348,1550.6319755483437,0.0,
3172.0,0.36385494417549974,1.4925373134328332,0.0,0.00020088872333150621,0.0,0.5301615987435213,0.37453608567287694,1.5347417625347162,1550.658633214651,0.0,
3174.0,0.36385494417549974,1.4925373134328332,0.0,0.00020088872333150621,0.0,0.5298653576330191,0.3745624819132111,1.5347681587750504,1550.6853032114918,0.0,
3176.0,0.36385494417549974,1.4925373134328332,0.0,0.00020088872333150621,0.0,0.5295691165225169,0.37458889037116144,1.5347945672330006,1550.7119855526585,0.0,
3178.0,0.36385494417549974,1.4925373134328332,0.0,0.00020088872333150621,0.0,0.5292728754120147,0.3746153110604007,1.5348209879222399,1550.7386802519654,0.0,
3180.0,0.36385494417549974,1.4925373134328332,0.0,0.00020088872333150621,0.0,0.5289766343015125,0.3746417439946248,1.534847420856464,1550.76538732325,0.0,
3182.0,0.36385494417549974,1.4925373134328332,0.0,0.00020088872333150621,0.0,0.5286803931910103,0.37466818918755274,1.534873866049392,1550.7921067803743,0.0,
3184.0,0.36385494417549974,1.4925373134328332,0.0,0.00020088872333150621,0.0,0.5283841520805082,0.37469464665292634,1.5349003235147656,1550.8188386372221,0.0,
3186.0,0.36385494417549974,1.4925373134328332,0.0,0.00020088872333150621,0.0,0.528087910970006,0.3747211164045108,1.53492679326635,1550.8455829077018,0.0,
3188.0,0.36385494417549974,1.4925373134328332,0.0,0.00020088872333150621,0.0,0.5277916698595038,0.37474759845609423,1.5349532753179334,1550.8723396057437,0.0,
3190.0,0.36385494417549974,1.4925373134328332,0.0,0.00020088872333150621,0.0,0.5274954287490016,0.3747740928214882,1.5349797696833274,1550.899108745304,0.0,
3192.0,0.36385494417549974,1.4925373134328332,0.0,0.00020088872333150621,0.0,0.5271991876384994,0.37480059951452743,1.5350062763763666,1550.9258903403595,0.0,
3194.0,0.36385494417549974,1.4925373134328332,0.0,0.00020088872333150621,0.0,0.5269029465279972,0.37482711854907,1.535032795410909,1550.9526844049128,0.0,
3196.0,0.36385494417549974,1.4925373134328332,0.0,0.00020088872333150621,0.0,0.526606705417495,0.37485364993899734,1.5350593268008366,1550.9794909529892,0.0,
3198.0,0.36385494417549974,1.4925373134328332,0.0,0.00020088872333150621,0.0,0.5263104643069928,0.37488019369821446,1.5350858705600536,1551.0063099986376,0.0,
3200.0,0.36385494417549974,1.4925373134328332,0.0,0.00020088872333150621,0.0,0.5260142231964906,0.37490674984064953,1.5351124267024887,1551.0331415559308,0.0,
3202.0,0.36385494417549974,1.4925373134328332,0.0,0.00020088872333150621,0.0,0.5257179820859884,0.3749333183802547,1.5351389952420937,1551.0599856389656,0.0,
3204.0,0.36385494417549974,1.4925373134328332,0.0,0.00020088872333150621,0.0,0.5254217409754862,0.37495989933100526,1.5351655761928444,1551.0868422618623,0.0,
3206.0,0.36385494417549974,1.4925373134328332,0.0,0.00020088872333150621,0.0,0.525125499864984,0.3749864927069006,1.5351921695687398,1551.113711438766,0.0,
3208.0,0.36385494417549974,1.4925373134328332,0.0,0.00020088872333150621,0.0,0.5248292587544818,0.37501309852196335,1.5352187753838025,1551.1405931838435,0.0,
3210.0,0.36385494417549974,1.4925373134328332,0.0,0.00020088872333150621,0.0,0.5245330176439796,0.37503971679024023,1.5352453936520793,1551.1674875112885,0.0,
3212.0,0.36385494417549974,1.4925373134328332,0.0,0.00020088872333150621,0.0,0.5242367765334774,0.3750663475258016,1.5352720243876408,1551.1943944353163,0.0,
3214.0,0.36385494417549974,1.4925373134328332,0.0,0.00020088872333150621,0.0,0.5239405354229753,0.37509299074274177,1.535298667604581,1551.2213139701682,0.0,
3216.0,0.36385494417549974,1.4925373134328332,0.0,0.00020088872333150621,0.0,0.5236442943124731,0.3751196464551789,1.535325323317018,1551.2482461301083,0.0,
3218.0,0.36385494417549974,1.4925373134328332,0.0,0.00020088872333150621,0.0,0.5233480532019709,0.37514631467725523,1.5353519915390945,1551.2751909294254,0.0,
3220.0,0.36385494417549974,1.4925373134328332,0.0,0.00020088872333150621,0.0,0.5230518120914687,0.3751729954231368,1.535378672284976,1551.3021483824327,0.0,
3222.0,0.36385494417549974,1.4925373134328332,0.0,0.00020088872333150621,0.0,0.5227555709809665,0.3751996887070139,1.535405365568853,1551.3291185034673,0.0,
3224.0,0.36385494417549974,1.4925373134328332,0.0,0.00020088872333150621,0.0,0.5224593298704643,0.375226394543101,1.53543207140494,1551.3561013068918,0.0,
3226.0,0.36385494417549974,1.4925373134328332,0.0,0.00020088872333150621,0.0,0.5221630887599621,0.3752531129456367,1.5354587898074759,1551.383096807092,0.0,
3228.0,0.36385494417549974,1.4925373134328332,0.0,0.00020088872333150621,0.0,0.5218668476494599,0.37527984392888364,1.5354855207907228,1551.4101050184786,0.0,
3230.0,0.36385494417549974,1.4925373134328332,0.0,0.00020088872333150621,0.0,0.5215706065389577,0.375306587507129,1.535512264368968,1551.4371259554866,0.0,
3232.0,0.36385494417549974,1.4925373134328332,0.0,0.00020088872333150621,0.0,0.5212743654284555,0.3753333436946842,1.5355390205565234,1551.4641596325762,0.0,
3234.0,0.36385494417549974,1.4925373134328332,0.0,0.00020088872333150621,0.0,0.5209781243179533,0.3753601125058852,1.5355657893677244,1551.4912060642323,0.0,
3236.0,0.36385494417549974,1.4925373134328332,0.0,0.00020088872333150621,0.0,0.5206818832074511,0.3753868939550922,1.5355925708169313,1551.5182652649632,0.0,
3238.0,0.36385494417549974,1.4925373134328332,0.0,0.00020088872333150621,0.0,0.5203856420969489,0.3754136880566902,1.5356193649185295,1551.5453372493037,0.0,
3240.0,0.36385494417549974,1.4925373134328332,0.0,0.00020088872333150621,0.0,0.5200894009864467,0.3754404948250885,1.5356461716869276,1551.5724220318123,0.0,
3242.0,0.36385494417549974,1.4925373134328332,0.0,0.00020088872333150621,0.0,0.5197931598759445,0.37546731427472124,1.5356729911365605,1551.5995196270733,0.0,
3244.0,0.36385494417549974,1.4925373134328332,0.0,0.00020088872333150621,0.0,0.5194969187654424,0.375494146420047,1.5356998232818861,1551.6266300496948,0.0,
3246.0,0.36385494417549974,1.4925373134328332,0.0,0.00020088872333150621,0.0,0.5192006776549402,0.37552099127554944,1.5357266681373887,1551.653753314311,0.0,
3248.0,0.36385494417549974,1.4925373134328332,0.0,0.00020088872333150621,0.0,0.518904436544438,0.3755478488557368,1.535753525717576,1551.68088943558,0.0,
3250.0,0.36385494417549974,1.4925373134328332,0.0,0.00020088872333150621,0.0,0.5186081954339358,0.375574719175142,1.5357803960369811,1551.7080384281853,0.0,
3252.0,0.36385494417549974,1.4925373134328332,0.0,0.00020088872333150621,0.0,0.5183119543234336,0.37560160224832334,1.5358072791101625,1551.7352003068374,0.0,
3254.0,0.36385494417549974,1.4925373134328332,0.0,0.00020088872333150621,0.0,0.5180157132129314,0.3756284980898637,1.5358341749517028,1551.7623750862697,0.0,
3256.0,0.36385494417549974,1.4925373134328332,0.0,0.00020088872333150621,0.0,0.5177194721024292,0.37565540671437114,1.5358610835762103,1551.7895627812416,0.0,
3258.0,0.36385494417549974,1.4925373134328332,0.0,0.00020088872333150621,0.0,0.517423230991927,0.3756823281364787,1.535888004998318,1551.8167634065378,0.0,
3260.0,0.36385494417549974,1.4925373134328332,0.0,0.00020088872333150621,0.0,0.5171269898814248,0.37570926237084484,1.535914939232684,1551.8439769769693,0.0,
3262.0,0.36385494417549974,1.4925373134328332,0.0,0.00020088872333150621,0.0,0.5168307487709226,0.37573620943215286,1.535941886293992,1551.871203507371,0.0,
3264.0,0.36385494417549974,1.4925373134328332,0.0,0.00020088872333150621,0.0,0.5165345076604204,0.3757631693351115,1.5359688461969507,1551.8984430126056,0.0,
3266.0,0.36385494417549974,1.4925373134328332,0.0,0.00020088872333150621,0.0,0.5162382665499182,0.3757901420944548,1.535995818956294,1551.9256955075582,0.0,
3268.0,0.36385494417549974,1.4925373134328332,0.0,0.00020088872333150621,0.0,0.515942025439416,0.37581712772494225,1.5360228045867814,1551.9529610071422,0.0,
3270.0,0.36385494417549974,1.4925373134328332,0.0,0.00020088872333150621,0.0,0.5156457843289138,0.37584412624135854,1.5360498031031977,1551.9802395262961,0.0,
3272.0,0.36385494417549974,1.4925373134328332,0.0,0.00020088872333150621,0.0,0.5153495432184116,0.37587113765851404,1.5360768145203532,1552.0075310799828,0.0,
3274.0,0.36385494417549974,1.4925373134328332,0.0,0.00020088872333150621,0.0,0.5150533021079094,0.3758981619912446,1.5361038388530839,1552.0348356831926,0.0,
3276.0,0.36385494417549974,1.4925373134328332,0.0,0.00020088872333150621,0.0,0.5147570609974073,0.37592519925441176,1.5361308761162509,1552.0621533509407,0.0,
3278.0,0.36385494417549974,1.4925373134328332,0.0,0.00020088872333150621,0.0,0.5144608198869051,0.3759522494629026,1.5361579263247418,1552.0894840982696,0.0,
3280.0,0.36385494417549974,1.4925373134328332,0.0,0.00020088872333150621,0.0,0.5141645787764029,0.3759793126316301,1.5361849894934692,1552.116827940246,0.0,
3282.0,0.36385494417549974,1.4925373134328332,0.0,0.00020088872333150621,0.0,0.5138683376659007,0.3760063887755328,1.536212065637372,1552.1441848919637,0.0,
3284.0,0.36385494417549974,1.4925373134328332,0.0,0.00020088872333150621,0.0,0.5135720965553985,0.37603347790957514,1.5362391547714143,1552.1715549685423,0.0,
3286.0,0.36385494417549974,1.4925373134328332,0.0,0.00020088872333150621,0.0,0.5132758554448963,0.37606058004874765,1.5362662569105867,1552.198938185128,0.0,
3288.0,0.36385494417549974,1.4925373134328332,0.0,0.00020088872333150621,0.0,0.5129796143343941,0.3760876952080667,1.536293372069906,1552.2263345568927,0.0,
3290.0,0.36385494417549974,1.4925373134328332,0.0,0.00020088872333150621,0.0,0.5126833732238919,0.3761148234025745,1.5363205002644136,1552.2537440990345,0.0,
3292.0,0.36385494417549974,1.4925373134328332,0.0,0.00020088872333150621,0.0,0.5123871321133897,0.3761419646473397,1.5363476415091788,1552.2811668267784,0.0,
3294.0,0.36385494417549974,1.4925373134328332,0.0,0.00020088872333150621,0.0,0.5120908910028875,0.3761691189574568,1.536374795819296,1552.3086027553757,0.0,
3296.0,0.36385494417549974,1.4925373134328332,0.0,0.00020088872333150621,0.0,0.5117946498923853,0.37619628634804664,1.5364019632098858,1552.3360519001037,0.0,
3298.0,0.36385494417549974,1.4925373134328332,0.0,0.00020088872333150621,0.0,0.5114984087818831,0.37622346683425634,1.5364291436960955,1552.3635142762669,0.0,
3300.0,0.36385494417549974,1.4925373134328332,0.0,0.00020088872333150621,0.0,0.5112021676713809,0.37625066043125927,1.5364563372930984,1552.3909898991958,0.0,
3302.0,0.36385494417549974,1.4925373134328332,0.0,0.00020088872333150621,0.0,0.5109059265608787,0.37627786715425515,1.5364835440160942,1552.4184787842478,0.0,
3304.0,0.36385494417549974,1.4925373134328332,0.0,0.00020088872333150621,0.0,0.5106096854503765,0.3763050870184703,1.5365107638803095,1552.4459809468076,0.0,
3306.0,0.36385494417549974,1.4925373134328332,0.0,0.00020088872333150621,0.0,0.5103134443398744,0.3763323200391575,1.5365379969009967,1552.4734964022857,0.0,
3308.0,0.36385494417549974,1.4925373134328332,0.0,0.00020088872333150621,0.0,0.5100172032293722,0.3763595662315961,1.5365652430934353,1552.5010251661195,0.0,
3310.0,0.36385494417549974,1.4925373134328332,0.0,0.00020088872333150621,0.0,0.50972096211887,0.3763868256110919,1.536592502472931,1552.5285672537743,0.0,
3312.0,0.36385494417549974,1.4925373134328332,0.0,0.00020088872333150621,0.0,0.5094247210083678,0.37641409819297755,1.5366197750548167,1552.5561226807415,0.0,
3314.0,0.36385494417549974,1.4925373134328332,0.0,0.00020088872333150621,0.0,0.5091284798978656,0.37644138399261257,1.5366470608544518,1552.5836914625402,0.0,
3316.0,0.36385494417549974,1.4925373134328332,0.0,0.00020088872333150621,0.0,0.5088322387873634,0.3764686830253831,1.5366743598872223,1552.6112736147156,0.0,
3318.0,0.36385494417549974,1.4925373134328332,0.0,0.00020088872333150621,0.0,0.5085359976768612,0.3764959953067023,1.5367016721685414,1552.6388691528402,0.0,
3320.0,0.36385494417549974,1.4925373134328332,0.0,0.00020088872333150621,0.0,0.508239756566359,0.3765233208520101,1.5367289977138492,1552.6664780925157,0.0,
3322.0,0.36385494417549974,1.4925373134328332,0.0,0.00020088872333150621,0.0,0.5079435154558568,0.3765506596767737,1.5367563365386128,1552.6941004493683,0.0,
3324.0,0.36385494417549974,1.4925373134328332,0.0,0.00020088872333150621,0.0,0.5076472743453546,0.37657801179648714,1.5367836886583264,1552.7217362390538,0.0,
3326.0,0.36385494417549974,1.4925373134328332,0.0,0.00020088872333150621,0.0,0.5073510332348524,0.3766053772266717,1.536811054088511,1552.7493854772533,0.0,
3328.0,0.36385494417549974,1.4925373134328332,0.0,0.00020088872333150621,0.0,0.5070547921243502,0.3766327559828758,1.5368384328447149,1552.7770481796772,0.0,
3330.0,0.36385494417549974,1.4925373134328332,0.0,0.00020088872333150621,0.0,0.506758551013848,0.3766601480806752,1.5368658249425144,1552.8047243620629,0.0,
3332.0,0.36385494417549974,1.4925373134328332,0.0,0.00020088872333150621,0.0,0.5064623099033458,0.3766875535356729,1.536893230397512,1552.8324140401746,0.0,
3334.0,0.36385494417549974,1.4925373134328332,0.0,0.00020088872333150621,0.0,0.5061660687928436,0.3767149723634993,1.5369206492253384,1552.8601172298054,0.0,
3336.0,0.36385494417549974,1.4925373134328332,0.0,0.00020088872333150621,0.0,0.5058698276823415,0.37674240457981234,1.5369480814416516,1552.8878339467751,0.0,
3338.0,0.36385494417549974,1.4925373134328332,0.0,0.00020088872333150621,0.0,0.5055735865718393,0.3767698502002973,1.5369755270621364,1552.915564206932,0.0,
3340.0,0.36385494417549974,1.4925373134328332,0.0,0.00020088872333150621,0.0,0.5052773454613371,0.37679730924066723,1.5370029861025063,1552.9433080261524,0.0,
3342.0,0.36385494417549974,1.4925373134328332,0.0,0.00020088872333150621,0.0,0.5049811043508349,0.3768247817166627,1.537030458578502,1552.9710654203395,0.0,
3344.0,0.36385494417549974,1.4925373134328332,0.0,0.00020088872333150621,0.0,0.5046848632403327,0.37685226764405216,1.5370579445058914,1552.9988364054257,0.0,
3346.0,0.36385494417549974,1.4925373134328332,0.0,0.00020088872333150621,0.0,0.5043886221298305,0.3768797670386316,1.5370854439004706,1553.0266209973704,0.0,
3348.0,0.36385494417549974,1.4925373134328332,0.0,0.00020088872333150621,0.0,0.5040923810193283,0.3769072799162249,1.5371129567780641,1553.054419212162,0.0,
3350.0,0.36385494417549974,1.4925373134328332,0.0,0.00020088872333150621,0.0,0.5037961399088261,0.37693480629268417,1.5371404831545232,1553.0822310658168,0.0,
3352.0,0.36385494417549974,1.4925373134328332,0.0,0.00020088872333150621,0.0,0.5034998987983239,0.3769623461838889,1.537168023045728,1553.1100565743793,0.0,
3354.0,0.36385494417549974,1.4925373134328332,0.0,0.00020088872333150621,0.0,0.5032036576878217,0.37698989960574714,1.5371955764675864,1553.1378957539223,0.0,
3356.0,0.36385494417549974,1.4925373134328332,0.0,0.00020088872333150621,0.0,0.5029074165773195,0.3770174665741948,1.537223143436034,1553.1657486205465,0.0,
3358.0,0.36385494417549974,1.4925373134328332,0.0,0.00020088872333150621,0.0,0.5026111754668173,0.37704504710519604,1.5372507239670352,1553.1936151903826,0.0,
3360.0,0.36385494417549974,1.4925373134328332,0.0,0.00020088872333150621,0.0,0.5023149343563151,0.3770726412147432,1.5372783180765823,1553.221495479588,0.0,
3362.0,0.36385494417549974,1.4925373134328332,0.0,0.00020088872333150621,0.0,0.5020186932458129,0.3771002489188569,1.537305925780696,1553.24938950435,0.0,
3364.0,0.36385494417549974,1.4925373134328332,0.0,0.00020088872333150621,0.0,0.5017224521353107,0.3771278702335863,1.5373335470954255,1553.2772972808837,0.0,
3366.0,0.36385494417549974,1.4925373134328332,0.0,0.00020088872333150621,0.0,0.5014262110248086,0.3771555051750088,1.537361182036848,1553.3052188254337,0.0,
3368.0,0.36385494417549974,1.4925373134328332,0.0,0.00020088872333150621,0.0,0.5011299699143064,0.37718315375923034,1.5373888306210695,1553.3331541542723,0.0,
3370.0,0.36385494417549974,1.4925373134328332,0.0,0.00020088872333150621,0.0,0.5008337288038042,0.37721081600238565,1.5374164928642249,1553.3611032837027,0.0,
3372.0,0.36385494417549974,1.4925373134328332,0.0,0.00020088872333150621,0.0,0.500537487693302,0.3772384919206377,1.537444168782477,1553.3890662300544,0.0,
3374.0,0.36385494417549974,1.4925373134328332,0.0,0.00020088872333150621,0.0,0.5002412465827998,0.3772661815301785,1.5374718583920177,1553.417043009688,0.0,
3376.0,0.36385494417549974,1.4925373134328332,0.0,0.00020088872333150621,0.0,0.4999450054722976,0.3772938848472287,1.5374995617090679,1553.445033638992,0.0,
3378.0,0.36385494417549974,1.4925373134328332,0.0,0.00020088872333150621,0.0,0.4996487643617954,0.3773216018880378,1.537527278749877,1553.4730381343848,0.0,
3380.0,0.36385494417549974,1.4925373134328332,0.0,0.00020088872333150621,0.0,0.4993525232512932,0.3773493326688843,1.5375550095307235,1553.5010565123132,0.0,
3382.0,0.36385494417549974,1.4925373134328332,0.0,0.00020088872333150621,0.0,0.499056282140791,0.3773770772060755,1.5375827540679146,1553.5290887892538,0.0,
3384.0,0.36385494417549974,1.4925373134328332,0.0,0.00020088872333150621,0.0,0.4987600410302888,0.37740483551594795,1.537610512377787,1553.5571349817133,0.0,
3386.0,0.36385494417549974,1.4925373134328332,0.0,0.00020088872333150621,0.0,0.4984637999197866,0.3774326076148672,1.5376382844767063,1553.5851951062257,0.0,
3388.0,0.36385494417549974,1.4925373134328332,0.0,0.00020088872333150621,0.0,0.4981675588092844,0.37746039351922794,1.5376660703810672,1553.6132691793568,0.0,
3390.0,0.36385494417549974,1.4925373134328332,0.0,0.00020088872333150621,0.0,0.49787131769878223,0.37748819324545424,1.5376938701072935,1553.6413572177007,0.0,
3392.0,0.36385494417549974,1.4925373134328332,0.0,0.00020088872333150621,0.0,0.49757507658828004,0.3775160068099995,1.5377216836718388,1553.6694592378815,0.0,
3394.0,0.36385494417549974,1.4925373134328332,0.0,0.00020088872333150621,0.0,0.49727883547777785,0.3775438342293464,1.5377495110911856,1553.697575256552,0.0,
3396.0,0.36385494417549974,1.4925373134328332,0.0,0.00020088872333150621,0.0,0.49698259436727565,0.37757167552000714,1.5377773523818463,1553.7257052903965,0.0,
3398.0,0.36385494417549974,1.4925373134328332,0.0,0.00020088872333150621,0.0,0.49668635325677346,0.3775995306985235,1.5378052075603625,1553.7538493561285,0.0,
3400.0,0.36385494417549974,1.4925373134328332,0.0,0.00020088872333150621,0.0,0.49639011214627127,0.37762739978146675,1.537833076643306,1553.782007470491,0.0,
3402.0,0.36385494417549974,1.4925373134328332,0.0,0.00020088872333150621,0.0,0.4960938710357691,0.37765528278543803,1.5378609596472772,1553.8101796502563,0.0,
3404.0,0.36385494417549974,1.4925373134328332,0.0,0.00020088872333150621,0.0,0.4957976299252669,0.377683179727068,1.5378888565889073,1553.8383659122287,0.0,
3406.0,0.36385494417549974,1.4925373134328332,0.0,0.00020088872333150621,0.0,0.4955013888147647,0.3777110906230174,1.5379167674848566,1553.8665662732415,0.0,
3408.0,0.36385494417549974,1.4925373134328332,0.0,0.00020088872333150621,0.0,0.4952051477042625,0.37773901548997657,1.5379446923518156,1553.8947807501575,0.0,
3410.0,0.36385494417549974,1.4925373134328332,0.0,0.00020088872333150621,0.0,0.4949089065937603,0.377766954344666,1.5379726312065052,1553.9230093598717,0.0,
3412.0,0.36385494417549974,1.4925373134328332,0.0,0.00020088872333150621,0.0,0.4946126654832581,0.3777949072038363,1.5380005840656754,1553.9512521193074,0.0,
3414.0,0.36385494417549974,1.4925373134328332,0.0,0.00020088872333150621,0.0,0.4943164243727559,0.37782287408426796,1.5380285509461071,1553.97950904542,0.0,
3416.0,0.36385494417549974,1.4925373134328332,0.0,0.00020088872333150621,0.0,0.4940201832622537,0.37785085500277166,1.5380565318646109,1554.0077801551936,0.0,
3418.0,0.36385494417549974,1.4925373134328332,0.0,0.00020088872333150621,0.0,0.4937239421517515,0.3778788499761886,1.5380845268380277,1554.0360654656447,0.0,
3420.0,0.36385494417549974,1.4925373134328332,0.0,0.00020088872333150621,0.0,0.49342770104124933,0.37790685902138993,1.538112535883229,1554.0643649938195,0.0,
3422.0,0.36385494417549974,1.4925373134328332,0.0,0.00020088872333150621,0.0,0.49313145993074714,0.3779348821552776,1.5381405590171167,1554.0926787567946,0.0,
3424.0,0.36385494417549974,1.4925373134328332,0.0,0.00020088872333150621,0.0,0.49283521882024495,0.37796291939478366,1.5381685962566227,1554.1210067716781,0.0,
3426.0,0.36385494417549974,1.4925373134328332,0.0,0.00020088872333150621,0.0,0.49253897770974275,0.37799097075687094,1.5381966476187101,1554.1493490556088,0.0,
3428.0,0.36385494417549974,1.4925373134328332,0.0,0.00020088872333150621,0.0,0.49224273659924056,0.3780190362585327,1.538224713120372,1554.1777056257563,0.0,
3430.0,0.36385494417549974,1.4925373134328332,0.0,0.00020088872333150621,0.0,0.49194649548873837,0.37804711591679324,1.5382527927786325,1554.2060764993212,0.0,
3432.0,0.36385494417549974,1.4925373134328332,0.0,0.00020088872333150621,0.0,0.4916502543782362,0.3780752097487072,1.5382808866105464,1554.2344616935347,0.0,
3434.0,0.36385494417549974,1.4925373134328332,0.0,0.00020088872333150621,0.0,0.491354013267734,0.3781033177713602,1.5383089946331994,1554.2628612256603,0.0,
3436.0,0.36385494417549974,1.4925373134328332,0.0,0.00020088872333150621,0.0,0.4910577721572318,0.37813144000186893,1.538337116863708,1554.2912751129918,0.0,
3438.0,0.36385494417549974,1.4925373134328332,0.0,0.00020088872333150621,0.0,0.4907615310467296,0.37815957645738085,1.53836525331922,1554.3197033728547,0.0,
3440.0,0.36385494417549974,1.4925373134328332,0.0,0.00020088872333150621,0.0,0.4904652899362274,0.3781877271550747,1.5383934040169138,1554.3481460226053,0.0,
3442.0,0.36385494417549974,1.4925373134328332,0.0,0.00020088872333150621,0.0,0.4901690488257252,0.37821589211216017,1.5384215689739993,1554.3766030796328,0.0,
3444.0,0.36385494417549974,1.4925373134328332,0.0,0.00020088872333150621,0.0,0.489872807715223,0.37824407134587823,1.5384497482077173,1554.4050745613563,0.0,
3446.0,0.36385494417549974,1.4925373134328332,0.0,0.00020088872333150621,0.0,0.4895765666047208,0.37827226487350113,1.5384779417353402,1554.4335604852272,0.0,
3448.0,0.36385494417549974,1.4925373134328332,0.0,0.00020088872333150621,0.0,0.4892803254942186,0.3783004727123325,1.5385061495741716,1554.4620608687287,0.0,
3450.0,0.36385494417549974,1.4925373134328332,0.0,0.00020088872333150621,0.0,0.48898408438371643,0.3783286948797075,1.5385343717415467,1554.4905757293761,0.0,
3452.0,0.36385494417549974,1.4925373134328332,0.0,0.00020088872333150621,0.0,0.48868784327321424,0.3783569313929926,1.5385626082548318,1554.5191050847156,0.0,
3454.0,0.36385494417549974,1.4925373134328332,0.0,0.00020088872333150621,0.0,0.48839160216271205,0.378385182269586,1.5385908591314252,1554.5476489523255,0.0,
3456.0,0.36385494417549974,1.4925373134328332,0.0,0.00020088872333150621,0.0,0.48809536105220985,0.3784134475269175,1.5386191243887566,1554.5762073498167,0.0,
3458.0,0.36385494417549974,1.4925373134328332,0.0,0.00020088872333150621,0.0,0.48779911994170766,0.37844172718244873,1.538647404044288,1554.6047802948324,0.0,
3460.0,0.36385494417549974,1.4925373134328332,0.0,0.00020088872333150621,0.0,0.48750287883120547,0.37847002125367313,1.5386756981155123,1554.6333678050469,0.0,
3462.0,0.36385494417549974,1.4925373134328332,0.0,0.00020088872333150621,0.0,0.4872066377207033,0.378498329758116,1.538704006619955,1554.661969898167,0.0,
3464.0,0.36385494417549974,1.4925373134328332,0.0,0.00020088872333150621,0.0,0.4869103966102011,0.3785266527133345,1.5387323295751736,1554.6905865919325,0.0,
3466.0,0.36385494417549974,1.4925373134328332,0.0,0.00020088872333150621,0.0,0.4866141554996989,0.3785549901369182,1.5387606669987572,1554.7192179041156,0.0,
3468.0,0.36385494417549974,1.4925373134328332,0.0,0.00020088872333150621,0.0,0.4863179143891967,0.37858334204648836,1.5387890189083275,1554.7478638525197,0.0,
3470.0,0.36385494417549974,1.4925373134328332,0.0,0.00020088872333150621,0.0,0.4860216732786945,0.37861170845969877,1.538817385321538,1554.7765244549817,0.0,
3472.0,0.36385494417549974,1.4925373134328332,0.0,0.00020088872333150621,0.0,0.4857254321681923,0.3786400893942355,1.5388457662560746,1554.8051997293715,0.0,
3474.0,0.36385494417549974,1.4925373134328332,0.0,0.00020088872333150621,0.0,0.4854291910576901,0.37866848486781673,1.538874161729656,1554.8338896935907,0.0,
3476.0,0.36385494417549974,1.4925373134328332,0.0,0.00020088872333150621,0.0,0.4851329499471879,0.37869689489819336,1.5389025717600326,1554.8625943655748,0.0,
3478.0,0.36385494417549974,1.4925373134328332,0.0,0.00020088872333150621,0.0,0.4848367088366857,0.37872531950314864,1.5389309963649878,1554.8913137632906,0.0,
3480.0,0.36385494417549974,1.4925373134328332,0.0,0.00020088872333150621,0.0,0.48454046772618353,0.3787537587004986,1.5389594355623377,1554.9200479047395,0.0,
3482.0,0.36385494417549974,1.4925373134328332,0.0,0.00020088872333150621,0.0,0.48424422661568134,0.3787822125080918,1.538987889369931,1554.9487968079552,0.0,
3484.0,0.36385494417549974,1.4925373134328332,0.0,0.00020088872333150621,0.0,0.48394798550517915,0.3788106809438096,1.5390163578056488,1554.9775604910049,0.0,
3486.0,0.36385494417549974,1.4925373134328332,0.0,0.00020088872333150621,0.0,0.48365174439467695,0.37883916402556633,1.5390448408874056,1555.0063389719876,0.0,
3488.0,0.36385494417549974,1.4925373134328332,0.0,0.00020088872333150621,0.0,0.48335550328417476,0.3788676617713091,1.5390733386331483,1555.035132269037,0.0,
3490.0,0.36385494417549974,1.4925373134328332,0.0,0.00020088872333150621,0.0,0.48305926217367257,0.37889617419901805,1.5391018510608572,1555.06394040032,0.0,
3492.0,0.36385494417549974,1.4925373134328332,0.0,0.00020088872333150621,0.0,0.48276302106317037,0.3789247013267065,1.5391303781885457,1555.092763384037,0.0,
3494.0,0.36385494417549974,1.4925373134328332,0.0,0.00020088872333150621,0.0,0.4824667799526682,0.3789532431724209,1.5391589200342601,1555.121601238421,0.0,
3496.0,0.36385494417549974,1.4925373134328332,0.0,0.00020088872333150621,0.0,0.482170538842166,0.3789817997542409,1.53918747661608,1555.150453981739,0.0,
3498.0,0.36385494417549974,1.4925373134328332,0.0,0.00020088872333150621,0.0,0.4818742977316638,0.37901037109027946,1.5392160479521186,1555.1793216322924,0.0,
3500.0,0.36385494417549974,1.4925373134328332,0.0,0.00020088872333150621,0.0,0.4815780566211616,0.3790389571986831,1.5392446340605221,1555.208204208416,0.0,
3502.0,0.36385494417549974,1.4925373134328332,0.0,0.00020088872333150621,0.0,0.4812818155106594,0.3790675580976317,1.5392732349594709,1555.2371017284777,0.0,
3504.0,0.36385494417549974,1.4925373134328332,0.0,0.00020088872333150621,0.0,0.4809855744001572,0.37909617380533883,1.539301850667178,1555.26601421088,0.0,
3506.0,0.36385494417549974,1.4925373134328332,0.0,0.00020088872333150621,0.0,0.480689333289655,0.37912480434005164,1.5393304812018909,1555.2949416740598,0.0,
3508.0,0.36385494417549974,1.4925373134328332,0.0,0.00020088872333150621,0.0,0.4803930921791528,0.379153449720051,1.5393591265818902,1555.3238841364869,0.0,
3510.0,0.36385494417549974,1.4925373134328332,0.0,0.00020088872333150621,0.0,0.48009685106865063,0.3791821099636518,1.539387786825491,1555.3528416166666,0.0,
3512.0,0.36385494417549974,1.4925373134328332,0.0,0.00020088872333150621,0.0,0.47980060995814844,0.3792107850892026,1.5394164619510418,1555.3818141331376,0.0,
3514.0,0.36385494417549974,1.4925373134328332,0.0,0.00020088872333150621,0.0,0.47950436884764625,0.37923947511508616,1.5394451519769252,1555.4108017044734,0.0,
3516.0,0.36385494417549974,1.4925373134328332,0.0,0.00020088872333150621,0.0,0.47920812773714405,0.37926818005971913,1.5394738569215582,1555.4398043492815,0.0,
3518.0,0.36385494417549974,1.4925373134328332,0.0,0.00020088872333150621,0.0,0.47891188662664186,0.3792968999415524,1.5395025768033916,1555.4688220862045,0.0,
3520.0,0.36385494417549974,1.4925373134328332,0.0,0.00020088872333150621,0.0,0.47861564551613967,0.3793256347790713,1.5395313116409104,1555.497854933919,0.0,
3522.0,0.36385494417549974,1.4925373134328332,0.0,0.00020088872333150621,0.0,0.47831940440563747,0.3793543845907952,1.5395600614526344,1555.5269029111364,0.0,
3524.0,0.36385494417549974,1.4925373134328332,0.0,0.00020088872333150621,0.0,0.4780231632951353,0.37938314939527795,1.5395888262571171,1555.5559660366034,0.0,
3526.0,0.36385494417549974,1.4925373134328332,0.0,0.00020088872333150621,0.0,0.4777269221846331,0.37941192921110817,1.5396176060729474,1555.5850443291015,0.0,
3528.0,0.36385494417549974,1.4925373134328332,0.0,0.00020088872333150621,0.0,0.4774306810741309,0.3794407240569087,1.5396464009187478,1555.6141378074458,0.0,
3530.0,0.36385494417549974,1.4925373134328332,0.0,0.00020088872333150621,0.0,0.4771344399636287,0.37946953395133737,1.5396752108131766,1555.6432464904883,0.0,
3532.0,0.36385494417549974,1.4925373134328332,0.0,0.00020088872333150621,0.0,0.4768381988531265,0.37949835891308653,1.5397040357749257,1555.6723703971152,0.0,
3534.0,0.36385494417549974,1.4925373134328332,0.0,0.00020088872333150621,0.0,0.4765419577426243,0.3795271989608836,1.539732875822723,1555.7015095462482,0.0,
3536.0,0.36385494417549974,1.4925373134328332,0.0,0.00020088872333150621,0.0,0.4762457166321221,0.3795560541134907,1.5397617309753298,1555.730663956843,0.0,
3538.0,0.36385494417549974,1.4925373134328332,0.0,0.00020088872333150621,0.0,0.4759494755216199,0.37958492438970515,1.5397906012515443,1555.7598336478936,0.0,
3540.0,0.36385494417549974,1.4925373134328332,0.0,0.00020088872333150621,0.0,0.47565323441111773,0.3796138098083593,1.5398194866701984,1555.7890186384266,0.0,
3542.0,0.36385494417549974,1.4925373134328332,0.0,0.00020088872333150621,0.0,0.47535699330061554,0.3796427103883207,1.5398483872501598,1555.8182189475053,0.0,
3544.0,0.36385494417549974,1.4925373134328332,0.0,0.00020088872333150621,0.0,0.47506075219011334,0.3796716261484923,1.5398773030103314,1555.8474345942288,0.0,
3546.0,0.36385494417549974,1.4925373134328332,0.0,0.00020088872333150621,0.0,0.47476451107961115,0.3797005571078123,1.5399062339696514,1555.876665597732,0.0,
3548.0,0.36385494417549974,1.4925373134328332,0.0,0.00020088872333150621,0.0,0.47446826996910896,0.37972950328525434,1.5399351801470935,1555.9059119771848,0.0,
3550.0,0.36385494417549974,1.4925373134328332,0.0,0.00020088872333150621,0.0,0.47417202885860676,0.3797584646998277,1.539964141561667,1555.9351737517936,0.0,
3552.0,0.36385494417549974,1.4925373134328332,0.0,0.00020088872333150621,0.0,0.47387578774810457,0.3797874413705773,1.5399931182324165,1555.9644509408015,0.0,
3554.0,0.36385494417549974,1.4925373134328332,0.0,0.00020088872333150621,0.0,0.4735795466376024,0.37981643331658377,1.540022110178423,1555.9937435634863,0.0,
3556.0,0.36385494417549974,1.4925373134328332,0.0,0.00020088872333150621,0.0,0.4732833055271002,0.3798454405569634,1.5400511174188025,1556.023051639163,0.0,
3558.0,0.36385494417549974,1.4925373134328332,0.0,0.00020088872333150621,0.0,0.472987064416598,0.37987446311086864,1.5400801399727078,1556.0523751871822,0.0,
3560.0,0.36385494417549974,1.4925373134328332,0.0,0.00020088872333150621,0.0,0.4726908233060958,0.3799035009974878,1.540109177859327,1556.0817142269318,0.0,
3562.0,0.36385494417549974,1.4925373134328332,0.0,0.00020088872333150621,0.0,0.4723945821955936,0.37993255423604533,1.5401382310978844,1556.111068777835,0.0,
3564.0,0.36385494417549974,1.4925373134328332,0.0,0.00020088872333150621,0.0,0.4720983410850914,0.37996162284580176,1.540167299707641,1556.140438859353,0.0,
3566.0,0.36385494417549974,1.4925373134328332,0.0,0.00020088872333150621,0.0,0.4718020999745892,0.37999070684605407,1.5401963837078931,1556.169824490982,0.0,
3568.0,0.36385494417549974,1.4925373134328332,0.0,0.00020088872333150621,0.0,0.471505858864087,0.3800198062561354,1.5402254831179747,1556.1992256922563,0.0,
3570.0,0.36385494417549974,1.4925373134328332,0.0,0.00020088872333150621,0.0,0.47120961775358483,0.38004892109541544,1.5402545979572546,1556.2286424827457,0.0,
3572.0,0.36385494417549974,1.4925373134328332,0.0,0.00020088872333150621,0.0,0.47091337664308264,0.38007805138330053,1.5402837282451396,1556.2580748820587,0.0,
3574.0,0.36385494417549974,1.4925373134328332,0.0,0.00020088872333150621,0.0,0.47061713553258044,0.38010719713923347,1.5403128740010728,1556.2875229098395,0.0,
3576.0,0.36385494417549974,1.4925373134328332,0.0,0.00020088872333150621,0.0,0.47032089442207825,0.3801363583826938,1.540342035244533,1556.316986585769,0.0,
3578.0,0.36385494417549974,1.4925373134328332,0.0,0.00020088872333150621,0.0,0.47002465331157606,0.3801655351331979,1.540371211995037,1556.3464659295662,0.0,
3580.0,0.36385494417549974,1.4925373134328332,0.0,0.00020088872333150621,0.0,0.46972841220107386,0.3801947274102992,1.5404004042721384,1556.3759609609883,0.0,
3582.0,0.36385494417549974,1.4925373134328332,0.0,0.00020088872333150621,0.0,0.46943217109057167,0.380223935233588,1.540429612095427,1556.4054716998278,0.0,
3584.0,0.36385494417549974,1.4925373134328332,0.0,0.00020088872333150621,0.0,0.4691359299800695,0.3802531586226917,1.5404588354845308,1556.4349981659159,0.0,
3586.0,0.36385494417549974,1.4925373134328332,0.0,0.00020088872333150621,0.0,0.4688396888695673,0.380282397597275,1.540488074459114,1556.464540379121,0.0,
3588.0,0.36385494417549974,1.4925373134328332,0.0,0.00020088872333150621,0.0,0.4685434477590651,0.3803116521770397,1.540517329038879,1556.4940983593501,0.0,
3590.0,0.36385494417549974,1.4925373134328332,0.0,0.00020088872333150621,0.0,0.4682472066485629,0.38034092238172523,1.5405465992435643,1556.523672126546,0.0,
3592.0,0.36385494417549974,1.4925373134328332,0.0,0.00020088872333150621,0.0,0.4679509655380607,0.3803702082311083,1.5405758850929474,1556.5532617006918,0.0,
3594.0,0.36385494417549974,1.4925373134328332,0.0,0.00020088872333150621,0.0,0.4676547244275585,0.3803995097450032,1.5406051866068424,1556.5828671018066,0.0,
3596.0,0.36385494417549974,1.4925373134328332,0.0,0.00020088872333150621,0.0,0.4673584833170563,0.380428826943262,1.5406345038051013,1556.6124883499485,0.0,
3598.0,0.36385494417549974,1.4925373134328332,0.0,0.00020088872333150621,0.0,0.4670622422065541,0.38045815984577447,1.5406638367076135,1556.6421254652134,0.0,
3600.0,0.36385494417549974,1.4925373134328332,0.0,0.00020088872333150621,0.0,0.46676600109605193,0.3804875084724682,1.5406931853343073,1556.6717784677357,0.0,
3602.0,0.36385494417549974,1.4925373134328332,0.0,0.00020088872333150621,0.0,0.46646975998554974,0.3805168728433088,1.540722549705148,1556.7014473776883,0.0,
3604.0,0.36385494417549974,1.4925373134328332,0.0,0.00020088872333150621,0.0,0.46617351887504754,0.38054625297829997,1.540751929840139,1556.7311322152816,0.0,
3606.0,0.36385494417549974,1.4925373134328332,0.0,0.00020088872333150621,0.0,0.46587727776454535,0.38057564889748335,1.5407813257593226,1556.7608330007663,0.0,
3608.0,0.36385494417549974,1.4925373134328332,0.0,0.00020088872333150621,0.0,0.46558103665404316,0.3806050606209391,1.5408107374827782,1556.7905497544295,0.0,
3610.0,0.36385494417549974,1.4925373134328332,0.0,0.00020088872333150621,0.0,0.46528479554354096,0.3806344881687855,1.5408401650306247,1556.8202824965992,0.0,
3612.0,0.36385494417549974,1.4925373134328332,0.0,0.00020088872333150621,0.0,0.46498855443303877,0.3806639315611794,1.5408696084230187,1556.850031247641,0.0,
3614.0,0.36385494417549974,1.4925373134328332,0.0,0.00020088872333150621,0.0,0.4646923133225366,0.3806933908183162,1.5408990676801555,1556.8797960279594,0.0,
3616.0,0.36385494417549974,1.4925373134328332,0.0,0.00020088872333150621,0.0,0.4643960722120344,0.3807228659604298,1.540928542822269,1556.9095768579982,0.0,
3618.0,0.36385494417549974,1.4925373134328332,0.0,0.00020088872333150621,0.0,0.4640998311015322,0.380752357007793,1.540958033869632,1556.9393737582404,0.0,
3620.0,0.36385494417549974,1.4925373134328332,0.0,0.00020088872333150621,0.0,0.46380358999103,0.3807818639807172,1.5409875408425564,1556.969186749209,0.0,
3622.0,0.36385494417549974,1.4925373134328332,0.0,0.00020088872333150621,0.0,0.4635073488805278,0.38081138689955296,1.541017063761392,1556.9990158514645,0.0,
3624.0,0.36385494417549974,1.4925373134328332,0.0,0.00020088872333150621,0.0,0.4632111077700256,0.38084092578468987,1.541046602646529,1557.028861085608,0.0,
3626.0,0.36385494417549974,1.4925373134328332,0.0,0.00020088872333150621,0.0,0.4629148666595234,0.38087048065655654,1.5410761575183958,1557.0587224722808,0.0,
3628.0,0.36385494417549974,1.4925373134328332,0.0,0.00020088872333150621,0.0,0.4626186255490212,0.38090005153562073,1.5411057283974599,1557.088600032162,0.0,
3630.0,0.36385494417549974,1.4925373134328332,0.0,0.00020088872333150621,0.0,0.46232238443851903,0.38092963844238986,1.541135315304229,1557.1184937859725,0.0,
3632.0,0.36385494417549974,1.4925373134328332,0.0,0.00020088872333150621,0.0,0.46202614332801684,0.3809592413974104,1.5411649182592495,1557.1484037544715,0.0,
3634.0,0.36385494417549974,1.4925373134328332,0.0,0.00020088872333150621,0.0,0.46172990221751464,0.38098886042126867,1.541194537283108,1557.1783299584586,0.0,
3636.0,0.36385494417549974,1.4925373134328332,0.0,0.00020088872333150621,0.0,0.46143366110701245,0.3810184955376638,1.541224172399503,1557.2082724218787,0.0,
3638.0,0.36385494417549974,1.4925373134328332,0.0,0.00020088872333150621,0.0,0.46113741999651026,0.3810481467727012,1.5412538236345403,1557.2382311711085,0.0,
3640.0,0.36385494417549974,1.4925373134328332,0.0,0.00020088872333150621,0.0,0.46084117888600806,0.38107781413834807,1.5412834910001874,1557.2682062182394,0.0,
3642.0,0.36385494417549974,1.4925373134328332,0.0,0.00020088872333150621,0.0,0.46054493777550587,0.381107497655353,1.5413131745171922,1557.2981975842342,0.0,
3644.0,0.36385494417549974,1.4925373134328332,0.0,0.00020088872333150621,0.0,0.4602486966650037,0.38113719734450496,1.5413428742063442,1557.3282052900981,0.0,
3646.0,0.36385494417549974,1.4925373134328332,0.0,0.00020088872333150621,0.0,0.4599524555545015,0.3811669132266328,1.541372590088472,1557.3582293568759,0.0,
3648.0,0.36385494417549974,1.4925373134328332,0.0,0.00020088872333150621,0.0,0.4596562144439993,0.3811966453226057,1.5414023221844448,1557.3882698056534,0.0,
3650.0,0.36385494417549974,1.4925373134328332,0.0,0.00020088872333150621,0.0,0.4593599733334971,0.381226393653333,1.541432070515172,1557.4183266575562,0.0,
3652.0,0.36385494417549974,1.4925373134328332,0.0,0.00020088872333150621,0.0,0.4590637322229949,0.38125615823976466,1.5414618351016038,1557.4483999337522,0.0,
3654.0,0.36385494417549974,1.4925373134328332,0.0,0.00020088872333150621,0.0,0.4587674911124927,0.38128593910289105,1.5414916159647303,1557.4784896554495,0.0,
3656.0,0.36385494417549974,1.4925373134328332,0.0,0.00020088872333150621,0.0,0.4584712500019905,0.38131573626374327,1.5415214131255823,1557.5085958438965,0.0,
3658.0,0.36385494417549974,1.4925373134328332,0.0,0.00020088872333150621,0.0,0.4581750088914883,0.38134554974339296,1.5415512266052322,1557.5387185203847,0.0,
3660.0,0.36385494417549974,1.4925373134328332,0.0,0.00020088872333150621,0.0,0.45787876778098613,0.3813753795629528,1.541581056424792,1557.568857706244,0.0,
3662.0,0.36385494417549974,1.4925373134328332,0.0,0.00020088872333150621,0.0,0.45758252667048394,0.3814052257435763,1.5416109026054154,1557.5990134228489,0.0,
3664.0,0.36385494417549974,1.4925373134328332,0.0,0.00020088872333150621,0.0,0.45728628555998174,0.38143508830645817,1.5416407651682973,1557.629185691613,0.0,
3666.0,0.36385494417549974,1.4925373134328332,0.0,0.00020088872333150621,0.0,0.45699004444947955,0.38146496727283413,1.5416706441346733,1557.6593745339921,0.0,
3668.0,0.36385494417549974,1.4925373134328332,0.0,0.00020088872333150621,0.0,0.45669380333897736,0.38149486266398125,1.5417005395258203,1557.689579971485,0.0,
3670.0,0.36385494417549974,1.4925373134328332,0.0,0.00020088872333150621,0.0,0.45639756222847516,0.38152477450121797,1.5417304513630572,1557.7198020256305,0.0,
3672.0,0.36385494417549974,1.4925373134328332,0.0,0.00020088872333150621,0.0,0.45610132111797297,0.38155470280590414,1.5417603796677433,1557.7500407180096,0.0,
3674.0,0.36385494417549974,1.4925373134328332,0.0,0.00020088872333150621,0.0,0.4558050800074708,0.3815846475994414,1.5417903244612805,1557.7802960702468,0.0,
3676.0,0.36385494417549974,1.4925373134328332,0.0,0.00020088872333150621,0.0,0.4555088388969686,0.3816146089032728,1.541820285765112,1557.810568104007,0.0,
3678.0,0.36385494417549974,1.4925373134328332,0.0,0.00020088872333150621,0.0,0.4552125977864664,0.3816445867388836,1.5418502636007227,1557.840856840998,0.0,
3680.0,0.36385494417549974,1.4925373134328332,0.0,0.00020088872333150621,0.0,0.4549163566759642,0.3816745811278004,1.5418802579896396,1557.8711623029703,0.0,
3682.0,0.36385494417549974,1.4925373134328332,0.0,0.00020088872333150621,0.0,0.454620115565462,0.38170459209159247,1.5419102689534316,1557.901484511717,0.0,
3684.0,0.36385494417549974,1.4925373134328332,0.0,0.00020088872333150621,0.0,0.4543238744549598,0.3817346196518708,1.54194029651371,1557.9318234890723,0.0,
3686.0,0.36385494417549974,1.4925373134328332,0.0,0.00020088872333150621,0.0,0.4540276333444576,0.38176466383028873,1.541970340692128,1557.9621792569144,0.0,
3688.0,0.36385494417549974,1.4925373134328332,0.0,0.00020088872333150621,0.0,0.4537313922339554,0.381794724648542,1.5420004015103812,1557.9925518371651,0.0,
3690.0,0.36385494417549974,1.4925373134328332,0.0,0.00020088872333150621,0.0,0.45343515112345323,0.3818248021283689,1.5420304789902082,1558.0229412517867,0.0,
3692.0,0.36385494417549974,1.4925373134328332,0.0,0.00020088872333150621,0.0,0.45313891001295104,0.38185489579154985,1.5420605726533891,1558.0533470176008,0.0,
3694.0,0.36385494417549974,1.4925373134328332,0.0,0.00020088872333150621,0.0,0.45284266890244884,0.3818850066599088,1.542090683521748,1558.0837701670282,0.0,
3696.0,0.36385494417549974,1.4925373134328332,0.0,0.00020088872333150621,0.0,0.45254642779194665,0.38191513425531187,1.5421208111171512,1558.1142102169772,0.0,
3698.0,0.36385494417549974,1.4925373134328332,0.0,0.00020088872333150621,0.0,0.45225018668144445,0.38194527859966826,1.5421509554615074,1558.1446671895828,0.0,
3700.0,0.36385494417549974,1.4925373134328332,0.0,0.00020088872333150621,0.0,0.45195394557094226,0.3819754397149301,1.5421811165767692,1558.1751411070259,0.0,
3702.0,0.36385494417549974,1.4925373134328332,0.0,0.00020088872333150621,0.0,0.45165770446044007,0.38200561762309276,1.542211294484932,1558.2056319915303,0.0,
3704.0,0.36385494417549974,1.4925373134328332,0.0,0.00020088872333150621,0.0,0.4513614633499379,0.38203581234619494,1.542241489208034,1558.2361398653618,0.0,
3706.0,0.36385494417549974,1.4925373134328332,0.0,0.00020088872333150621,0.0,0.4510652222394357,0.38206602390631866,1.542271700768158,1558.2666647508327,0.0,
3708.0,0.36385494417549974,1.4925373134328332,0.0,0.00020088872333150621,0.0,0.4507689811289335,0.38209625232558936,1.5423019291874285,1558.2972066702976,0.0,
3710.0,0.36385494417549974,1.4925373134328332,0.0,0.00020088872333150621,0.0,0.4504727400184313,0.3821264976261761,1.5423321744880154,1558.3277656461553,0.0,
3712.0,0.36385494417549974,1.4925373134328332,0.0,0.00020088872333150621,0.0,0.4501764989079291,0.38215675983029185,1.542362436692131,1558.3583417008488,0.0,
3714.0,0.36385494417549974,1.4925373134328332,0.0,0.00020088872333150621,0.0,0.4498802577974269,0.38218703896019307,1.5423927158220323,1558.3889348568664,0.0,
3716.0,0.36385494417549974,1.4925373134328332,0.0,0.00020088872333150621,0.0,0.4495840166869247,0.3822173350381804,1.5424230119000195,1558.419545136739,0.0,
3718.0,0.36385494417549974,1.4925373134328332,0.0,0.00020088872333150621,0.0,0.4492877755764225,0.3822476480865986,1.5424533249484378,1558.4501725630437,0.0,
3720.0,0.36385494417549974,1.4925373134328332,0.0,0.00020088872333150621,0.0,0.44899153446592033,0.3822779781278363,1.5424836549896754,1558.4808171584014,0.0,
3722.0,0.36385494417549974,1.4925373134328332,0.0,0.00020088872333150621,0.0,0.44869529335541813,0.3823083251843268,1.5425140020461658,1558.5114789454772,0.0,
3724.0,0.36385494417549974,1.4925373134328332,0.0,0.00020088872333150621,0.0,0.44839905224491594,0.3823386892785475,1.5425443661403866,1558.5421579469826,0.0,
3726.0,0.36385494417549974,1.4925373134328332,0.0,0.00020088872333150621,0.0,0.44810281113441375,0.38236907043302065,1.5425747472948599,1558.572854185673,0.0,
3728.0,0.36385494417549974,1.4925373134328332,0.0,0.00020088872333150621,0.0,0.44780657002391155,0.3823994686703128,1.542605145532152,1558.603567684349,0.0,
3730.0,0.36385494417549974,1.4925373134328332,0.0,0.00020088872333150621,0.0,0.44751032891340936,0.3824298840130356,1.5426355608748747,1558.6342984658568,0.0,
3732.0,0.36385494417549974,1.4925373134328332,0.0,0.00020088872333150621,0.0,0.44721408780290717,0.3824603164838454,1.5426659933456845,1558.6650465530877,0.0,
3734.0,0.36385494417549974,1.4925373134328332,0.0,0.00020088872333150621,0.0,0.446917846692405,0.38249076610544347,1.5426964429672827,1558.6958119689784,0.0,
3736.0,0.36385494417549974,1.4925373134328332,0.0,0.00020088872333150621,0.0,0.4466216055819028,0.38252123290057644,1.5427269097624157,1558.7265947365115,0.0,
3738.0,0.36385494417549974,1.4925373134328332,0.0,0.00020088872333150621,0.0,0.4463253644714006,0.38255171689203604,1.5427573937538752,1558.7573948787149,0.0,
3740.0,0.36385494417549974,1.4925373134328332,0.0,0.00020088872333150621,0.0,0.4460291233608984,0.3825822181026594,1.5427878949644986,1558.7882124186626,0.0,
3742.0,0.36385494417549974,1.4925373134328332,0.0,0.00020088872333150621,0.0,0.4457328822503962,0.3826127365553291,1.5428184134171683,1558.819047379475,0.0,
3744.0,0.36385494417549974,1.4925373134328332,0.0,0.00020088872333150621,0.0,0.445436641139894,0.3826432722729735,1.5428489491348127,1558.8498997843176,0.0,
3746.0,0.36385494417549974,1.4925373134328332,0.0,0.00020088872333150621,0.0,0.4451404000293918,0.3826738252785664,1.5428795021404056,1558.880769656403,0.0,
3748.0,0.36385494417549974,1.4925373134328332,0.0,0.00020088872333150621,0.0,0.4448441589188896,0.38270439559512776,1.5429100724569669,1558.9116570189892,0.0,
3750.0,0.36385494417549974,1.4925373134328332,0.0,0.00020088872333150621,0.0,0.4445479178083874,0.38273498324572325,1.5429406601075624,1558.9425618953817,0.0,
3752.0,0.36385494417549974,1.4925373134328332,0.0,0.00020088872333150621,0.0,0.44425167669788523,0.3827655882534648,1.542971265115304,1558.973484308932,0.0,
3754.0,0.36385494417549974,1.4925373134328332,0.0,0.00020088872333150621,0.0,0.44395543558738304,0.3827962106415105,1.5430018875033495,1559.0044242830381,0.0,
3756.0,0.36385494417549974,1.4925373134328332,0.0,0.00020088872333150621,0.0,0.44365919447688085,0.38282685043306486,1.5430325272949041,1559.035381841146,0.0,
3758.0,0.36385494417549974,1.4925373134328332,0.0,0.00020088872333150621,0.0,0.44336295336637865,0.3828575076513788,1.543063184513218,1559.0663570067466,0.0,
3760.0,0.36385494417549974,1.4925373134328332,0.0,0.00020088872333150621,0.0,0.44306671225587646,0.38288818231974975,1.543093859181589,1559.0973498033798,0.0,
3762.0,0.36385494417549974,1.4925373134328332,0.0,0.00020088872333150621,0.0,0.44277047114537427,0.38291887446152206,1.5431245513233611,1559.1283602546312,0.0,
3764.0,0.36385494417549974,1.4925373134328332,0.0,0.00020088872333150621,0.0,0.4424742300348721,0.3829495841000867,1.543155260961926,1559.1593883841354,0.0,
3766.0,0.36385494417549974,1.4925373134328332,0.0,0.00020088872333150621,0.0,0.4421779889243699,0.3829803112588818,1.543185988120721,1559.190434215573,0.0,
3768.0,0.36385494417549974,1.4925373134328332,0.0,0.00020088872333150621,0.0,0.4418817478138677,0.38301105596139257,1.5432167328232318,1559.2214977726728,0.0,
3770.0,0.36385494417549974,1.4925373134328332,0.0,0.00020088872333150621,0.0,0.4415855067033655,0.38304181823115124,1.5432474950929904,1559.252579079211,0.0,
3772.0,0.36385494417549974,1.4925373134328332,0.0,0.00020088872333150621,0.0,0.4412892655928633,0.3830725980917376,1.5432782749535767,1559.283678159012,0.0,
3774.0,0.36385494417549974,1.4925373134328332,0.0,0.00020088872333150621,0.0,0.4409930244823611,0.3831033955667788,1.543309072428618,1559.3147950359487,0.0,
3776.0,0.36385494417549974,1.4925373134328332,0.0,0.00020088872333150621,0.0,0.4406967833718589,0.3831342106799498,1.543339887541789,1559.3459297339405,0.0,
3778.0,0.36385494417549974,1.4925373134328332,0.0,0.00020088872333150621,0.0,0.4404005422613567,0.383165043454973,1.543370720316812,1559.3770822769563,0.0,
3780.0,0.36385494417549974,1.4925373134328332,0.0,0.00020088872333150621,0.0,0.4401043011508545,0.3831958939156188,1.543401570777458,1559.4082526890131,0.0,
3782.0,0.36385494417549974,1.4925373134328332,0.0,0.00020088872333150621,0.0,0.43980806004035233,0.38322676208570566,1.543432438947545,1559.4394409941767,0.0,
3784.0,0.36385494417549974,1.4925373134328332,0.0,0.00020088872333150621,0.0,0.43951181892985014,0.3832576479891001,1.5434633248509393,1559.4706472165606,0.0,
3786.0,0.36385494417549974,1.4925373134328332,0.0,0.00020088872333150621,0.0,0.43921557781934795,0.3832885516497168,1.543494228511556,1559.501871380327,0.0,
3788.0,0.36385494417549974,1.4925373134328332,0.0,0.00020088872333150621,0.0,0.43891933670884575,0.383319473091519,1.5435251499533582,1559.533113509689,0.0,
3790.0,0.36385494417549974,1.4925373134328332,0.0,0.00020088872333150621,0.0,0.43862309559834356,0.3833504123385183,1.5435560892003575,1559.5643736289062,0.0,
3792.0,0.36385494417549974,1.4925373134328332,0.0,0.00020088872333150621,0.0,0.43832685448784137,0.3833813694147751,1.5435870462766144,1559.595651762289,0.0,
3794.0,0.36385494417549974,1.4925373134328332,0.0,0.00020088872333150621,0.0,0.4380306133773392,0.3834123443443983,1.5436180212062374,1559.626947934196,0.0,
3796.0,0.36385494417549974,1.4925373134328332,0.0,0.00020088872333150621,0.0,0.437734372266837,0.3834433371515461,1.5436490140133852,1559.6582621690366,0.0,
3798.0,0.36385494417549974,1.4925373134328332,0.0,0.00020088872333150621,0.0,0.4374381311563348,0.38347434786042545,1.5436800247222646,1559.689594491268,0.0,
3800.0,0.36385494417549974,1.4925373134328332,0.0,0.00020088872333150621,0.0,0.4371418900458326,0.3835053764952926,1.5437110533571319,1559.7209449253985,0.0,
3802.0,0.36385494417549974,1.4925373134328332,0.0,0.00020088872333150621,0.0,0.4368456489353304,0.383536423080453,1.5437420999422922,1559.7523134959854,0.0,
3804.0,0.36385494417549974,1.4925373134328332,0.0,0.00020088872333150621,0.0,0.4365494078248282,0.38356748764026155,1.5437731645021007,1559.7837002276362,0.0,
3806.0,0.36385494417549974,1.4925373134328332,0.0,0.00020088872333150621,0.0,0.436253166714326,0.3835985701991229,1.543804247060962,1559.815105145009,0.0,
3808.0,0.36385494417549974,1.4925373134328332,0.0,0.00020088872333150621,0.0,0.4359569256038238,0.3836296707814913,1.5438353476433304,1559.8465282728114,0.0,
3810.0,0.36385494417549974,1.4925373134328332,0.0,0.00020088872333150621,0.0,0.4356606844933216,0.38366078941187076,1.54386646627371,1559.8779696358015,0.0,
3812.0,0.36385494417549974,1.4925373134328332,0.0,0.00020088872333150621,0.0,0.43536444338281943,0.3836919261148154,1.5438976029766545,1559.9094292587877,0.0,
3814.0,0.36385494417549974,1.4925373134328332,0.0,0.00020088872333150621,0.0,0.43506820227231724,0.3837230809149294,1.5439287577767686,1559.94090716663,0.0,
3816.0,0.36385494417549974,1.4925373134328332,0.0,0.00020088872333150621,0.0,0.43477196116181505,0.3837542538368673,1.5439599306987064,1559.9724033842383,0.0,
3818.0,0.36385494417549974,1.4925373134328332,0.0,0.00020088872333150621,0.0,0.43447572005131285,0.3837854449053338,1.543991121767173,1560.003917936574,0.0,
3820.0,0.36385494417549974,1.4925373134328332,0.0,0.00020088872333150621,0.0,0.43417947894081066,0.3838166541450844,1.5440223310069237,1560.0354508486487,0.0,
3822.0,0.36385494417549974,1.4925373134328332,0.0,0.00020088872333150621,0.0,0.43388323783030847,0.3838478815809251,1.5440535584427642,1560.0670021455255,0.0,
3824.0,0.36385494417549974,1.4925373134328332,0.0,0.00020088872333150621,0.0,0.4335869967198063,0.3838791272377127,1.5440848040995518,1560.09857185232,0.0,
3826.0,0.36385494417549974,1.4925373134328332,0.0,0.00020088872333150621,0.0,0.4332907556093041,0.3839103911403551,1.5441160680021941,1560.1301599941974,0.0,
3828.0,0.36385494417549974,1.4925373134328332,0.0,0.00020088872333150621,0.0,0.4329945144988019,0.38394167331381107,1.5441473501756502,1560.161766596376,0.0,
3830.0,0.36385494417549974,1.4925373134328332,0.0,0.00020088872333150621,0.0,0.4326982733882997,0.3839729737830908,1.54417865064493,1560.1933916841253,0.0,
3832.0,0.36385494417549974,1.4925373134328332,0.0,0.00020088872333150621,0.0,0.4324020322777975,0.3840042925732558,1.544209969435095,1560.2250352827662,0.0,
3834.0,0.36385494417549974,1.4925373134328332,0.0,0.00020088872333150621,0.0,0.4321057911672953,0.38403562970941896,1.5442413065712581,1560.2566974176725,0.0,
3836.0,0.36385494417549974,1.4925373134328332,0.0,0.00020088872333150621,0.0,0.4318095500567931,0.38406698521674504,1.5442726620785843,1560.2883781142698,0.0,
3838.0,0.36385494417549974,1.4925373134328332,0.0,0.00020088872333150621,0.0,0.4315133089462909,0.3840983591204504,1.5443040359822897,1560.320077398036,0.0,
3840.0,0.36385494417549974,1.4925373134328332,0.0,0.00020088872333150621,0.0,0.4312170678357887,0.3841297514458034,1.5443354283076427,1560.3517952945015,0.0,
3842.0,0.36385494417549974,1.4925373134328332,0.0,0.00020088872333150621,0.0,0.43092082672528653,0.3841611622181246,1.5443668390799636,1560.3835318292493,0.0,
3844.0,0.36385494417549974,1.4925373134328332,0.0,0.00020088872333150621,0.0,0.43062458561478434,0.3841925914627865,1.5443982683246256,1560.4152870279152,0.0,
3846.0,0.36385494417549974,1.4925373134328332,0.0,0.00020088872333150621,0.0,0.43032834450428215,0.38422403920521425,1.5444297160670535,1560.4470609161885,0.0,
3848.0,0.36385494417549974,1.4925373134328332,0.0,0.00020088872333150621,0.0,0.43003210339377995,0.3842555054708853,1.5444611823327243,1560.47885351981,0.0,
3850.0,0.36385494417549974,1.4925373134328332,0.0,0.00020088872333150621,0.0,0.42973586228327776,0.3842869902853299,1.544492667147169,1560.5106648645753,0.0,
3852.0,0.36385494417549974,1.4925373134328332,0.0,0.00020088872333150621,0.0,0.42943962117277557,0.38431849367413107,1.5445241705359702,1560.5424949763324,0.0,
3854.0,0.36385494417549974,1.4925373134328332,0.0,0.00020088872333150621,0.0,0.42914338006227337,0.3843500156629247,1.5445556925247639,1560.5743438809834,0.0,
3856.0,0.36385494417549974,1.4925373134328332,0.0,0.00020088872333150621,0.0,0.4288471389517712,0.3843815562773999,1.5445872331392392,1560.6062116044839,0.0,
3858.0,0.36385494417549974,1.4925373134328332,0.0,0.00020088872333150621,0.0,0.428550897841269,0.3844131155432988,1.544618792405138,1560.6380981728425,0.0,
3860.0,0.36385494417549974,1.4925373134328332,0.0,0.00020088872333150621,0.0,0.4282546567307668,0.38444469348641724,1.5446503703482564,1560.670003612123,0.0,
3862.0,0.36385494417549974,1.4925373134328332,0.0,0.00020088872333150621,0.0,0.4279584156202646,0.38447629013260437,1.5446819669944436,1560.701927948443,0.0,
3864.0,0.36385494417549974,1.4925373134328332,0.0,0.00020088872333150621,0.0,0.4276621745097624,0.384507905507763,1.544713582369602,1560.7338712079722,0.0,
3866.0,0.36385494417549974,1.4925373134328332,0.0,0.00020088872333150621,0.0,0.4273659333992602,0.38453953963784987,1.544745216499689,1560.7658334169387,0.0,
3868.0,0.36385494417549974,1.4925373134328332,0.0,0.00020088872333150621,0.0,0.427069692288758,0.3845711925488757,1.544776869410715,1560.797814601622,0.0,
3870.0,0.36385494417549974,1.4925373134328332,0.0,0.00020088872333150621,0.0,0.4267734511782558,0.3846028642669052,1.5448085411287444,1560.829814788357,0.0,
3872.0,0.36385494417549974,1.4925373134328332,0.0,0.00020088872333150621,0.0,0.42647721006775363,0.3846345548180577,1.5448402316798968,1560.861834003534,0.0,
3874.0,0.36385494417549974,1.4925373134328332,0.0,0.00020088872333150621,0.0,0.42618096895725144,0.3846662642285066,1.5448719410903458,1560.8938722735982,0.0,
3876.0,0.36385494417549974,1.4925373134328332,0.0,0.00020088872333150621,0.0,0.42588472784674924,0.38469799252448006,1.5449036693863192,1560.9259296250495,0.0,
3878.0,0.36385494417549974,1.4925373134328332,0.0,0.00020088872333150621,0.0,0.42558848673624705,0.38472973973226093,1.5449354165941,1560.9580060844432,0.0,
3880.0,0.36385494417549974,1.4925373134328332,0.0,0.00020088872333150621,0.0,0.42529224562574486,0.384761505878187,1.5449671827400262,1560.9901016783904,0.0,
3882.0,0.36385494417549974,1.4925373134328332,0.0,0.00020088872333150621,0.0,0.42499600451524266,0.3847932909886511,1.5449989678504903,1561.0222164335578,0.0,
3884.0,0.36385494417549974,1.4925373134328332,0.0,0.00020088872333150621,0.0,0.42469976340474047,0.38482509509010115,1.5450307719519403,1561.0543503766673,0.0,
3886.0,0.36385494417549974,1.4925373134328332,0.0,0.00020088872333150621,0.0,0.4244035222942383,0.38485691820904055,1.5450625950708796,1561.0865035344973,0.0,
3888.0,0.36385494417549974,1.4925373134328332,0.0,0.00020088872333150621,0.0,0.4241072811837361,0.38488876037202807,1.5450944372338673,1561.1186759338823,0.0,
3890.0,0.36385494417549974,1.4925373134328332,0.0,0.00020088872333150621,0.0,0.4238110400732339,0.38492062160567836,1.5451262984675176,1561.1508676017124,0.0,
3892.0,0.36385494417549974,1.4925373134328332,0.0,0.00020088872333150621,0.0,0.4235147989627317,0.38495250193666175,1.545158178798501,1561.183078564935,0.0,
3894.0,0.36385494417549974,1.4925373134328332,0.0,0.00020088872333150621,0.0,0.4232185578522295,0.3849844013917044,1.5451900782535437,1561.2153088505534,0.0,
3896.0,0.36385494417549974,1.4925373134328332,0.0,0.00020088872333150621,0.0,0.4229223167417273,0.38501631999758895,1.545221996859428,1561.2475584856277,0.0,
3898.0,0.36385494417549974,1.4925373134328332,0.0,0.00020088872333150621,0.0,0.4226260756312251,0.385048257781154,1.5452539346429932,1561.279827497275,0.0,
3900.0,0.36385494417549974,1.4925373134328332,0.0,0.00020088872333150621,0.0,0.4223298345207229,0.38508021476929477,1.5452858916311338,1561.3121159126692,0.0,
3902.0,0.36385494417549974,1.4925373134328332,0.0,0.00020088872333150621,0.0,0.42203359341022073,0.38511219098896304,1.5453178678508022,1561.3444237590425,0.0,
3904.0,0.36385494417549974,1.4925373134328332,0.0,0.00020088872333150621,0.0,0.42173735229971854,0.38514418646716736,1.5453498633290066,1561.3767510636826,0.0,
3906.0,0.36385494417549974,1.4925373134328332,0.0,0.00020088872333150621,0.0,0.42144111118921634,0.3851762012309732,1.5453818780928124,1561.409097853936,0.0,
3908.0,0.36385494417549974,1.4925373134328332,0.0,0.00020088872333150621,0.0,0.42114487007871415,0.38520823530750303,1.5454139121693422,1561.4414641572066,0.0,
3910.0,0.36385494417549974,1.4925373134328332,0.0,0.00020088872333150621,0.0,0.42084862896821196,0.3852402887239368,1.545445965585776,1561.4738500009557,0.0,
3912.0,0.36385494417549974,1.4925373134328332,0.0,0.00020088872333150621,0.0,0.42055238785770976,0.38527236150751165,1.5454780383693507,1561.5062554127035,0.0,
3914.0,0.36385494417549974,1.4925373134328332,0.0,0.00020088872333150621,0.0,0.42025614674720757,0.3853044536855223,1.5455101305473615,1561.5386804200277,0.0,
3916.0,0.36385494417549974,1.4925373134328332,0.0,0.00020088872333150621,0.0,0.4199599056367054,0.38533656528532134,1.5455422421471605,1561.5711250505644,0.0,
3918.0,0.36385494417549974,1.4925373134328332,0.0,0.00020088872333150621,0.0,0.4196636645262032,0.3853686963343192,1.5455743731961584,1561.6035893320086,0.0,
3920.0,0.36385494417549974,1.4925373134328332,0.0,0.00020088872333150621,0.0,0.419367423415701,0.38540084685998427,1.5456065237218235,1561.636073292113,0.0,
3922.0,0.36385494417549974,1.4925373134328332,0.0,0.00020088872333150621,0.0,0.4190711823051988,0.38543301688984327,1.5456386937516824,1561.6685769586902,0.0,
3924.0,0.36385494417549974,1.4925373134328332,0.0,0.00020088872333150621,0.0,0.4187749411946966,0.3854652064514812,1.5456708833133204,1561.7011003596112,0.0,
3926.0,0.36385494417549974,1.4925373134328332,0.0,0.00020088872333150621,0.0,0.4184787000841944,0.3854974155725418,1.5457030924343809,1561.7336435228067,0.0,
3928.0,0.36385494417549974,1.4925373134328332,0.0,0.00020088872333150621,0.0,0.4181824589736922,0.3855296442807273,1.5457353211425664,1561.7662064762656,0.0,
3930.0,0.36385494417549974,1.4925373134328332,0.0,0.00020088872333150621,0.0,0.41788621786319,0.385561892603799,1.545767569465638,1561.7987892480378,0.0,
3932.0,0.36385494417549974,1.4925373134328332,0.0,0.00020088872333150621,0.0,0.41758997675268783,0.3855941605695771,1.5457998374314164,1561.8313918662318,0.0,
3934.0,0.36385494417549974,1.4925373134328332,0.0,0.00020088872333150621,0.0,0.41729373564218564,0.3856264482059412,1.5458321250677804,1561.8640143590162,0.0,
3936.0,0.36385494417549974,1.4925373134328332,0.0,0.00020088872333150621,0.0,0.41699749453168344,0.3856587555408302,1.5458644324026694,1561.8966567546195,0.0,
3938.0,0.36385494417549974,1.4925373134328332,0.0,0.00020088872333150621,0.0,0.41670125342118125,0.38569108260224244,1.5458967594640816,1561.9293190813307,0.0,
3940.0,0.36385494417549974,1.4925373134328332,0.0,0.00020088872333150621,0.0,0.41640501231067906,0.3857234294182362,1.5459291062800753,1561.9620013674992,0.0,
3942.0,0.36385494417549974,1.4925373134328332,0.0,0.00020088872333150621,0.0,0.41610877120017686,0.38575579601692944,1.5459614728787685,1561.994703641534,0.0,
3944.0,0.36385494417549974,1.4925373134328332,0.0,0.00020088872333150621,0.0,0.41581253008967467,0.38578818242650054,1.5459938592883398,1562.0274259319067,0.0,
3946.0,0.36385494417549974,1.4925373134328332,0.0,0.00020088872333150621,0.0,0.4155162889791725,0.38582058867518754,1.5460262655370267,1562.0601682671472,0.0,
3948.0,0.36385494417549974,1.4925373134328332,0.0,0.00020088872333150621,0.0,0.4152200478686703,0.3858530147912895,1.5460586916531287,1562.0929306758485,0.0,
3950.0,0.36385494417549974,1.4925373134328332,0.0,0.00020088872333150621,0.0,0.4149238067581681,0.38588546080316566,1.5460911376650048,1562.125713186664,0.0,
3952.0,0.36385494417549974,1.4925373134328332,0.0,0.00020088872333150621,0.0,0.4146275656476659,0.38591792673923625,1.5461236036010755,1562.1585158283085,0.0,
3954.0,0.36385494417549974,1.4925373134328332,0.0,0.00020088872333150621,0.0,0.4143313245371637,0.38595041262798224,1.5461560894898214,1562.1913386295582,0.0,
3956.0,0.36385494417549974,1.4925373134328332,0.0,0.00020088872333150621,0.0,0.4140350834266615,0.38598291849794586,1.5461885953597851,1562.2241816192522,0.0,
3958.0,0.36385494417549974,1.4925373134328332,0.0,0.00020088872333150621,0.0,0.4137388423161593,0.38601544437773055,1.5462211212395698,1562.2570448262893,0.0,
3960.0,0.36385494417549974,1.4925373134328332,0.0,0.00020088872333150621,0.0,0.4134426012056571,0.38604799029600123,1.5462536671578404,1562.2899282796327,0.0,
3962.0,0.36385494417549974,1.4925373134328332,0.0,0.00020088872333150621,0.0,0.41314636009515493,0.38608055628148447,1.5462862331433236,1562.3228320083062,0.0,
3964.0,0.36385494417549974,1.4925373134328332,0.0,0.00020088872333150621,0.0,0.41285011898465274,0.3861131423629687,1.5463188192248079,1562.3557560413974,0.0,
3966.0,0.36385494417549974,1.4925373134328332,0.0,0.00020088872333150621,0.0,0.41255387787415054,0.38614574856930406,1.5463514254311432,1562.3887004080555,0.0,
3968.0,0.36385494417549974,1.4925373134328332,0.0,0.00020088872333150621,0.0,0.41225763676364835,0.38617837492940316,1.5463840517912424,1562.421665137493,0.0,
3970.0,0.36385494417549974,1.4925373134328332,0.0,0.00020088872333150621,0.0,0.41196139565314616,0.38621102147224085,1.54641669833408,1562.4546502589844,0.0,
3972.0,0.36385494417549974,1.4925373134328332,0.0,0.00020088872333150621,0.0,0.41166515454264396,0.3862436882268545,1.5464493650886937,1562.4876558018698,0.0,
3974.0,0.36385494417549974,1.4925373134328332,0.0,0.00020088872333150621,0.0,0.41136891343214177,0.38627637522234426,1.5464820520841835,1562.5206817955502,0.0,
3976.0,0.36385494417549974,1.4925373134328332,0.0,0.00020088872333150621,0.0,0.4110726723216396,0.386309082487873,1.5465147593497122,1562.5537282694902,0.0,
3978.0,0.36385494417549974,1.4925373134328332,0.0,0.00020088872333150621,0.0,0.4107764312111374,0.3863418100526668,1.546547486914506,1562.58679525322,0.0,
3980.0,0.36385494417549974,1.4925373134328332,0.0,0.00020088872333150621,0.0,0.4104801901006352,0.386374557946015,1.5465802348078541,1562.619882776333,0.0,
3982.0,0.36385494417549974,1.4925373134328332,0.0,0.00020088872333150621,0.0,0.410183948990133,0.3864073261972702,1.5466130030591094,1562.6529908684856,0.0,
3984.0,0.36385494417549974,1.4925373134328332,0.0,0.00020088872333150621,0.0,0.4098877078796308,0.3864401148358489,1.5466457916976881,1562.6861195593992,0.0,
3986.0,0.36385494417549974,1.4925373134328332,0.0,0.00020088872333150621,0.0,0.4095914667691286,0.38647292389123106,1.5466786007530702,1562.71926887886,0.0,
3988.0,0.36385494417549974,1.4925373134328332,0.0,0.00020088872333150621,0.0,0.4092952256586264,0.38650575339296084,1.5467114302548,1562.7524388567183,0.0,
3990.0,0.36385494417549974,1.4925373134328332,0.0,0.00020088872333150621,0.0,0.4089989845481242,0.38653860337064655,1.5467442802324858,1562.7856295228896,0.0,
3992.0,0.36385494417549974,1.4925373134328332,0.0,0.00020088872333150621,0.0,0.40870274343762203,0.38657147385396085,1.5467771507158001,1562.8188409073541,0.0,
3994.0,0.36385494417549974,1.4925373134328332,0.0,0.00020088872333150621,0.0,0.40840650232711984,0.3866043648726409,1.5468100417344801,1562.8520730401576,0.0,
3996.0,0.36385494417549974,1.4925373134328332,0.0,0.00020088872333150621,0.0,0.40811026121661764,0.38663727645648854,1.5468429533183277,1562.8853259514103,0.0,
3998.0,0.36385494417549974,1.4925373134328332,0.0,0.00020088872333150621,0.0,0.40781402010611545,0.38667020863537077,1.54687588549721,1562.9185996712904,0.0,
4000.0,0.36385494417549974,1.4925373134328332,0.0,0.00020088872333150621,0.0,0.40751777899561326,0.3867031614392194,1.5469088383010585,1562.9518942300388,0.0,
