j_peak_mA_cm2,duty_cycle,frequency_Hz,waveform,mechanism,j_avg_mA_cm2,grain_size_um,yield_strength_MPa,uts_MPa,current_efficiency_pct,carbon_wt_pct,energy_cost_USD_per_kg,ni_wt_pct,elongation_pct
50.0,0.1,1.0,pe,hydroxide_suppression,5.0,4.2809,548.2,712.6,97.12,0.0,0.0988,98.87,13.2
50.0,0.1,1.0,pe,intermediate_adsorption,5.0,4.2809,547.4,711.6,96.62,0.0,0.0993,98.51,13.2
50.0,0.1,1.0,pe,mixed_metal_intermediate,5.0,4.2809,548.0,712.4,97.02,0.0,0.0989,98.83,13.2
50.0,0.1,1.0,pre,hydroxide_suppression,3.2,2.1527,650.3,845.4,96.92,0.0,0.099,98.8,10.6
50.0,0.1,1.0,pre,intermediate_adsorption,3.2,2.1527,649.3,844.1,96.43,0.0,0.0995,98.44,10.6
50.0,0.1,1.0,pre,mixed_metal_intermediate,3.2,2.1527,650.1,845.2,96.82,0.0,0.0991,98.76,10.6
50.0,0.1,10.0,pe,hydroxide_suppression,5.0,3.9384,549.8,714.8,98.1,0.0,0.0978,98.87,13.2
50.0,0.1,10.0,pe,intermediate_adsorption,5.0,3.9384,549.1,713.8,97.6,0.0,0.0983,98.51,13.2
50.0,0.1,10.0,pe,mixed_metal_intermediate,5.0,3.9384,549.7,714.6,98.0,0.0,0.0979,98.83,13.2
50.0,0.1,10.0,pre,hydroxide_suppression,3.2,1.9805,652.3,848.0,97.9,0.0,0.098,98.8,10.6
50.0,0.1,10.0,pre,intermediate_adsorption,3.2,1.9805,651.4,846.8,97.4,0.0,0.0985,98.44,10.6
50.0,0.1,10.0,pre,mixed_metal_intermediate,3.2,1.9805,652.1,847.8,97.8,0.0,0.0981,98.76,10.6
50.0,0.1,50.0,pe,hydroxide_suppression,5.0,3.7299,550.9,716.2,98.79,0.0,0.0972,98.87,13.2
50.0,0.1,50.0,pe,intermediate_adsorption,5.0,3.7299,550.2,715.3,98.28,0.0,0.0977,98.51,13.2
50.0,0.1,50.0,pe,mixed_metal_intermediate,5.0,3.7299,550.8,716.0,98.68,0.0,0.0973,98.83,13.2
50.0,0.1,50.0,pre,hydroxide_suppression,3.2,1.8756,653.6,849.7,98.58,0.0,0.0974,98.8,10.6
50.0,0.1,50.0,pre,intermediate_adsorption,3.2,1.8756,652.7,848.6,98.08,0.0,0.0979,98.44,10.6
50.0,0.1,50.0,pre,mixed_metal_intermediate,3.2,1.8756,653.4,849.5,98.48,0.0,0.0975,98.76,10.6
50.0,0.1,100.0,pe,hydroxide_suppression,5.0,3.6467,551.3,716.7,99.08,0.0,0.0969,98.87,13.2
50.0,0.1,100.0,pe,intermediate_adsorption,5.0,3.6467,550.7,715.9,98.58,0.0,0.0974,98.51,13.2
50.0,0.1,100.0,pe,mixed_metal_intermediate,5.0,3.6467,551.2,716.6,98.98,0.0,0.097,98.83,13.2
50.0,0.1,100.0,pre,hydroxide_suppression,3.2,1.8338,654.1,850.4,98.88,0.0,0.0971,98.8,10.6
50.0,0.1,100.0,pre,intermediate_adsorption,3.2,1.8338,653.3,849.3,98.37,0.0,0.0976,98.44,10.6
50.0,0.1,100.0,pre,mixed_metal_intermediate,3.2,1.8338,654.0,850.2,98.78,0.0,0.0972,98.76,10.6
50.0,0.1,500.0,pe,hydroxide_suppression,5.0,3.4672,552.2,717.9,99.77,0.0,0.0962,98.87,13.2
50.0,0.1,500.0,pe,intermediate_adsorption,5.0,3.4672,551.6,717.1,99.26,0.0,0.0967,98.51,13.2
50.0,0.1,500.0,pe,mixed_metal_intermediate,5.0,3.4672,552.1,717.7,99.66,0.0,0.0963,98.83,13.2
50.0,0.1,500.0,pre,hydroxide_suppression,3.2,1.7435,655.2,851.8,99.56,0.0,0.0964,98.8,10.6
50.0,0.1,500.0,pre,intermediate_adsorption,3.2,1.7435,654.5,850.9,99.05,0.0,0.0969,98.44,10.6
50.0,0.1,500.0,pre,mixed_metal_intermediate,3.2,1.7435,655.1,851.6,99.46,0.0,0.0965,98.76,10.6
50.0,0.1,1000.0,pe,hydroxide_suppression,5.0,3.3952,552.4,718.1,100.0,0.0,0.096,98.87,13.2
50.0,0.1,1000.0,pe,intermediate_adsorption,5.0,3.3952,552.0,717.6,99.55,0.0,0.0964,98.51,13.2
50.0,0.1,1000.0,pe,mixed_metal_intermediate,5.0,3.3952,552.4,718.1,99.96,0.0,0.096,98.83,13.2
50.0,0.1,1000.0,pre,hydroxide_suppression,3.2,1.7073,655.6,852.3,99.86,0.0,0.0961,98.8,10.6
50.0,0.1,1000.0,pre,intermediate_adsorption,3.2,1.7073,655.0,851.5,99.35,0.0,0.0966,98.44,10.6
50.0,0.1,1000.0,pre,mixed_metal_intermediate,3.2,1.7073,655.5,852.2,99.76,0.0,0.0962,98.76,10.6
50.0,0.2,1.0,pe,hydroxide_suppression,10.0,4.3464,546.6,710.6,97.32,0.0,0.0986,98.96,13.2
50.0,0.2,1.0,pe,intermediate_adsorption,10.0,4.3464,546.0,709.8,96.92,0.0,0.099,98.59,13.2
50.0,0.2,1.0,pe,mixed_metal_intermediate,10.0,4.3464,546.6,710.6,97.32,0.0,0.0986,98.92,13.2
50.0,0.2,1.0,pre,hydroxide_suppression,8.4,2.4147,631.5,820.9,97.32,0.0,0.0986,98.94,11.1
50.0,0.2,1.0,pre,intermediate_adsorption,8.4,2.4147,630.7,819.9,96.92,0.0,0.099,98.59,11.1
50.0,0.2,1.0,pre,mixed_metal_intermediate,8.4,2.4147,631.5,820.9,97.32,0.0,0.0986,98.91,11.1
50.0,0.2,10.0,pe,hydroxide_suppression,10.0,3.9987,548.3,712.7,98.3,0.0,0.0976,98.96,13.2
50.0,0.2,10.0,pe,intermediate_adsorption,10.0,3.9987,547.7,712.0,97.9,0.0,0.098,98.59,13.2
50.0,0.2,10.0,pe,mixed_metal_intermediate,10.0,3.9987,548.3,712.7,98.3,0.0,0.0976,98.92,13.2
50.0,0.2,10.0,pre,hydroxide_suppression,8.4,2.2216,633.3,823.3,98.3,0.0,0.0976,98.94,11.1
50.0,0.2,10.0,pre,intermediate_adsorption,8.4,2.2216,632.6,822.4,97.9,0.0,0.098,98.59,11.1
50.0,0.2,10.0,pre,mixed_metal_intermediate,8.4,2.2216,633.3,823.3,98.3,0.0,0.0976,98.91,11.1
50.0,0.2,50.0,pe,hydroxide_suppression,10.0,3.7869,549.3,714.1,98.99,0.0,0.097,98.96,13.2
50.0,0.2,50.0,pe,intermediate_adsorption,10.0,3.7869,548.8,713.4,98.58,0.0,0.0974,98.59,13.2
50.0,0.2,50.0,pe,mixed_metal_intermediate,10.0,3.7869,549.3,714.1,98.99,0.0,0.097,98.92,13.2
50.0,0.2,50.0,pre,hydroxide_suppression,8.4,2.1039,634.5,824.9,98.99,0.0,0.097,98.94,11.1
50.0,0.2,50.0,pre,intermediate_adsorption,8.4,2.1039,633.9,824.1,98.58,0.0,0.0974,98.59,11.1
50.0,0.2,50.0,pre,mixed_metal_intermediate,8.4,2.1039,634.5,824.9,98.99,0.0,0.097,98.91,11.1
50.0,0.2,100.0,pe,hydroxide_suppression,10.0,3.7025,549.7,714.6,99.28,0.0,0.0967,98.96,13.2
50.0,0.2,100.0,pe,intermediate_adsorption,10.0,3.7025,549.2,714.0,98.88,0.0,0.0971,98.59,13.2
50.0,0.2,100.0,pe,mixed_metal_intermediate,10.0,3.7025,549.7,714.6,99.28,0.0,0.0967,98.92,13.2
50.0,0.2,100.0,pre,hydroxide_suppression,8.4,2.057,635.0,825.5,99.28,0.0,0.0967,98.94,11.1
50.0,0.2,100.0,pre,intermediate_adsorption,8.4,2.057,634.4,824.7,98.88,0.0,0.0971,98.59,11.1
50.0,0.2,100.0,pre,mixed_metal_intermediate,8.4,2.057,635.0,825.5,99.28,0.0,0.0967,98.91,11.1
50.0,0.2,500.0,pe,hydroxide_suppression,10.0,3.5202,550.5,715.6,99.97,0.0,0.096,98.96,13.2
50.0,0.2,500.0,pe,intermediate_adsorption,10.0,3.5202,550.1,715.2,99.56,0.0,0.0964,98.59,13.2
50.0,0.2,500.0,pe,mixed_metal_intermediate,10.0,3.5202,550.5,715.6,99.97,0.0,0.096,98.92,13.2
50.0,0.2,500.0,pre,hydroxide_suppression,8.4,1.9557,635.9,826.7,99.97,0.0,0.096,98.94,11.1
50.0,0.2,500.0,pre,intermediate_adsorption,8.4,1.9557,635.5,826.1,99.56,0.0,0.0964,98.59,11.1
50.0,0.2,500.0,pre,mixed_metal_intermediate,8.4,1.9557,635.9,826.7,99.97,0.0,0.096,98.91,11.1
50.0,0.2,1000.0,pe,hydroxide_suppression,10.0,3.4471,550.5,715.6,100.0,0.0,0.096,98.96,13.2
50.0,0.2,1000.0,pe,intermediate_adsorption,10.0,3.4471,550.4,715.6,99.86,0.0,0.0961,98.59,13.2
50.0,0.2,1000.0,pe,mixed_metal_intermediate,10.0,3.4471,550.5,715.6,100.0,0.0,0.096,98.92,13.2
50.0,0.2,1000.0,pre,hydroxide_suppression,8.4,1.9151,635.9,826.7,100.0,0.0,0.096,98.94,11.1
50.0,0.2,1000.0,pre,intermediate_adsorption,8.4,1.9151,635.8,826.6,99.86,0.0,0.0961,98.59,11.1
50.0,0.2,1000.0,pre,mixed_metal_intermediate,8.4,1.9151,635.9,826.7,100.0,0.0,0.096,98.91,11.1
50.0,0.3,1.0,pe,hydroxide_suppression,15.0,4.4662,543.6,706.7,97.52,0.0,0.0984,98.98,13.3
50.0,0.3,1.0,pe,intermediate_adsorption,15.0,4.4662,542.8,705.7,97.02,0.0,0.0989,98.61,13.3
50.0,0.3,1.0,pe,mixed_metal_intermediate,15.0,4.4662,543.4,706.5,97.42,0.0,0.0985,98.95,13.3
50.0,0.3,1.0,pre,hydroxide_suppression,13.6,2.6603,615.9,800.7,97.42,0.0,0.0985,98.99,11.5
50.0,0.3,1.0,pre,intermediate_adsorption,13.6,2.6603,615.2,799.7,97.02,0.0,0.0989,98.62,11.5
50.0,0.3,1.0,pre,mixed_metal_intermediate,13.6,2.6603,615.9,800.7,97.42,0.0,0.0985,98.95,11.5
50.0,0.3,10.0,pe,hydroxide_suppression,15.0,4.1089,545.2,708.8,98.5,0.0,0.0974,98.98,13.3
50.0,0.3,10.0,pe,intermediate_adsorption,15.0,4.1089,544.5,707.8,98.0,0.0,0.0979,98.61,13.3
50.0,0.3,10.0,pe,mixed_metal_intermediate,15.0,4.1089,545.1,708.6,98.4,0.0,0.0975,98.95,13.3
50.0,0.3,10.0,pre,hydroxide_suppression,13.6,2.4475,617.7,803.0,98.4,0.0,0.0975,98.99,11.5
50.0,0.3,10.0,pre,intermediate_adsorption,13.6,2.4475,617.1,802.2,98.0,0.0,0.0979,98.62,11.5
50.0,0.3,10.0,pre,mixed_metal_intermediate,13.6,2.4475,617.7,803.0,98.4,0.0,0.0975,98.95,11.5
50.0,0.3,50.0,pe,hydroxide_suppression,15.0,3.8913,546.2,710.1,99.19,0.0,0.0968,98.98,13.3
50.0,0.3,50.0,pe,intermediate_adsorption,15.0,3.8913,545.5,709.2,98.68,0.0,0.0973,98.61,13.3
50.0,0.3,50.0,pe,mixed_metal_intermediate,15.0,3.8913,546.1,709.9,99.09,0.0,0.0969,98.95,13.3
50.0,0.3,50.0,pre,hydroxide_suppression,13.6,2.3178,618.9,804.5,99.09,0.0,0.0969,98.99,11.5
50.0,0.3,50.0,pre,intermediate_adsorption,13.6,2.3178,618.3,803.7,98.68,0.0,0.0973,98.62,11.5
50.0,0.3,50.0,pre,mixed_metal_intermediate,13.6,2.3178,618.9,804.5,99.09,0.0,0.0969,98.95,11.5
50.0,0.3,100.0,pe,hydroxide_suppression,15.0,3.8045,546.6,710.6,99.48,0.0,0.0965,98.98,13.3
50.0,0.3,100.0,pe,intermediate_adsorption,15.0,3.8045,546.0,709.8,98.98,0.0,0.097,98.61,13.3
50.0,0.3,100.0,pe,mixed_metal_intermediate,15.0,3.8045,546.5,710.4,99.38,0.0,0.0966,98.95,13.3
50.0,0.3,100.0,pre,hydroxide_suppression,13.6,2.2662,619.3,805.1,99.38,0.0,0.0966,98.99,11.5
50.0,0.3,100.0,pre,intermediate_adsorption,13.6,2.2662,618.7,804.4,98.98,0.0,0.097,98.62,11.5
50.0,0.3,100.0,pre,mixed_metal_intermediate,13.6,2.2662,619.3,805.1,99.38,0.0,0.0966,98.95,11.5
50.0,0.3,500.0,pe,hydroxide_suppression,15.0,3.6173,547.1,711.2,100.0,0.0,0.096,98.98,13.3
50.0,0.3,500.0,pe,intermediate_adsorption,15.0,3.6173,546.9,710.9,99.66,0.0,0.0963,98.61,13.3
50.0,0.3,500.0,pe,mixed_metal_intermediate,15.0,3.6173,547.1,711.3,100.0,0.0,0.096,98.95,13.3
50.0,0.3,500.0,pre,hydroxide_suppression,13.6,2.1546,620.0,806.1,100.0,0.0,0.096,98.99,11.5
50.0,0.3,500.0,pre,intermediate_adsorption,13.6,2.1546,619.8,805.7,99.66,0.0,0.0963,98.62,11.5
50.0,0.3,500.0,pre,mixed_metal_intermediate,13.6,2.1546,620.1,806.1,100.0,0.0,0.096,98.95,11.5
50.0,0.3,1000.0,pe,hydroxide_suppression,15.0,3.5422,547.1,711.2,100.0,0.0,0.096,98.98,13.3
50.0,0.3,1000.0,pe,intermediate_adsorption,15.0,3.5422,547.1,711.3,99.96,0.0,0.096,98.61,13.3
50.0,0.3,1000.0,pe,mixed_metal_intermediate,15.0,3.5422,547.1,711.3,100.0,0.0,0.096,98.95,13.3
50.0,0.3,1000.0,pre,hydroxide_suppression,13.6,2.1099,620.0,806.1,100.0,0.0,0.096,98.99,11.5
50.0,0.3,1000.0,pre,intermediate_adsorption,13.6,2.1099,620.1,806.1,99.96,0.0,0.096,98.62,11.5
50.0,0.3,1000.0,pre,mixed_metal_intermediate,13.6,2.1099,620.1,806.1,100.0,0.0,0.096,98.95,11.5
50.0,0.5,1.0,pe,hydroxide_suppression,25.0,4.7572,535.8,696.6,97.42,0.0,0.0985,98.98,13.5
50.0,0.5,1.0,pe,intermediate_adsorption,25.0,4.7572,535.2,695.8,97.02,0.0,0.0989,98.54,13.5
50.0,0.5,1.0,pe,mixed_metal_intermediate,25.0,4.7572,535.8,696.6,97.42,0.0,0.0985,98.95,13.5
50.0,0.5,1.0,pre,hydroxide_suppression,24.0,3.1401,590.8,768.1,97.52,0.0,0.0984,98.99,12.1
50.0,0.5,1.0,pre,intermediate_adsorption,24.0,3.1401,590.0,766.9,97.02,0.0,0.0989,98.57,12.1
50.0,0.5,1.0,pre,mixed_metal_intermediate,24.0,3.1401,590.6,767.8,97.42,0.0,0.0985,98.96,12.1
50.0,0.5,10.0,pe,hydroxide_suppression,25.0,4.3766,537.4,698.6,98.4,0.0,0.0975,98.98,13.5
50.0,0.5,10.0,pe,intermediate_adsorption,25.0,4.3766,536.9,697.9,98.0,0.0,0.0979,98.54,13.5
50.0,0.5,10.0,pe,mixed_metal_intermediate,25.0,4.3766,537.4,698.6,98.4,0.0,0.0975,98.95,13.5
50.0,0.5,10.0,pre,hydroxide_suppression,24.0,2.8889,592.5,770.3,98.5,0.0,0.0974,98.99,12.1
50.0,0.5,10.0,pre,intermediate_adsorption,24.0,2.8889,591.8,769.3,98.0,0.0,0.0979,98.57,12.1
50.0,0.5,10.0,pre,mixed_metal_intermediate,24.0,2.8889,592.4,770.1,98.4,0.0,0.0975,98.96,12.1
50.0,0.5,50.0,pe,hydroxide_suppression,25.0,4.1449,538.4,699.9,99.09,0.0,0.0969,98.98,13.5
50.0,0.5,50.0,pe,intermediate_adsorption,25.0,4.1449,537.9,699.3,98.68,0.0,0.0973,98.54,13.5
50.0,0.5,50.0,pe,mixed_metal_intermediate,25.0,4.1449,538.4,699.9,99.09,0.0,0.0969,98.95,13.5
50.0,0.5,50.0,pre,hydroxide_suppression,24.0,2.7359,593.6,771.7,99.19,0.0,0.0968,98.99,12.1
50.0,0.5,50.0,pre,intermediate_adsorption,24.0,2.7359,592.9,770.8,98.68,0.0,0.0973,98.57,12.1
50.0,0.5,50.0,pre,mixed_metal_intermediate,24.0,2.7359,593.5,771.5,99.09,0.0,0.0969,98.96,12.1
50.0,0.5,100.0,pe,hydroxide_suppression,25.0,4.0524,538.8,700.4,99.38,0.0,0.0966,98.98,13.5
50.0,0.5,100.0,pe,intermediate_adsorption,25.0,4.0524,538.3,699.8,98.98,0.0,0.097,98.54,13.5
50.0,0.5,100.0,pe,mixed_metal_intermediate,25.0,4.0524,538.8,700.4,99.38,0.0,0.0966,98.95,13.5
50.0,0.5,100.0,pre,hydroxide_suppression,24.0,2.6749,594.0,772.3,99.48,0.0,0.0965,98.99,12.1
50.0,0.5,100.0,pre,intermediate_adsorption,24.0,2.6749,593.4,771.4,98.98,0.0,0.097,98.57,12.1
50.0,0.5,100.0,pre,mixed_metal_intermediate,24.0,2.6749,593.9,772.1,99.38,0.0,0.0966,98.96,12.1
50.0,0.5,500.0,pe,hydroxide_suppression,25.0,3.8529,539.4,701.3,100.0,0.0,0.096,98.98,13.5
50.0,0.5,500.0,pe,intermediate_adsorption,25.0,3.8529,539.2,701.0,99.66,0.0,0.0963,98.54,13.5
50.0,0.5,500.0,pe,mixed_metal_intermediate,25.0,3.8529,539.5,701.3,100.0,0.0,0.096,98.95,13.5
50.0,0.5,500.0,pre,hydroxide_suppression,24.0,2.5432,594.6,773.0,100.0,0.0,0.096,98.99,12.1
50.0,0.5,500.0,pre,intermediate_adsorption,24.0,2.5432,594.3,772.7,99.66,0.0,0.0963,98.57,12.1
50.0,0.5,500.0,pre,mixed_metal_intermediate,24.0,2.5432,594.6,773.0,100.0,0.0,0.096,98.96,12.1
50.0,0.5,1000.0,pe,hydroxide_suppression,25.0,3.773,539.4,701.3,100.0,0.0,0.096,98.98,13.5
50.0,0.5,1000.0,pe,intermediate_adsorption,25.0,3.773,539.5,701.3,99.96,0.0,0.096,98.54,13.5
50.0,0.5,1000.0,pe,mixed_metal_intermediate,25.0,3.773,539.5,701.3,100.0,0.0,0.096,98.95,13.5
50.0,0.5,1000.0,pre,hydroxide_suppression,24.0,2.4904,594.6,773.0,100.0,0.0,0.096,98.99,12.1
50.0,0.5,1000.0,pre,intermediate_adsorption,24.0,2.4904,594.7,773.1,99.96,0.0,0.096,98.57,12.1
50.0,0.5,1000.0,pre,mixed_metal_intermediate,24.0,2.4904,594.6,773.0,100.0,0.0,0.096,98.96,12.1
50.0,0.7,1.0,pe,hydroxide_suppression,35.0,5.0748,528.3,686.8,97.42,0.0,0.0985,98.92,13.7
50.0,0.7,1.0,pe,intermediate_adsorption,35.0,5.0748,527.5,685.8,96.92,0.0,0.099,98.39,13.7
50.0,0.7,1.0,pe,mixed_metal_intermediate,35.0,5.0748,528.3,686.8,97.42,0.0,0.0985,98.91,13.7
50.0,0.7,1.0,pre,hydroxide_suppression,34.4,3.6154,570.9,742.2,97.52,0.0,0.0984,98.94,12.6
50.0,0.7,1.0,pre,intermediate_adsorption,34.4,3.6154,570.1,741.2,97.02,0.0,0.0989,98.42,12.6
50.0,0.7,1.0,pre,mixed_metal_intermediate,34.4,3.6154,570.8,742.0,97.42,0.0,0.0985,98.91,12.6
50.0,0.7,10.0,pe,hydroxide_suppression,35.0,4.6688,529.9,688.8,98.4,0.0,0.0975,98.92,13.7
50.0,0.7,10.0,pe,intermediate_adsorption,35.0,4.6688,529.2,687.9,97.9,0.0,0.098,98.39,13.7
50.0,0.7,10.0,pe,mixed_metal_intermediate,35.0,4.6688,529.9,688.8,98.4,0.0,0.0975,98.91,13.7
50.0,0.7,10.0,pre,hydroxide_suppression,34.4,3.3262,572.6,744.4,98.5,0.0,0.0974,98.94,12.6
50.0,0.7,10.0,pre,intermediate_adsorption,34.4,3.3262,571.9,743.4,98.0,0.0,0.0979,98.42,12.6
50.0,0.7,10.0,pre,mixed_metal_intermediate,34.4,3.3262,572.4,744.2,98.4,0.0,0.0975,98.91,12.6
50.0,0.7,50.0,pe,hydroxide_suppression,35.0,4.4215,530.8,690.1,99.09,0.0,0.0969,98.92,13.7
50.0,0.7,50.0,pe,intermediate_adsorption,35.0,4.4215,530.2,689.3,98.58,0.0,0.0974,98.39,13.7
50.0,0.7,50.0,pe,mixed_metal_intermediate,35.0,4.4215,530.8,690.1,99.09,0.0,0.0969,98.91,13.7
50.0,0.7,50.0,pre,hydroxide_suppression,34.4,3.15,573.6,745.7,99.19,0.0,0.0968,98.94,12.6
50.0,0.7,50.0,pre,intermediate_adsorption,34.4,3.15,573.0,744.9,98.68,0.0,0.0973,98.42,12.6
50.0,0.7,50.0,pre,mixed_metal_intermediate,34.4,3.15,573.5,745.6,99.09,0.0,0.0969,98.91,12.6
50.0,0.7,100.0,pe,hydroxide_suppression,35.0,4.3229,531.2,690.6,99.38,0.0,0.0966,98.92,13.7
50.0,0.7,100.0,pe,intermediate_adsorption,35.0,4.3229,530.6,689.8,98.88,0.0,0.0971,98.39,13.7
50.0,0.7,100.0,pe,mixed_metal_intermediate,35.0,4.3229,531.2,690.6,99.38,0.0,0.0966,98.91,13.7
50.0,0.7,100.0,pre,hydroxide_suppression,34.4,3.0798,574.1,746.3,99.48,0.0,0.0965,98.94,12.6
50.0,0.7,100.0,pre,intermediate_adsorption,34.4,3.0798,573.4,745.5,98.98,0.0,0.097,98.42,12.6
50.0,0.7,100.0,pre,mixed_metal_intermediate,34.4,3.0798,573.9,746.1,99.38,0.0,0.0966,98.91,12.6
50.0,0.7,500.0,pe,hydroxide_suppression,35.0,4.1101,531.9,691.4,100.0,0.0,0.096,98.92,13.7
50.0,0.7,500.0,pe,intermediate_adsorption,35.0,4.1101,531.5,691.0,99.56,0.0,0.0964,98.39,13.7
50.0,0.7,500.0,pe,mixed_metal_intermediate,35.0,4.1101,531.9,691.4,100.0,0.0,0.096,98.91,13.7
50.0,0.7,500.0,pre,hydroxide_suppression,34.4,2.9282,574.6,747.0,100.0,0.0,0.096,98.94,12.6
50.0,0.7,500.0,pre,intermediate_adsorption,34.4,2.9282,574.4,746.7,99.66,0.0,0.0963,98.42,12.6
50.0,0.7,500.0,pre,mixed_metal_intermediate,34.4,2.9282,574.6,747.0,100.0,0.0,0.096,98.91,12.6
50.0,0.7,1000.0,pe,hydroxide_suppression,35.0,4.0248,531.9,691.4,100.0,0.0,0.096,98.92,13.7
50.0,0.7,1000.0,pe,intermediate_adsorption,35.0,4.0248,531.8,691.4,99.86,0.0,0.0961,98.39,13.7
50.0,0.7,1000.0,pe,mixed_metal_intermediate,35.0,4.0248,531.9,691.4,100.0,0.0,0.096,98.91,13.7
50.0,0.7,1000.0,pre,hydroxide_suppression,34.4,2.8674,574.6,747.0,100.0,0.0,0.096,98.94,12.6
50.0,0.7,1000.0,pre,intermediate_adsorption,34.4,2.8674,574.7,747.1,99.96,0.0,0.096,98.42,12.6
50.0,0.7,1000.0,pre,mixed_metal_intermediate,34.4,2.8674,574.6,747.0,100.0,0.0,0.096,98.91,12.6
50.0,1.0,1.0,pe,hydroxide_suppression,50.0,5.5699,517.9,673.2,97.42,0.0,0.0985,98.78,13.9
50.0,1.0,1.0,pe,intermediate_adsorption,50.0,5.5699,516.7,671.7,96.62,0.0,0.0993,97.96,13.9
50.0,1.0,1.0,pe,mixed_metal_intermediate,50.0,5.5699,517.9,673.2,97.42,0.0,0.0985,98.77,13.9
50.0,1.0,1.0,pre,hydroxide_suppression,50.0,4.3266,547.4,711.6,97.42,0.0,0.0985,98.78,13.2
50.0,1.0,1.0,pre,intermediate_adsorption,50.0,4.3266,546.1,710.0,96.62,0.0,0.0993,97.96,13.2
50.0,1.0,1.0,pre,mixed_metal_intermediate,50.0,4.3266,547.4,711.6,97.42,0.0,0.0985,98.77,13.2
50.0,1.0,10.0,pe,hydroxide_suppression,50.0,5.1243,519.4,675.2,98.4,0.0,0.0975,98.78,14.0
50.0,1.0,10.0,pe,intermediate_adsorption,50.0,5.1243,518.3,673.8,97.6,0.0,0.0983,97.96,13.9
50.0,1.0,10.0,pe,mixed_metal_intermediate,50.0,5.1243,519.4,675.2,98.4,0.0,0.0975,98.77,14.0
50.0,1.0,10.0,pre,hydroxide_suppression,50.0,3.9805,549.0,713.7,98.4,0.0,0.0975,98.78,13.2
50.0,1.0,10.0,pre,intermediate_adsorption,50.0,3.9805,547.8,712.2,97.6,0.0,0.0983,97.96,13.2
50.0,1.0,10.0,pre,mixed_metal_intermediate,50.0,3.9805,549.0,713.7,98.4,0.0,0.0975,98.77,13.2
50.0,1.0,50.0,pe,hydroxide_suppression,50.0,4.8529,520.4,676.5,99.09,0.0,0.0969,98.78,14.0
50.0,1.0,50.0,pe,intermediate_adsorption,50.0,4.8529,519.4,675.2,98.28,0.0,0.0977,97.96,13.9
50.0,1.0,50.0,pe,mixed_metal_intermediate,50.0,4.8529,520.4,676.5,99.09,0.0,0.0969,98.77,14.0
50.0,1.0,50.0,pre,hydroxide_suppression,50.0,3.7697,550.0,715.0,99.09,0.0,0.0969,98.78,13.2
50.0,1.0,50.0,pre,intermediate_adsorption,50.0,3.7697,549.0,713.6,98.28,0.0,0.0977,97.96,13.2
50.0,1.0,50.0,pre,mixed_metal_intermediate,50.0,3.7697,550.0,715.0,99.09,0.0,0.0969,98.77,13.2
50.0,1.0,100.0,pe,hydroxide_suppression,50.0,4.7447,520.7,677.0,99.38,0.0,0.0966,98.78,14.0
50.0,1.0,100.0,pe,intermediate_adsorption,50.0,4.7447,519.8,675.7,98.58,0.0,0.0974,97.96,14.0
50.0,1.0,100.0,pe,mixed_metal_intermediate,50.0,4.7447,520.7,677.0,99.38,0.0,0.0966,98.77,14.0
50.0,1.0,100.0,pre,hydroxide_suppression,50.0,3.6857,550.4,715.6,99.38,0.0,0.0966,98.78,13.2
50.0,1.0,100.0,pre,intermediate_adsorption,50.0,3.6857,549.4,714.2,98.58,0.0,0.0974,97.96,13.2
50.0,1.0,100.0,pre,mixed_metal_intermediate,50.0,3.6857,550.4,715.6,99.38,0.0,0.0966,98.77,13.2
50.0,1.0,500.0,pe,hydroxide_suppression,50.0,4.5112,521.4,677.8,100.0,0.0,0.096,98.78,14.0
50.0,1.0,500.0,pe,intermediate_adsorption,50.0,4.5112,520.7,676.9,99.26,0.0,0.0967,97.96,14.0
50.0,1.0,500.0,pe,mixed_metal_intermediate,50.0,4.5112,521.4,677.8,100.0,0.0,0.096,98.77,14.0
50.0,1.0,500.0,pre,hydroxide_suppression,50.0,3.5042,551.1,716.4,100.0,0.0,0.096,98.78,13.2
50.0,1.0,500.0,pre,intermediate_adsorption,50.0,3.5042,550.4,715.5,99.26,0.0,0.0967,97.96,13.2
50.0,1.0,500.0,pre,mixed_metal_intermediate,50.0,3.5042,551.1,716.4,100.0,0.0,0.096,98.77,13.2
50.0,1.0,1000.0,pe,hydroxide_suppression,50.0,4.4175,521.4,677.8,100.0,0.0,0.096,98.78,14.0
50.0,1.0,1000.0,pe,intermediate_adsorption,50.0,4.4175,521.1,677.4,99.55,0.0,0.0964,97.96,14.0
50.0,1.0,1000.0,pe,mixed_metal_intermediate,50.0,4.4175,521.4,677.8,100.0,0.0,0.096,98.77,14.0
50.0,1.0,1000.0,pre,hydroxide_suppression,50.0,3.4315,551.1,716.4,100.0,0.0,0.096,98.78,13.2
50.0,1.0,1000.0,pre,intermediate_adsorption,50.0,3.4315,550.8,716.0,99.55,0.0,0.0964,97.96,13.2
50.0,1.0,1000.0,pre,mixed_metal_intermediate,50.0,3.4315,551.1,716.4,100.0,0.0,0.096,98.77,13.2
100.0,0.1,1.0,pe,hydroxide_suppression,10.0,3.4772,575.9,748.7,97.32,0.0,0.0986,98.96,12.5
100.0,0.1,1.0,pe,intermediate_adsorption,10.0,3.4772,575.1,747.6,96.82,0.0,0.0991,98.61,12.5
100.0,0.1,1.0,pe,mixed_metal_intermediate,10.0,3.4772,575.8,748.5,97.22,0.0,0.0987,98.93,12.5
100.0,0.1,1.0,pre,hydroxide_suppression,6.4,1.7486,689.6,896.5,97.22,0.0,0.0987,98.92,9.6
100.0,0.1,1.0,pre,intermediate_adsorption,6.4,1.7486,688.8,895.4,96.82,0.0,0.0991,98.57,9.6
100.0,0.1,1.0,pre,mixed_metal_intermediate,6.4,1.7486,689.6,896.5,97.22,0.0,0.0987,98.88,9.6
100.0,0.1,10.0,pe,hydroxide_suppression,10.0,3.199,577.6,750.9,98.3,0.0,0.0976,98.96,12.5
100.0,0.1,10.0,pe,intermediate_adsorption,10.0,3.199,576.9,749.9,97.8,0.0,0.0981,98.61,12.5
100.0,0.1,10.0,pe,mixed_metal_intermediate,10.0,3.199,577.5,750.7,98.2,0.0,0.0977,98.93,12.5
100.0,0.1,10.0,pre,hydroxide_suppression,6.4,1.6087,691.7,899.1,98.2,0.0,0.0977,98.92,9.6
100.0,0.1,10.0,pre,intermediate_adsorption,6.4,1.6087,690.9,898.2,97.8,0.0,0.0981,98.57,9.6
100.0,0.1,10.0,pre,mixed_metal_intermediate,6.4,1.6087,691.7,899.2,98.2,0.0,0.0977,98.88,9.6
100.0,0.1,50.0,pe,hydroxide_suppression,10.0,3.0296,578.7,752.4,98.99,0.0,0.097,98.96,12.5
100.0,0.1,50.0,pe,intermediate_adsorption,10.0,3.0296,578.0,751.4,98.48,0.0,0.0975,98.61,12.5
100.0,0.1,50.0,pe,mixed_metal_intermediate,10.0,3.0296,578.6,752.2,98.89,0.0,0.0971,98.93,12.5
100.0,0.1,50.0,pre,hydroxide_suppression,6.4,1.5235,693.0,900.9,98.89,0.0,0.0971,98.92,9.6
100.0,0.1,50.0,pre,intermediate_adsorption,6.4,1.5235,692.3,900.0,98.48,0.0,0.0975,98.57,9.6
100.0,0.1,50.0,pre,mixed_metal_intermediate,6.4,1.5235,693.0,900.9,98.89,0.0,0.0971,98.88,9.6
100.0,0.1,100.0,pe,hydroxide_suppression,10.0,2.962,579.2,752.9,99.28,0.0,0.0967,98.96,12.5
100.0,0.1,100.0,pe,intermediate_adsorption,10.0,2.962,578.5,752.0,98.78,0.0,0.0972,98.61,12.5
100.0,0.1,100.0,pe,mixed_metal_intermediate,10.0,2.962,579.0,752.7,99.18,0.0,0.0968,98.93,12.5
100.0,0.1,100.0,pre,hydroxide_suppression,6.4,1.4895,693.5,901.6,99.18,0.0,0.0968,98.92,9.6
100.0,0.1,100.0,pre,intermediate_adsorption,6.4,1.4895,692.8,900.7,98.78,0.0,0.0972,98.57,9.6
100.0,0.1,100.0,pre,mixed_metal_intermediate,6.4,1.4895,693.5,901.6,99.18,0.0,0.0968,98.88,9.6
100.0,0.1,500.0,pe,hydroxide_suppression,10.0,2.8162,580.0,754.0,99.97,0.0,0.096,98.96,12.5
100.0,0.1,500.0,pe,intermediate_adsorption,10.0,2.8162,579.5,753.3,99.46,0.0,0.0965,98.61,12.5
100.0,0.1,500.0,pe,mixed_metal_intermediate,10.0,2.8162,579.9,753.9,99.87,0.0,0.0961,98.93,12.5
100.0,0.1,500.0,pre,hydroxide_suppression,6.4,1.4162,694.5,902.9,99.87,0.0,0.0961,98.92,9.6
100.0,0.1,500.0,pre,intermediate_adsorption,6.4,1.4162,694.0,902.2,99.46,0.0,0.0965,98.57,9.6
100.0,0.1,500.0,pre,mixed_metal_intermediate,6.4,1.4162,694.5,902.9,99.87,0.0,0.0961,98.88,9.6
100.0,0.1,1000.0,pe,hydroxide_suppression,10.0,2.7578,580.0,754.0,100.0,0.0,0.096,98.96,12.5
100.0,0.1,1000.0,pe,intermediate_adsorption,10.0,2.7578,579.8,753.8,99.76,0.0,0.0962,98.61,12.5
100.0,0.1,1000.0,pe,mixed_metal_intermediate,10.0,2.7578,580.0,754.0,100.0,0.0,0.096,98.93,12.5
100.0,0.1,1000.0,pre,hydroxide_suppression,6.4,1.3868,694.7,903.1,100.0,0.0,0.096,98.92,9.6
100.0,0.1,1000.0,pre,intermediate_adsorption,6.4,1.3868,694.5,902.8,99.76,0.0,0.0962,98.57,9.6
100.0,0.1,1000.0,pre,mixed_metal_intermediate,6.4,1.3868,694.7,903.1,100.0,0.0,0.096,98.88,9.6
100.0,0.2,1.0,pe,hydroxide_suppression,20.0,3.5304,574.0,746.2,97.42,0.0,0.0985,99.0,12.5
100.0,0.2,1.0,pe,intermediate_adsorption,20.0,3.5304,573.3,745.4,97.02,0.0,0.0989,98.62,12.5
100.0,0.2,1.0,pe,mixed_metal_intermediate,20.0,3.5304,574.0,746.2,97.42,0.0,0.0985,98.98,12.5
100.0,0.2,1.0,pre,hydroxide_suppression,16.8,1.9614,668.1,868.6,97.42,0.0,0.0985,99.01,10.2
100.0,0.2,1.0,pre,intermediate_adsorption,16.8,1.9614,667.4,867.6,97.02,0.0,0.0989,98.65,10.2
100.0,0.2,1.0,pre,mixed_metal_intermediate,16.8,1.9614,668.2,868.6,97.42,0.0,0.0985,98.98,10.2
100.0,0.2,10.0,pe,hydroxide_suppression,20.0,3.2479,575.7,748.4,98.4,0.0,0.0975,99.0,12.5
100.0,0.2,10.0,pe,intermediate_adsorption,20.0,3.2479,575.1,747.6,98.0,0.0,0.0979,98.62,12.5
100.0,0.2,10.0,pe,mixed_metal_intermediate,20.0,3.2479,575.7,748.4,98.4,0.0,0.0975,98.98,12.5
100.0,0.2,10.0,pre,hydroxide_suppression,16.8,1.8045,670.1,871.2,98.4,0.0,0.0975,99.01,10.2
100.0,0.2,10.0,pre,intermediate_adsorption,16.8,1.8045,669.4,870.2,98.0,0.0,0.0979,98.65,10.2
100.0,0.2,10.0,pre,mixed_metal_intermediate,16.8,1.8045,670.1,871.2,98.4,0.0,0.0975,98.98,10.2
100.0,0.2,50.0,pe,hydroxide_suppression,20.0,3.0759,576.8,749.8,99.09,0.0,0.0969,99.0,12.5
100.0,0.2,50.0,pe,intermediate_adsorption,20.0,3.0759,576.2,749.1,98.68,0.0,0.0973,98.62,12.5
100.0,0.2,50.0,pe,mixed_metal_intermediate,20.0,3.0759,576.8,749.8,99.09,0.0,0.0969,98.98,12.5
100.0,0.2,50.0,pre,hydroxide_suppression,16.8,1.7089,671.4,872.8,99.09,0.0,0.0969,99.01,10.2
100.0,0.2,50.0,pre,intermediate_adsorption,16.8,1.7089,670.7,871.9,98.68,0.0,0.0973,98.65,10.2
100.0,0.2,50.0,pre,mixed_metal_intermediate,16.8,1.7089,671.4,872.8,99.09,0.0,0.0969,98.98,10.2
100.0,0.2,100.0,pe,hydroxide_suppression,20.0,3.0073,577.2,750.3,99.38,0.0,0.0966,99.0,12.6
100.0,0.2,100.0,pe,intermediate_adsorption,20.0,3.0073,576.7,749.7,98.98,0.0,0.097,98.62,12.5
100.0,0.2,100.0,pe,mixed_metal_intermediate,20.0,3.0073,577.2,750.3,99.38,0.0,0.0966,98.98,12.6
100.0,0.2,100.0,pre,hydroxide_suppression,16.8,1.6708,671.9,873.4,99.38,0.0,0.0966,99.01,10.2
100.0,0.2,100.0,pre,intermediate_adsorption,16.8,1.6708,671.2,872.6,98.98,0.0,0.097,98.65,10.2
100.0,0.2,100.0,pre,mixed_metal_intermediate,16.8,1.6708,671.9,873.4,99.38,0.0,0.0966,98.98,10.2
100.0,0.2,500.0,pe,hydroxide_suppression,20.0,2.8593,577.9,751.2,100.0,0.0,0.096,99.0,12.6
100.0,0.2,500.0,pe,intermediate_adsorption,20.0,2.8593,577.6,750.9,99.66,0.0,0.0963,98.62,12.6
100.0,0.2,500.0,pe,mixed_metal_intermediate,20.0,2.8593,577.9,751.3,100.0,0.0,0.096,98.98,12.6
100.0,0.2,500.0,pre,hydroxide_suppression,16.8,1.5885,672.7,874.5,100.0,0.0,0.096,99.01,10.2
100.0,0.2,500.0,pre,intermediate_adsorption,16.8,1.5885,672.3,874.0,99.66,0.0,0.0963,98.65,10.2
100.0,0.2,500.0,pre,mixed_metal_intermediate,16.8,1.5885,672.7,874.5,100.0,0.0,0.096,98.98,10.2
100.0,0.2,1000.0,pe,hydroxide_suppression,20.0,2.7999,577.9,751.2,100.0,0.0,0.096,99.0,12.6
100.0,0.2,1000.0,pe,intermediate_adsorption,20.0,2.7999,577.9,751.3,99.96,0.0,0.096,98.62,12.6
100.0,0.2,1000.0,pe,mixed_metal_intermediate,20.0,2.7999,577.9,751.3,100.0,0.0,0.096,98.98,12.6
100.0,0.2,1000.0,pre,hydroxide_suppression,16.8,1.5556,672.7,874.5,100.0,0.0,0.096,99.01,10.2
100.0,0.2,1000.0,pre,intermediate_adsorption,16.8,1.5556,672.7,874.5,99.96,0.0,0.096,98.65,10.2
100.0,0.2,1000.0,pre,mixed_metal_intermediate,16.8,1.5556,672.7,874.5,100.0,0.0,0.096,98.98,10.2
100.0,0.3,1.0,pe,hydroxide_suppression,30.0,3.6277,570.5,741.6,97.52,0.0,0.0984,98.96,12.6
100.0,0.3,1.0,pe,intermediate_adsorption,30.0,3.6277,569.6,740.5,97.02,0.0,0.0989,98.54,12.6
100.0,0.3,1.0,pe,mixed_metal_intermediate,30.0,3.6277,570.5,741.6,97.52,0.0,0.0984,98.96,12.6
100.0,0.3,1.0,pre,hydroxide_suppression,27.2,2.1608,650.9,846.1,97.52,0.0,0.0984,99.01,10.6
100.0,0.3,1.0,pre,intermediate_adsorption,27.2,2.1608,650.1,845.2,97.12,0.0,0.0988,98.6,10.6
100.0,0.3,1.0,pre,mixed_metal_intermediate,27.2,2.1608,650.9,846.1,97.52,0.0,0.0984,98.98,10.6
100.0,0.3,10.0,pe,hydroxide_suppression,30.0,3.3375,572.1,743.8,98.5,0.0,0.0974,98.96,12.6
100.0,0.3,10.0,pe,intermediate_adsorption,30.0,3.3375,571.4,742.8,98.0,0.0,0.0979,98.54,12.6
100.0,0.3,10.0,pe,mixed_metal_intermediate,30.0,3.3375,572.1,743.8,98.5,0.0,0.0974,98.96,12.6
100.0,0.3,10.0,pre,hydroxide_suppression,27.2,1.988,652.8,848.6,98.5,0.0,0.0974,99.01,10.6
100.0,0.3,10.0,pre,intermediate_adsorption,27.2,1.988,652.1,847.7,98.1,0.0,0.0978,98.6,10.6
100.0,0.3,10.0,pre,mixed_metal_intermediate,27.2,1.988,652.8,848.6,98.5,0.0,0.0974,98.98,10.6
100.0,0.3,50.0,pe,hydroxide_suppression,30.0,3.1607,573.2,745.1,99.19,0.0,0.0968,98.96,12.6
100.0,0.3,50.0,pe,intermediate_adsorption,30.0,3.1607,572.5,744.2,98.68,0.0,0.0973,98.54,12.6
100.0,0.3,50.0,pe,mixed_metal_intermediate,30.0,3.1607,573.2,745.1,99.19,0.0,0.0968,98.96,12.6
100.0,0.3,50.0,pre,hydroxide_suppression,27.2,1.8827,654.0,850.2,99.19,0.0,0.0968,99.01,10.6
100.0,0.3,50.0,pre,intermediate_adsorption,27.2,1.8827,653.4,849.4,98.79,0.0,0.0972,98.6,10.6
100.0,0.3,50.0,pre,mixed_metal_intermediate,27.2,1.8827,654.0,850.2,99.19,0.0,0.0968,98.98,10.6
100.0,0.3,100.0,pe,hydroxide_suppression,30.0,3.0902,573.6,745.7,99.48,0.0,0.0965,98.96,12.6
100.0,0.3,100.0,pe,intermediate_adsorption,30.0,3.0902,572.9,744.8,98.98,0.0,0.097,98.54,12.6
100.0,0.3,100.0,pe,mixed_metal_intermediate,30.0,3.0902,573.6,745.7,99.48,0.0,0.0965,98.96,12.6
100.0,0.3,100.0,pre,hydroxide_suppression,27.2,1.8407,654.4,850.8,99.48,0.0,0.0965,99.01,10.6
100.0,0.3,100.0,pre,intermediate_adsorption,27.2,1.8407,653.9,850.0,99.08,0.0,0.0969,98.6,10.6
100.0,0.3,100.0,pre,mixed_metal_intermediate,27.2,1.8407,654.4,850.8,99.48,0.0,0.0965,98.98,10.6
100.0,0.3,500.0,pe,hydroxide_suppression,30.0,2.9381,574.1,746.4,100.0,0.0,0.096,98.96,12.6
100.0,0.3,500.0,pe,intermediate_adsorption,30.0,2.9381,573.9,746.0,99.66,0.0,0.0963,98.54,12.6
100.0,0.3,500.0,pe,mixed_metal_intermediate,30.0,2.9381,574.1,746.4,100.0,0.0,0.096,98.96,12.6
100.0,0.3,500.0,pre,hydroxide_suppression,27.2,1.7501,655.1,851.6,100.0,0.0,0.096,99.01,10.6
100.0,0.3,500.0,pre,intermediate_adsorption,27.2,1.7501,654.9,851.4,99.77,0.0,0.0962,98.6,10.6
100.0,0.3,500.0,pre,mixed_metal_intermediate,27.2,1.7501,655.1,851.6,100.0,0.0,0.096,98.98,10.6
100.0,0.3,1000.0,pe,hydroxide_suppression,30.0,2.8771,574.1,746.4,100.0,0.0,0.096,98.96,12.6
100.0,0.3,1000.0,pe,intermediate_adsorption,30.0,2.8771,574.2,746.4,99.96,0.0,0.096,98.54,12.6
100.0,0.3,1000.0,pe,mixed_metal_intermediate,30.0,2.8771,574.1,746.4,100.0,0.0,0.096,98.96,12.6
100.0,0.3,1000.0,pre,hydroxide_suppression,27.2,1.7138,655.1,851.6,100.0,0.0,0.096,99.01,10.6
100.0,0.3,1000.0,pre,intermediate_adsorption,27.2,1.7138,655.1,851.7,100.0,0.0,0.096,98.6,10.6
100.0,0.3,1000.0,pre,mixed_metal_intermediate,27.2,1.7138,655.1,851.6,100.0,0.0,0.096,98.98,10.6
100.0,0.5,1.0,pe,hydroxide_suppression,50.0,3.8641,562.1,730.7,97.32,0.01,0.0986,98.68,12.8
100.0,0.5,1.0,pe,intermediate_adsorption,50.0,3.8641,561.3,729.7,96.82,0.01,0.0991,98.13,12.8
100.0,0.5,1.0,pe,mixed_metal_intermediate,50.0,3.8641,562.2,730.9,97.42,0.01,0.0985,98.83,12.8
100.0,0.5,1.0,pre,hydroxide_suppression,48.0,2.5505,623.0,810.0,97.42,0.01,0.0985,98.83,11.3
100.0,0.5,1.0,pre,intermediate_adsorption,48.0,2.5505,622.2,808.8,96.92,0.01,0.099,98.24,11.3
100.0,0.5,1.0,pre,mixed_metal_intermediate,48.0,2.5505,623.0,809.9,97.42,0.01,0.0985,98.87,11.3
100.0,0.5,10.0,pe,hydroxide_suppression,50.0,3.5549,563.8,732.9,98.3,0.01,0.0976,98.68,12.8
100.0,0.5,10.0,pe,intermediate_adsorption,50.0,3.5549,563.0,731.9,97.8,0.01,0.0981,98.13,12.8
100.0,0.5,10.0,pe,mixed_metal_intermediate,50.0,3.5549,563.9,733.1,98.4,0.01,0.0975,98.83,12.8
100.0,0.5,10.0,pre,hydroxide_suppression,48.0,2.3465,624.9,812.3,98.4,0.01,0.0975,98.83,11.3
100.0,0.5,10.0,pre,intermediate_adsorption,48.0,2.3465,624.1,811.3,97.9,0.01,0.098,98.24,11.3
100.0,0.5,10.0,pre,mixed_metal_intermediate,48.0,2.3465,624.9,812.3,98.4,0.01,0.0975,98.87,11.3
100.0,0.5,50.0,pe,hydroxide_suppression,50.0,3.3667,564.8,734.3,98.99,0.01,0.097,98.68,12.8
100.0,0.5,50.0,pe,intermediate_adsorption,50.0,3.3667,564.1,733.4,98.48,0.01,0.0975,98.13,12.8
100.0,0.5,50.0,pe,mixed_metal_intermediate,50.0,3.3667,564.9,734.4,99.09,0.01,0.0969,98.83,12.8
100.0,0.5,50.0,pre,hydroxide_suppression,48.0,2.2222,626.0,813.9,99.09,0.01,0.0969,98.83,11.3
100.0,0.5,50.0,pre,intermediate_adsorption,48.0,2.2222,625.3,812.9,98.58,0.01,0.0974,98.24,11.3
100.0,0.5,50.0,pre,mixed_metal_intermediate,48.0,2.2222,626.0,813.8,99.09,0.01,0.0969,98.87,11.3
100.0,0.5,100.0,pe,hydroxide_suppression,50.0,3.2916,565.2,734.8,99.28,0.01,0.0967,98.68,12.8
100.0,0.5,100.0,pe,intermediate_adsorption,50.0,3.2916,564.6,734.0,98.78,0.01,0.0972,98.13,12.8
100.0,0.5,100.0,pe,mixed_metal_intermediate,50.0,3.2916,565.4,735.0,99.38,0.01,0.0966,98.83,12.8
100.0,0.5,100.0,pre,hydroxide_suppression,48.0,2.1727,626.5,814.4,99.38,0.01,0.0966,98.83,11.3
100.0,0.5,100.0,pre,intermediate_adsorption,48.0,2.1727,625.8,813.5,98.88,0.01,0.0971,98.24,11.3
100.0,0.5,100.0,pre,mixed_metal_intermediate,48.0,2.1727,626.5,814.4,99.38,0.01,0.0966,98.87,11.3
100.0,0.5,500.0,pe,hydroxide_suppression,50.0,3.1296,566.0,735.9,99.97,0.01,0.096,98.68,12.8
100.0,0.5,500.0,pe,intermediate_adsorption,50.0,3.1296,565.6,735.2,99.46,0.01,0.0965,98.13,12.8
100.0,0.5,500.0,pe,mixed_metal_intermediate,50.0,3.1296,566.0,735.8,100.0,0.01,0.096,98.83,12.8
100.0,0.5,500.0,pre,hydroxide_suppression,48.0,2.0657,627.3,815.4,100.0,0.01,0.096,98.83,11.3
100.0,0.5,500.0,pre,intermediate_adsorption,48.0,2.0657,626.9,814.9,99.56,0.01,0.0964,98.24,11.3
100.0,0.5,500.0,pre,mixed_metal_intermediate,48.0,2.0657,627.2,815.4,100.0,0.01,0.096,98.87,11.3
100.0,0.5,1000.0,pe,hydroxide_suppression,50.0,3.0646,566.1,735.9,100.0,0.01,0.096,98.68,12.8
100.0,0.5,1000.0,pe,intermediate_adsorption,50.0,3.0646,565.9,735.7,99.76,0.01,0.0962,98.13,12.8
100.0,0.5,1000.0,pe,mixed_metal_intermediate,50.0,3.0646,566.0,735.8,100.0,0.01,0.096,98.83,12.8
100.0,0.5,1000.0,pre,hydroxide_suppression,48.0,2.0228,627.3,815.4,100.0,0.01,0.096,98.83,11.3
100.0,0.5,1000.0,pre,intermediate_adsorption,48.0,2.0228,627.2,815.4,99.86,0.01,0.0961,98.24,11.3
100.0,0.5,1000.0,pre,mixed_metal_intermediate,48.0,2.0228,627.2,815.4,100.0,0.01,0.096,98.87,11.3
100.0,0.7,1.0,pe,hydroxide_suppression,70.0,4.122,552.8,718.6,96.72,0.01,0.0992,97.94,13.0
100.0,0.7,1.0,pe,intermediate_adsorption,70.0,4.122,551.5,716.9,95.93,0.01,0.1001,96.95,13.0
100.0,0.7,1.0,pe,mixed_metal_intermediate,70.0,4.122,553.6,719.6,97.22,0.01,0.0987,98.53,13.0
100.0,0.7,1.0,pre,hydroxide_suppression,68.8,2.9366,600.5,780.6,97.12,0.01,0.0988,98.37,11.8
100.0,0.7,1.0,pre,intermediate_adsorption,68.8,2.9366,598.7,778.3,96.13,0.01,0.0999,97.16,11.8
100.0,0.7,1.0,pre,mixed_metal_intermediate,68.8,2.9366,600.8,781.1,97.32,0.01,0.0986,98.58,11.8
100.0,0.7,10.0,pe,hydroxide_suppression,70.0,3.7922,554.5,720.8,97.7,0.01,0.0982,97.94,13.0
100.0,0.7,10.0,pe,intermediate_adsorption,70.0,3.7922,553.3,719.2,96.9,0.01,0.0991,96.95,13.0
100.0,0.7,10.0,pe,mixed_metal_intermediate,70.0,3.7922,555.2,721.8,98.2,0.01,0.0977,98.53,13.0
100.0,0.7,10.0,pre,hydroxide_suppression,68.8,2.7017,602.3,783.0,98.1,0.01,0.0978,98.37,11.8
100.0,0.7,10.0,pre,intermediate_adsorption,68.8,2.7017,600.7,780.8,97.1,0.01,0.0989,97.16,11.8
100.0,0.7,10.0,pre,mixed_metal_intermediate,68.8,2.7017,602.6,783.4,98.3,0.01,0.0976,98.58,11.9
100.0,0.7,50.0,pe,hydroxide_suppression,70.0,3.5914,555.6,722.3,98.38,0.01,0.0976,97.94,13.0
100.0,0.7,50.0,pe,intermediate_adsorption,70.0,3.5914,554.4,720.8,97.58,0.01,0.0984,96.95,13.0
100.0,0.7,50.0,pe,mixed_metal_intermediate,70.0,3.5914,556.3,723.2,98.89,0.01,0.0971,98.53,13.0
100.0,0.7,50.0,pre,hydroxide_suppression,68.8,2.5586,603.5,784.5,98.79,0.01,0.0972,98.37,11.9
100.0,0.7,50.0,pre,intermediate_adsorption,68.8,2.5586,601.9,782.5,97.78,0.01,0.0982,97.16,11.8
100.0,0.7,50.0,pre,mixed_metal_intermediate,68.8,2.5586,603.8,784.9,98.99,0.01,0.097,98.58,11.9
100.0,0.7,100.0,pe,hydroxide_suppression,70.0,3.5113,556.1,722.9,98.68,0.01,0.0973,97.94,13.0
100.0,0.7,100.0,pe,intermediate_adsorption,70.0,3.5113,554.9,721.4,97.87,0.01,0.0981,96.95,13.0
100.0,0.7,100.0,pe,mixed_metal_intermediate,70.0,3.5113,556.7,723.7,99.18,0.01,0.0968,98.53,13.0
100.0,0.7,100.0,pre,hydroxide_suppression,68.8,2.5016,603.9,785.1,99.08,0.01,0.0969,98.37,11.9
100.0,0.7,100.0,pre,intermediate_adsorption,68.8,2.5016,602.5,783.2,98.07,0.01,0.0979,97.16,11.8
100.0,0.7,100.0,pre,mixed_metal_intermediate,68.8,2.5016,604.2,785.5,99.28,0.01,0.0967,98.58,11.9
100.0,0.7,500.0,pe,hydroxide_suppression,70.0,3.3385,557.0,724.2,99.36,0.01,0.0966,97.94,13.0
100.0,0.7,500.0,pe,intermediate_adsorption,70.0,3.3385,556.0,722.8,98.55,0.01,0.0974,96.95,13.0
100.0,0.7,500.0,pe,mixed_metal_intermediate,70.0,3.3385,557.5,724.8,99.87,0.01,0.0961,98.53,13.0
100.0,0.7,500.0,pre,hydroxide_suppression,68.8,2.3784,604.9,786.4,99.77,0.01,0.0962,98.37,11.9
100.0,0.7,500.0,pre,intermediate_adsorption,68.8,2.3784,603.6,784.7,98.75,0.01,0.0972,97.16,11.8
100.0,0.7,500.0,pre,mixed_metal_intermediate,68.8,2.3784,605.1,786.6,99.97,0.01,0.096,98.58,11.9
100.0,0.7,1000.0,pe,hydroxide_suppression,70.0,3.2692,557.4,724.6,99.65,0.01,0.0963,97.94,13.0
100.0,0.7,1000.0,pe,intermediate_adsorption,70.0,3.2692,556.5,723.4,98.84,0.01,0.0971,96.95,13.0
100.0,0.7,1000.0,pe,mixed_metal_intermediate,70.0,3.2692,557.7,724.9,100.0,0.01,0.096,98.53,13.0
100.0,0.7,1000.0,pre,hydroxide_suppression,68.8,2.3291,605.1,786.7,100.0,0.01,0.096,98.37,11.9
100.0,0.7,1000.0,pre,intermediate_adsorption,68.8,2.3291,604.1,785.3,99.04,0.01,0.0969,97.16,11.8
100.0,0.7,1000.0,pre,mixed_metal_intermediate,68.8,2.3291,605.1,786.6,100.0,0.01,0.096,98.58,11.9
100.0,1.0,1.0,pe,hydroxide_suppression,100.0,4.5242,535.2,695.7,93.16,0.01,0.103,92.59,13.2
100.0,1.0,1.0,pe,intermediate_adsorption,100.0,4.5242,529.8,688.7,90.29,0.01,0.1063,88.01,13.2
100.0,1.0,1.0,pe,mixed_metal_intermediate,100.0,4.5242,540.4,702.6,96.23,0.01,0.0997,97.16,13.3
100.0,1.0,1.0,pre,hydroxide_suppression,100.0,3.5143,567.5,737.7,93.16,0.01,0.103,92.59,12.4
100.0,1.0,1.0,pre,intermediate_adsorption,100.0,3.5143,561.7,730.2,90.29,0.01,0.1063,88.01,12.4
100.0,1.0,1.0,pre,mixed_metal_intermediate,100.0,3.5143,573.1,745.0,96.23,0.01,0.0997,97.16,12.5
100.0,1.0,10.0,pe,hydroxide_suppression,100.0,4.1622,537.1,698.2,94.1,0.01,0.102,92.59,13.3
100.0,1.0,10.0,pe,intermediate_adsorption,100.0,4.1622,531.7,691.3,91.2,0.01,0.1052,88.01,13.2
100.0,1.0,10.0,pe,mixed_metal_intermediate,100.0,4.1622,542.2,704.8,97.2,0.01,0.0988,97.16,13.3
100.0,1.0,10.0,pre,hydroxide_suppression,100.0,3.2332,569.5,740.3,94.1,0.01,0.102,92.59,12.4
100.0,1.0,10.0,pre,intermediate_adsorption,100.0,3.2332,563.8,732.9,91.2,0.01,0.1052,88.01,12.4
100.0,1.0,10.0,pre,mixed_metal_intermediate,100.0,3.2332,574.9,747.4,97.2,0.01,0.0988,97.16,12.5
100.0,1.0,50.0,pe,hydroxide_suppression,100.0,3.9418,538.4,699.9,94.76,0.01,0.1013,92.59,13.3
100.0,1.0,50.0,pe,intermediate_adsorption,100.0,3.9418,533.1,693.0,91.84,0.01,0.1045,88.01,13.2
100.0,1.0,50.0,pe,mixed_metal_intermediate,100.0,3.9418,543.3,706.3,97.88,0.01,0.0981,97.16,13.3
100.0,1.0,50.0,pre,hydroxide_suppression,100.0,3.062,570.9,742.1,94.76,0.01,0.1013,92.59,12.5
100.0,1.0,50.0,pre,intermediate_adsorption,100.0,3.062,565.2,734.8,91.84,0.01,0.1045,88.01,12.4
100.0,1.0,50.0,pre,mixed_metal_intermediate,100.0,3.062,576.1,749.0,97.88,0.01,0.0981,97.16,12.5
100.0,1.0,100.0,pe,hydroxide_suppression,100.0,3.8539,538.9,700.6,95.04,0.01,0.101,92.59,13.3
100.0,1.0,100.0,pe,intermediate_adsorption,100.0,3.8539,533.7,693.8,92.11,0.01,0.1042,88.01,13.2
100.0,1.0,100.0,pe,mixed_metal_intermediate,100.0,3.8539,543.8,706.9,98.17,0.01,0.0978,97.16,13.3
100.0,1.0,100.0,pre,hydroxide_suppression,100.0,2.9937,571.4,742.9,95.04,0.01,0.101,92.59,12.5
100.0,1.0,100.0,pre,intermediate_adsorption,100.0,2.9937,565.8,735.6,92.11,0.01,0.1042,88.01,12.4
100.0,1.0,100.0,pre,mixed_metal_intermediate,100.0,2.9937,576.6,749.6,98.17,0.01,0.0978,97.16,12.5
100.0,1.0,500.0,pe,hydroxide_suppression,100.0,3.6642,540.2,702.2,95.7,0.01,0.1003,92.59,13.3
100.0,1.0,500.0,pe,intermediate_adsorption,100.0,3.6642,535.0,695.5,92.75,0.01,0.1035,88.01,13.2
100.0,1.0,500.0,pe,mixed_metal_intermediate,100.0,3.6642,544.8,708.3,98.85,0.01,0.0971,97.16,13.3
100.0,1.0,500.0,pre,hydroxide_suppression,100.0,2.8463,572.8,744.6,95.7,0.01,0.1003,92.59,12.5
100.0,1.0,500.0,pre,intermediate_adsorption,100.0,2.8463,567.2,737.4,92.75,0.01,0.1035,88.01,12.4
100.0,1.0,500.0,pre,mixed_metal_intermediate,100.0,2.8463,577.7,751.0,98.85,0.01,0.0971,97.16,12.5
100.0,1.0,1000.0,pe,hydroxide_suppression,100.0,3.5881,540.7,702.9,95.98,0.01,0.1,92.59,13.3
100.0,1.0,1000.0,pe,intermediate_adsorption,100.0,3.5881,535.6,696.3,93.02,0.01,0.1032,88.01,13.2
100.0,1.0,1000.0,pe,mixed_metal_intermediate,100.0,3.5881,545.2,708.8,99.14,0.01,0.0968,97.16,13.3
100.0,1.0,1000.0,pre,hydroxide_suppression,100.0,2.7872,573.3,745.3,95.98,0.01,0.1,92.59,12.5
100.0,1.0,1000.0,pre,intermediate_adsorption,100.0,2.7872,567.9,738.2,93.02,0.01,0.1032,88.01,12.4
100.0,1.0,1000.0,pre,mixed_metal_intermediate,100.0,2.7872,578.2,751.6,99.14,0.01,0.0968,97.16,12.5
150.0,0.1,1.0,pe,hydroxide_suppression,15.0,3.0789,593.5,771.6,97.42,0.0,0.0985,99.0,12.1
150.0,0.1,1.0,pe,intermediate_adsorption,15.0,3.0789,592.8,770.7,97.02,0.0,0.0989,98.64,12.0
150.0,0.1,1.0,pe,mixed_metal_intermediate,15.0,3.0789,593.3,771.3,97.32,0.0,0.0986,98.97,12.0
150.0,0.1,1.0,pre,hydroxide_suppression,9.6,1.5483,714.3,928.6,97.32,0.0,0.0986,98.98,9.0
150.0,0.1,1.0,pre,intermediate_adsorption,9.6,1.5483,713.5,927.5,96.92,0.0,0.099,98.63,9.0
150.0,0.1,1.0,pre,mixed_metal_intermediate,9.6,1.5483,714.1,928.4,97.22,0.0,0.0987,98.94,9.0
150.0,0.1,10.0,pe,hydroxide_suppression,15.0,2.8326,595.3,773.9,98.4,0.0,0.0975,99.0,12.1
150.0,0.1,10.0,pe,intermediate_adsorption,15.0,2.8326,594.6,773.0,98.0,0.0,0.0979,98.64,12.1
150.0,0.1,10.0,pe,mixed_metal_intermediate,15.0,2.8326,595.1,773.6,98.3,0.0,0.0976,98.97,12.1
150.0,0.1,10.0,pre,hydroxide_suppression,9.6,1.4244,716.5,931.4,98.3,0.0,0.0976,98.98,9.0
150.0,0.1,10.0,pre,intermediate_adsorption,9.6,1.4244,715.7,930.4,97.9,0.0,0.098,98.63,9.0
150.0,0.1,10.0,pre,mixed_metal_intermediate,9.6,1.4244,716.3,931.1,98.2,0.0,0.0977,98.94,9.0
150.0,0.1,50.0,pe,hydroxide_suppression,15.0,2.6826,596.4,775.3,99.09,0.0,0.0969,99.0,12.1
150.0,0.1,50.0,pe,intermediate_adsorption,15.0,2.6826,595.8,774.5,98.68,0.0,0.0973,98.64,12.1
150.0,0.1,50.0,pe,mixed_metal_intermediate,15.0,2.6826,596.2,775.1,98.99,0.0,0.097,98.97,12.1
150.0,0.1,50.0,pre,hydroxide_suppression,9.6,1.349,717.8,933.2,98.99,0.0,0.097,98.98,9.0
150.0,0.1,50.0,pre,intermediate_adsorption,9.6,1.349,717.1,932.2,98.58,0.0,0.0974,98.63,9.0
150.0,0.1,50.0,pre,mixed_metal_intermediate,9.6,1.349,717.6,932.9,98.89,0.0,0.0971,98.94,9.0
150.0,0.1,100.0,pe,hydroxide_suppression,15.0,2.6228,596.8,775.8,99.38,0.0,0.0966,99.0,12.1
150.0,0.1,100.0,pe,intermediate_adsorption,15.0,2.6228,596.3,775.2,98.98,0.0,0.097,98.64,12.1
150.0,0.1,100.0,pe,mixed_metal_intermediate,15.0,2.6228,596.7,775.7,99.28,0.0,0.0967,98.97,12.1
150.0,0.1,100.0,pre,hydroxide_suppression,9.6,1.3189,718.3,933.9,99.28,0.0,0.0967,98.98,9.0
150.0,0.1,100.0,pre,intermediate_adsorption,9.6,1.3189,717.7,933.0,98.88,0.0,0.0971,98.63,9.0
150.0,0.1,100.0,pre,mixed_metal_intermediate,9.6,1.3189,718.2,933.6,99.18,0.0,0.0968,98.94,9.0
150.0,0.1,500.0,pe,hydroxide_suppression,15.0,2.4937,597.5,776.8,100.0,0.0,0.096,99.0,12.1
150.0,0.1,500.0,pe,intermediate_adsorption,15.0,2.4937,597.2,776.4,99.66,0.0,0.0963,98.64,12.1
150.0,0.1,500.0,pe,mixed_metal_intermediate,15.0,2.4937,597.5,776.8,99.97,0.0,0.096,98.97,12.1
150.0,0.1,500.0,pre,hydroxide_suppression,9.6,1.254,719.4,935.2,99.97,0.0,0.096,98.98,9.0
150.0,0.1,500.0,pre,intermediate_adsorption,9.6,1.254,718.9,934.5,99.56,0.0,0.0964,98.63,9.0
150.0,0.1,500.0,pre,mixed_metal_intermediate,9.6,1.254,719.3,935.0,99.87,0.0,0.0961,98.94,9.0
150.0,0.1,1000.0,pe,hydroxide_suppression,15.0,2.4419,597.5,776.8,100.0,0.0,0.096,99.0,12.1
150.0,0.1,1000.0,pe,intermediate_adsorption,15.0,2.4419,597.6,776.8,99.96,0.0,0.096,98.64,12.1
150.0,0.1,1000.0,pe,mixed_metal_intermediate,15.0,2.4419,597.5,776.8,100.0,0.0,0.096,98.97,12.1
150.0,0.1,1000.0,pre,hydroxide_suppression,9.6,1.228,719.4,935.2,100.0,0.0,0.096,98.98,9.0
150.0,0.1,1000.0,pre,intermediate_adsorption,9.6,1.228,719.3,935.1,99.86,0.0,0.0961,98.63,9.0
150.0,0.1,1000.0,pre,mixed_metal_intermediate,9.6,1.228,719.4,935.2,100.0,0.0,0.096,98.94,9.0
150.0,0.2,1.0,pe,hydroxide_suppression,30.0,3.126,591.8,769.4,97.52,0.01,0.0984,98.97,12.1
150.0,0.2,1.0,pe,intermediate_adsorption,30.0,3.126,591.2,768.5,97.12,0.01,0.0988,98.57,12.1
150.0,0.2,1.0,pe,mixed_metal_intermediate,30.0,3.126,591.8,769.4,97.52,0.01,0.0984,98.98,12.1
150.0,0.2,1.0,pre,hydroxide_suppression,25.2,1.7367,691.5,899.0,97.52,0.0,0.0984,99.03,9.6
150.0,0.2,1.0,pre,intermediate_adsorption,25.2,1.7367,690.7,898.0,97.12,0.0,0.0988,98.65,9.6
150.0,0.2,1.0,pre,mixed_metal_intermediate,25.2,1.7367,691.5,899.0,97.52,0.0,0.0984,99.0,9.6
150.0,0.2,10.0,pe,hydroxide_suppression,30.0,2.8759,593.6,771.6,98.5,0.01,0.0974,98.97,12.1
150.0,0.2,10.0,pe,intermediate_adsorption,30.0,2.8759,593.0,770.8,98.1,0.01,0.0978,98.57,12.1
150.0,0.2,10.0,pe,mixed_metal_intermediate,30.0,2.8759,593.6,771.6,98.5,0.01,0.0974,98.98,12.1
150.0,0.2,10.0,pre,hydroxide_suppression,25.2,1.5978,693.6,901.6,98.5,0.0,0.0974,99.03,9.6
150.0,0.2,10.0,pre,intermediate_adsorption,25.2,1.5978,692.8,900.7,98.1,0.0,0.0978,98.65,9.6
150.0,0.2,10.0,pre,mixed_metal_intermediate,25.2,1.5978,693.6,901.6,98.5,0.0,0.0974,99.0,9.6
150.0,0.2,50.0,pe,hydroxide_suppression,30.0,2.7236,594.7,773.1,99.19,0.01,0.0968,98.97,12.1
150.0,0.2,50.0,pe,intermediate_adsorption,30.0,2.7236,594.1,772.3,98.79,0.01,0.0972,98.57,12.1
150.0,0.2,50.0,pe,mixed_metal_intermediate,30.0,2.7236,594.7,773.1,99.19,0.01,0.0968,98.98,12.1
150.0,0.2,50.0,pre,hydroxide_suppression,25.2,1.5132,694.8,903.3,99.19,0.0,0.0968,99.03,9.6
150.0,0.2,50.0,pre,intermediate_adsorption,25.2,1.5132,694.2,902.4,98.79,0.0,0.0972,98.65,9.6
150.0,0.2,50.0,pre,mixed_metal_intermediate,25.2,1.5132,694.8,903.3,99.19,0.0,0.0968,99.0,9.6
150.0,0.2,100.0,pe,hydroxide_suppression,30.0,2.6629,595.1,773.6,99.48,0.01,0.0965,98.97,12.1
150.0,0.2,100.0,pe,intermediate_adsorption,30.0,2.6629,594.6,772.9,99.08,0.01,0.0969,98.57,12.1
150.0,0.2,100.0,pe,mixed_metal_intermediate,30.0,2.6629,595.1,773.6,99.48,0.01,0.0965,98.98,12.1
150.0,0.2,100.0,pre,hydroxide_suppression,25.2,1.4794,695.3,903.9,99.48,0.0,0.0965,99.03,9.6
150.0,0.2,100.0,pre,intermediate_adsorption,25.2,1.4794,694.7,903.1,99.08,0.0,0.0969,98.65,9.6
150.0,0.2,100.0,pre,mixed_metal_intermediate,25.2,1.4794,695.3,903.9,99.48,0.0,0.0965,99.0,9.6
150.0,0.2,500.0,pe,hydroxide_suppression,30.0,2.5318,595.7,774.4,100.0,0.01,0.096,98.97,12.1
150.0,0.2,500.0,pe,intermediate_adsorption,30.0,2.5318,595.5,774.2,99.77,0.01,0.0962,98.57,12.1
150.0,0.2,500.0,pe,mixed_metal_intermediate,30.0,2.5318,595.7,774.4,100.0,0.01,0.096,98.98,12.1
150.0,0.2,500.0,pre,hydroxide_suppression,25.2,1.4066,696.0,904.8,100.0,0.0,0.096,99.03,9.6
150.0,0.2,500.0,pre,intermediate_adsorption,25.2,1.4066,695.8,904.5,99.77,0.0,0.0962,98.65,9.6
150.0,0.2,500.0,pre,mixed_metal_intermediate,25.2,1.4066,696.0,904.8,100.0,0.0,0.096,99.0,9.6
150.0,0.2,1000.0,pe,hydroxide_suppression,30.0,2.4793,595.7,774.4,100.0,0.01,0.096,98.97,12.1
150.0,0.2,1000.0,pe,intermediate_adsorption,30.0,2.4793,595.7,774.4,100.0,0.01,0.096,98.57,12.1
150.0,0.2,1000.0,pe,mixed_metal_intermediate,30.0,2.4793,595.7,774.4,100.0,0.01,0.096,98.98,12.1
150.0,0.2,1000.0,pre,hydroxide_suppression,25.2,1.3774,696.0,904.8,100.0,0.0,0.096,99.03,9.6
150.0,0.2,1000.0,pre,intermediate_adsorption,25.2,1.3774,696.1,904.9,100.0,0.0,0.096,98.65,9.6
150.0,0.2,1000.0,pre,mixed_metal_intermediate,25.2,1.3774,696.0,904.8,100.0,0.0,0.096,99.0,9.6
150.0,0.3,1.0,pe,hydroxide_suppression,45.0,3.2122,587.7,764.1,97.42,0.01,0.0985,98.78,12.2
150.0,0.3,1.0,pe,intermediate_adsorption,45.0,3.2122,587.1,763.2,97.02,0.01,0.0989,98.34,12.2
150.0,0.3,1.0,pe,mixed_metal_intermediate,45.0,3.2122,587.9,764.3,97.52,0.01,0.0984,98.9,12.2
150.0,0.3,1.0,pre,hydroxide_suppression,40.8,1.9133,673.3,875.4,97.52,0.01,0.0984,98.94,10.0
150.0,0.3,1.0,pre,intermediate_adsorption,40.8,1.9133,672.6,874.4,97.12,0.01,0.0988,98.48,10.0
150.0,0.3,1.0,pre,mixed_metal_intermediate,40.8,1.9133,673.3,875.3,97.52,0.01,0.0984,98.96,10.0
150.0,0.3,10.0,pe,hydroxide_suppression,45.0,2.9552,589.5,766.3,98.4,0.01,0.0975,98.78,12.2
150.0,0.3,10.0,pe,intermediate_adsorption,45.0,2.9552,588.9,765.5,98.0,0.01,0.0979,98.34,12.2
150.0,0.3,10.0,pe,mixed_metal_intermediate,45.0,2.9552,589.6,766.5,98.5,0.01,0.0974,98.9,12.2
150.0,0.3,10.0,pre,hydroxide_suppression,40.8,1.7603,675.3,877.9,98.5,0.01,0.0974,98.94,10.0
150.0,0.3,10.0,pre,intermediate_adsorption,40.8,1.7603,674.6,877.0,98.1,0.01,0.0978,98.48,10.0
150.0,0.3,10.0,pre,mixed_metal_intermediate,40.8,1.7603,675.3,877.9,98.5,0.01,0.0974,98.96,10.0
150.0,0.3,50.0,pe,hydroxide_suppression,45.0,2.7987,590.6,767.7,99.09,0.01,0.0969,98.78,12.2
150.0,0.3,50.0,pe,intermediate_adsorption,45.0,2.7987,590.0,767.0,98.68,0.01,0.0973,98.34,12.2
150.0,0.3,50.0,pe,mixed_metal_intermediate,45.0,2.7987,590.7,767.9,99.19,0.01,0.0968,98.9,12.2
150.0,0.3,50.0,pre,hydroxide_suppression,40.8,1.667,676.6,879.5,99.19,0.01,0.0968,98.94,10.0
150.0,0.3,50.0,pre,intermediate_adsorption,40.8,1.667,675.9,878.7,98.79,0.01,0.0972,98.48,10.0
150.0,0.3,50.0,pre,mixed_metal_intermediate,40.8,1.667,676.5,879.5,99.19,0.01,0.0968,98.96,10.0
150.0,0.3,100.0,pe,hydroxide_suppression,45.0,2.7363,591.0,768.3,99.38,0.01,0.0966,98.78,12.2
150.0,0.3,100.0,pe,intermediate_adsorption,45.0,2.7363,590.5,767.6,98.98,0.01,0.097,98.34,12.2
150.0,0.3,100.0,pe,mixed_metal_intermediate,45.0,2.7363,591.1,768.4,99.48,0.01,0.0965,98.9,12.2
150.0,0.3,100.0,pre,hydroxide_suppression,40.8,1.6299,677.0,880.1,99.48,0.01,0.0965,98.94,10.0
150.0,0.3,100.0,pre,intermediate_adsorption,40.8,1.6299,676.4,879.4,99.08,0.01,0.0969,98.48,10.0
150.0,0.3,100.0,pre,mixed_metal_intermediate,40.8,1.6299,677.0,880.1,99.48,0.01,0.0965,98.96,10.0
150.0,0.3,500.0,pe,hydroxide_suppression,45.0,2.6016,591.7,769.2,100.0,0.01,0.096,98.78,12.2
150.0,0.3,500.0,pe,intermediate_adsorption,45.0,2.6016,591.4,768.9,99.66,0.01,0.0963,98.34,12.2
150.0,0.3,500.0,pe,mixed_metal_intermediate,45.0,2.6016,591.7,769.2,100.0,0.01,0.096,98.9,12.2
150.0,0.3,500.0,pre,hydroxide_suppression,40.8,1.5496,677.7,881.0,100.0,0.01,0.096,98.94,10.0
150.0,0.3,500.0,pre,intermediate_adsorption,40.8,1.5496,677.5,880.8,99.77,0.01,0.0962,98.48,10.0
150.0,0.3,500.0,pre,mixed_metal_intermediate,40.8,1.5496,677.7,881.0,100.0,0.01,0.096,98.96,10.0
150.0,0.3,1000.0,pe,hydroxide_suppression,45.0,2.5476,591.7,769.2,100.0,0.01,0.096,98.78,12.2
150.0,0.3,1000.0,pe,intermediate_adsorption,45.0,2.5476,591.8,769.3,99.96,0.01,0.096,98.34,12.2
150.0,0.3,1000.0,pe,mixed_metal_intermediate,45.0,2.5476,591.7,769.2,100.0,0.01,0.096,98.9,12.2
150.0,0.3,1000.0,pre,hydroxide_suppression,40.8,1.5175,677.7,881.0,100.0,0.01,0.096,98.94,10.0
150.0,0.3,1000.0,pre,intermediate_adsorption,40.8,1.5175,677.8,881.1,100.0,0.01,0.096,98.48,10.0
150.0,0.3,1000.0,pre,mixed_metal_intermediate,40.8,1.5175,677.7,881.0,100.0,0.01,0.096,98.96,10.0
150.0,0.5,1.0,pe,hydroxide_suppression,75.0,3.4215,576.1,748.9,95.83,0.01,0.1002,96.72,12.4
150.0,0.5,1.0,pe,intermediate_adsorption,75.0,3.4215,576.3,749.1,95.93,0.01,0.1001,96.81,12.4
150.0,0.5,1.0,pe,mixed_metal_intermediate,75.0,3.4215,578.4,752.0,97.22,0.01,0.0987,98.51,12.4
150.0,0.5,1.0,pre,hydroxide_suppression,72.0,2.2584,642.5,835.2,96.92,0.01,0.099,98.18,10.8
150.0,0.5,1.0,pre,intermediate_adsorption,72.0,2.2584,641.1,833.5,96.23,0.01,0.0997,97.31,10.8
150.0,0.5,1.0,pre,mixed_metal_intermediate,72.0,2.2584,643.2,836.2,97.32,0.01,0.0986,98.62,10.8
150.0,0.5,10.0,pe,hydroxide_suppression,75.0,3.1478,578.0,751.3,96.8,0.01,0.0992,96.72,12.4
150.0,0.5,10.0,pe,intermediate_adsorption,75.0,3.1478,578.1,751.6,96.9,0.01,0.0991,96.81,12.4
150.0,0.5,10.0,pe,mixed_metal_intermediate,75.0,3.1478,580.2,754.2,98.2,0.01,0.0977,98.51,12.4
150.0,0.5,10.0,pre,hydroxide_suppression,72.0,2.0777,644.4,837.8,97.9,0.01,0.098,98.18,10.8
150.0,0.5,10.0,pre,intermediate_adsorption,72.0,2.0777,643.2,836.1,97.2,0.01,0.0988,97.31,10.8
150.0,0.5,10.0,pre,mixed_metal_intermediate,72.0,2.0777,645.1,838.7,98.3,0.01,0.0976,98.62,10.8
150.0,0.5,50.0,pe,hydroxide_suppression,75.0,2.9811,579.2,753.0,97.48,0.01,0.0985,96.72,12.4
150.0,0.5,50.0,pe,intermediate_adsorption,75.0,2.9811,579.4,753.2,97.58,0.01,0.0984,96.81,12.4
150.0,0.5,50.0,pe,mixed_metal_intermediate,75.0,2.9811,581.3,755.7,98.89,0.01,0.0971,98.51,12.4
150.0,0.5,50.0,pre,hydroxide_suppression,72.0,1.9677,645.7,839.4,98.58,0.01,0.0974,98.18,10.8
150.0,0.5,50.0,pre,intermediate_adsorption,72.0,1.9677,644.5,837.9,97.88,0.01,0.0981,97.31,10.8
150.0,0.5,50.0,pre,mixed_metal_intermediate,72.0,1.9677,646.3,840.2,98.99,0.01,0.097,98.62,10.8
150.0,0.5,100.0,pe,hydroxide_suppression,75.0,2.9146,579.7,753.6,97.77,0.01,0.0982,96.72,12.4
150.0,0.5,100.0,pe,intermediate_adsorption,75.0,2.9146,579.9,753.9,97.87,0.01,0.0981,96.81,12.4
150.0,0.5,100.0,pe,mixed_metal_intermediate,75.0,2.9146,581.7,756.3,99.18,0.01,0.0968,98.51,12.4
150.0,0.5,100.0,pre,hydroxide_suppression,72.0,1.9238,646.2,840.1,98.88,0.01,0.0971,98.18,10.8
150.0,0.5,100.0,pre,intermediate_adsorption,72.0,1.9238,645.1,838.6,98.17,0.01,0.0978,97.31,10.8
150.0,0.5,100.0,pre,mixed_metal_intermediate,72.0,1.9238,646.8,840.9,99.28,0.01,0.0967,98.62,10.8
150.0,0.5,500.0,pe,hydroxide_suppression,75.0,2.7711,580.9,755.1,98.44,0.01,0.0975,96.72,12.4
150.0,0.5,500.0,pe,intermediate_adsorption,75.0,2.7711,581.0,755.3,98.55,0.01,0.0974,96.81,12.4
150.0,0.5,500.0,pe,mixed_metal_intermediate,75.0,2.7711,582.6,757.4,99.87,0.01,0.0961,98.51,12.4
150.0,0.5,500.0,pre,hydroxide_suppression,72.0,1.8291,647.3,841.5,99.56,0.01,0.0964,98.18,10.8
150.0,0.5,500.0,pre,intermediate_adsorption,72.0,1.8291,646.3,840.2,98.85,0.01,0.0971,97.31,10.8
150.0,0.5,500.0,pre,mixed_metal_intermediate,72.0,1.8291,647.7,842.1,99.97,0.01,0.096,98.62,10.8
150.0,0.5,1000.0,pe,hydroxide_suppression,75.0,2.7136,581.4,755.8,98.74,0.01,0.0972,96.72,12.4
150.0,0.5,1000.0,pe,intermediate_adsorption,75.0,2.7136,581.5,755.9,98.84,0.01,0.0971,96.81,12.4
150.0,0.5,1000.0,pe,mixed_metal_intermediate,75.0,2.7136,582.7,757.5,100.0,0.01,0.096,98.51,12.4
150.0,0.5,1000.0,pre,hydroxide_suppression,72.0,1.7912,647.7,842.0,99.86,0.01,0.0961,98.18,10.8
150.0,0.5,1000.0,pre,intermediate_adsorption,72.0,1.7912,646.8,840.9,99.14,0.01,0.0968,97.31,10.8
150.0,0.5,1000.0,pre,mixed_metal_intermediate,72.0,1.7912,647.8,842.1,100.0,0.01,0.096,98.62,10.8
150.0,0.7,1.0,pe,hydroxide_suppression,105.0,3.6499,544.3,707.6,84.64,0.01,0.1134,78.02,12.4
150.0,0.7,1.0,pe,intermediate_adsorption,105.0,3.6499,556.2,723.1,90.09,0.01,0.1065,87.67,12.5
150.0,0.7,1.0,pe,mixed_metal_intermediate,105.0,3.6499,567.9,738.3,96.23,0.01,0.0997,97.11,12.6
150.0,0.7,1.0,pre,hydroxide_suppression,103.2,2.6003,609.6,792.4,92.17,0.01,0.1041,91.04,11.3
150.0,0.7,1.0,pre,intermediate_adsorption,103.2,2.6003,607.2,789.3,91.08,0.01,0.1054,89.22,11.3
150.0,0.7,1.0,pre,mixed_metal_intermediate,103.2,2.6003,618.2,803.6,96.43,0.01,0.0995,97.4,11.4
150.0,0.7,10.0,pe,hydroxide_suppression,105.0,3.3579,546.4,710.4,85.5,0.01,0.1123,78.02,12.4
150.0,0.7,10.0,pe,intermediate_adsorption,105.0,3.3579,558.3,725.8,91.0,0.01,0.1055,87.67,12.5
150.0,0.7,10.0,pe,mixed_metal_intermediate,105.0,3.3579,569.7,740.7,97.2,0.01,0.0988,97.11,12.6
150.0,0.7,10.0,pre,hydroxide_suppression,103.2,2.3923,611.8,795.3,93.1,0.01,0.1031,91.04,11.3
150.0,0.7,10.0,pre,intermediate_adsorption,103.2,2.3923,609.4,792.3,92.0,0.01,0.1043,89.22,11.3
150.0,0.7,10.0,pre,mixed_metal_intermediate,103.2,2.3923,620.1,806.2,97.4,0.01,0.0985,97.4,11.4
150.0,0.7,50.0,pe,hydroxide_suppression,105.0,3.1801,547.9,712.3,86.1,0.01,0.1115,78.02,12.4
150.0,0.7,50.0,pe,intermediate_adsorption,105.0,3.1801,559.7,727.7,91.64,0.01,0.1047,87.67,12.5
150.0,0.7,50.0,pe,mixed_metal_intermediate,105.0,3.1801,570.9,742.2,97.88,0.01,0.0981,97.11,12.6
150.0,0.7,50.0,pre,hydroxide_suppression,103.2,2.2656,613.3,797.3,93.75,0.01,0.1024,91.04,11.3
150.0,0.7,50.0,pre,intermediate_adsorption,103.2,2.2656,611.0,794.3,92.64,0.01,0.1036,89.22,11.3
150.0,0.7,50.0,pre,mixed_metal_intermediate,103.2,2.2656,621.4,807.8,98.08,0.01,0.0979,97.4,11.4
150.0,0.7,100.0,pe,hydroxide_suppression,105.0,3.1092,548.6,713.1,86.36,0.01,0.1112,78.02,12.4
150.0,0.7,100.0,pe,intermediate_adsorption,105.0,3.1092,560.4,728.5,91.91,0.01,0.1044,87.67,12.5
150.0,0.7,100.0,pe,mixed_metal_intermediate,105.0,3.1092,571.4,742.9,98.17,0.01,0.0978,97.11,12.6
150.0,0.7,100.0,pre,hydroxide_suppression,103.2,2.2151,613.9,798.1,94.03,0.01,0.1021,91.04,11.3
150.0,0.7,100.0,pre,intermediate_adsorption,103.2,2.2151,611.6,795.1,92.92,0.01,0.1033,89.22,11.3
150.0,0.7,100.0,pre,mixed_metal_intermediate,103.2,2.2151,621.9,808.5,98.37,0.01,0.0976,97.4,11.4
150.0,0.7,500.0,pe,hydroxide_suppression,105.0,2.9561,550.0,715.0,86.95,0.01,0.1104,78.02,12.5
150.0,0.7,500.0,pe,intermediate_adsorption,105.0,2.9561,561.8,730.3,92.55,0.01,0.1037,87.67,12.5
150.0,0.7,500.0,pe,mixed_metal_intermediate,105.0,2.9561,572.5,744.3,98.85,0.01,0.0971,97.11,12.6
150.0,0.7,500.0,pre,hydroxide_suppression,103.2,2.106,615.4,800.0,94.68,0.01,0.1014,91.04,11.3
150.0,0.7,500.0,pre,intermediate_adsorption,103.2,2.106,613.1,797.1,93.56,0.01,0.1026,89.22,11.3
150.0,0.7,500.0,pre,mixed_metal_intermediate,103.2,2.106,623.1,810.0,99.05,0.01,0.0969,97.4,11.4
150.0,0.7,1000.0,pe,hydroxide_suppression,105.0,2.8947,550.6,715.8,87.21,0.01,0.1101,78.02,12.5
150.0,0.7,1000.0,pe,intermediate_adsorption,105.0,2.8947,562.4,731.1,92.82,0.01,0.1034,87.67,12.5
150.0,0.7,1000.0,pe,mixed_metal_intermediate,105.0,2.8947,573.0,744.9,99.14,0.01,0.0968,97.11,12.6
150.0,0.7,1000.0,pre,hydroxide_suppression,103.2,2.0623,616.0,800.9,94.96,0.01,0.1011,91.04,11.3
150.0,0.7,1000.0,pre,intermediate_adsorption,103.2,2.0623,613.8,797.9,93.84,0.01,0.1023,89.22,11.3
150.0,0.7,1000.0,pre,mixed_metal_intermediate,103.2,2.0623,623.5,810.6,99.35,0.01,0.0966,97.4,11.4
150.0,1.0,1.0,pe,hydroxide_suppression,150.0,4.006,502.3,652.9,72.47,0.01,0.1325,56.76,12.5
150.0,1.0,1.0,pe,intermediate_adsorption,150.0,4.006,520.2,676.3,79.4,0.01,0.1209,69.34,12.6
150.0,1.0,1.0,pe,mixed_metal_intermediate,150.0,4.006,540.8,703.0,88.41,0.01,0.1086,84.81,12.8
150.0,1.0,1.0,pre,hydroxide_suppression,150.0,3.1118,533.4,693.4,72.47,0.01,0.1325,56.76,11.7
150.0,1.0,1.0,pre,intermediate_adsorption,150.0,3.1118,552.5,718.2,79.4,0.01,0.1209,69.34,11.8
150.0,1.0,1.0,pre,mixed_metal_intermediate,150.0,3.1118,574.4,746.7,88.41,0.01,0.1086,84.81,11.9
150.0,1.0,10.0,pe,hydroxide_suppression,150.0,3.6855,504.2,655.5,73.2,0.01,0.1311,56.76,12.5
150.0,1.0,10.0,pe,intermediate_adsorption,150.0,3.6855,522.3,679.0,80.2,0.01,0.1197,69.34,12.6
150.0,1.0,10.0,pe,mixed_metal_intermediate,150.0,3.6855,542.8,705.7,89.3,0.01,0.1075,84.81,12.8
150.0,1.0,10.0,pre,hydroxide_suppression,150.0,2.8629,535.5,696.1,73.2,0.01,0.1311,56.76,11.7
150.0,1.0,10.0,pre,intermediate_adsorption,150.0,2.8629,554.7,721.1,80.2,0.01,0.1197,69.34,11.8
150.0,1.0,10.0,pre,mixed_metal_intermediate,150.0,2.8629,576.6,749.6,89.3,0.01,0.1075,84.81,12.0
150.0,1.0,50.0,pe,hydroxide_suppression,150.0,3.4903,505.6,657.3,73.71,0.01,0.1302,56.76,12.5
150.0,1.0,50.0,pe,intermediate_adsorption,150.0,3.4903,523.7,680.8,80.76,0.01,0.1189,69.34,12.6
150.0,1.0,50.0,pe,mixed_metal_intermediate,150.0,3.4903,544.2,707.5,89.92,0.01,0.1067,84.81,12.8
150.0,1.0,50.0,pre,hydroxide_suppression,150.0,2.7113,536.9,698.0,73.71,0.01,0.1302,56.76,11.8
150.0,1.0,50.0,pre,intermediate_adsorption,150.0,2.7113,556.2,723.0,80.76,0.01,0.1189,69.34,11.8
150.0,1.0,50.0,pre,mixed_metal_intermediate,150.0,2.7113,578.1,751.5,89.92,0.01,0.1067,84.81,12.0
150.0,1.0,100.0,pe,hydroxide_suppression,150.0,3.4125,506.2,658.0,73.93,0.01,0.1298,56.76,12.5
150.0,1.0,100.0,pe,intermediate_adsorption,150.0,3.4125,524.3,681.6,81.0,0.01,0.1185,69.34,12.7
150.0,1.0,100.0,pe,mixed_metal_intermediate,150.0,3.4125,544.9,708.3,90.19,0.01,0.1064,84.81,12.8
150.0,1.0,100.0,pre,hydroxide_suppression,150.0,2.6508,537.6,698.8,73.93,0.01,0.1298,56.76,11.8
150.0,1.0,100.0,pre,intermediate_adsorption,150.0,2.6508,556.8,723.9,81.0,0.01,0.1185,69.34,11.8
150.0,1.0,100.0,pre,mixed_metal_intermediate,150.0,2.6508,578.8,752.4,90.19,0.01,0.1064,84.81,12.0
150.0,1.0,500.0,pe,hydroxide_suppression,150.0,3.2445,507.5,659.8,74.44,0.01,0.1289,56.76,12.5
150.0,1.0,500.0,pe,intermediate_adsorption,150.0,3.2445,525.7,683.5,81.56,0.01,0.1177,69.34,12.7
150.0,1.0,500.0,pe,mixed_metal_intermediate,150.0,3.2445,546.3,710.1,90.82,0.01,0.1057,84.81,12.8
150.0,1.0,500.0,pre,hydroxide_suppression,150.0,2.5203,539.0,700.7,74.44,0.01,0.1289,56.76,11.8
150.0,1.0,500.0,pre,intermediate_adsorption,150.0,2.5203,558.3,725.9,81.56,0.01,0.1177,69.34,11.8
150.0,1.0,500.0,pre,mixed_metal_intermediate,150.0,2.5203,580.2,754.3,90.82,0.01,0.1057,84.81,12.0
150.0,1.0,1000.0,pe,hydroxide_suppression,150.0,3.1772,508.1,660.6,74.66,0.01,0.1286,56.76,12.5
150.0,1.0,1000.0,pe,intermediate_adsorption,150.0,3.1772,526.3,684.3,81.8,0.01,0.1173,69.34,12.7
150.0,1.0,1000.0,pe,mixed_metal_intermediate,150.0,3.1772,546.9,710.9,91.09,0.01,0.1054,84.81,12.8
150.0,1.0,1000.0,pre,hydroxide_suppression,150.0,2.468,539.6,701.5,74.66,0.01,0.1286,56.76,11.8
150.0,1.0,1000.0,pre,intermediate_adsorption,150.0,2.468,559.0,726.7,81.8,0.01,0.1173,69.34,11.8
150.0,1.0,1000.0,pre,mixed_metal_intermediate,150.0,2.468,580.9,755.1,91.09,0.01,0.1054,84.81,12.0
200.0,0.1,1.0,pe,hydroxide_suppression,20.0,2.8244,606.9,789.0,97.42,0.01,0.0985,99.02,11.7
200.0,0.1,1.0,pe,intermediate_adsorption,20.0,2.8244,606.4,788.3,97.12,0.01,0.0988,98.65,11.7
200.0,0.1,1.0,pe,mixed_metal_intermediate,20.0,2.8244,606.9,789.0,97.42,0.01,0.0985,98.99,11.7
200.0,0.1,1.0,pre,hydroxide_suppression,12.8,1.4203,732.9,952.8,97.42,0.0,0.0985,99.01,8.6
200.0,0.1,1.0,pre,intermediate_adsorption,12.8,1.4203,732.0,951.6,97.02,0.0,0.0989,98.67,8.6
200.0,0.1,1.0,pre,mixed_metal_intermediate,12.8,1.4203,732.7,952.5,97.32,0.0,0.0986,98.98,8.6
200.0,0.1,10.0,pe,hydroxide_suppression,20.0,2.5984,608.7,791.3,98.4,0.01,0.0975,99.02,11.7
200.0,0.1,10.0,pe,intermediate_adsorption,20.0,2.5984,608.2,790.7,98.1,0.01,0.0978,98.65,11.7
200.0,0.1,10.0,pe,mixed_metal_intermediate,20.0,2.5984,608.7,791.3,98.4,0.01,0.0975,98.99,11.7
200.0,0.1,10.0,pre,hydroxide_suppression,12.8,1.3067,735.1,955.6,98.4,0.0,0.0975,99.01,8.6
200.0,0.1,10.0,pre,intermediate_adsorption,12.8,1.3067,734.3,954.5,98.0,0.0,0.0979,98.67,8.6
200.0,0.1,10.0,pre,mixed_metal_intermediate,12.8,1.3067,734.9,955.3,98.3,0.0,0.0976,98.98,8.6
200.0,0.1,50.0,pe,hydroxide_suppression,20.0,2.4608,609.8,792.8,99.09,0.01,0.0969,99.02,11.7
200.0,0.1,50.0,pe,intermediate_adsorption,20.0,2.4608,609.4,792.2,98.79,0.01,0.0972,98.65,11.7
200.0,0.1,50.0,pe,mixed_metal_intermediate,20.0,2.4608,609.8,792.8,99.09,0.01,0.0969,98.99,11.7
200.0,0.1,50.0,pre,hydroxide_suppression,12.8,1.2375,736.4,957.4,99.09,0.0,0.0969,99.01,8.6
200.0,0.1,50.0,pre,intermediate_adsorption,12.8,1.2375,735.7,956.4,98.68,0.0,0.0973,98.67,8.6
200.0,0.1,50.0,pre,mixed_metal_intermediate,12.8,1.2375,736.2,957.1,98.99,0.0,0.097,98.98,8.6
200.0,0.1,100.0,pe,hydroxide_suppression,20.0,2.4059,610.3,793.3,99.38,0.01,0.0966,99.02,11.7
200.0,0.1,100.0,pe,intermediate_adsorption,20.0,2.4059,609.9,792.8,99.08,0.01,0.0969,98.65,11.7
200.0,0.1,100.0,pe,mixed_metal_intermediate,20.0,2.4059,610.3,793.3,99.38,0.01,0.0966,98.99,11.7
200.0,0.1,100.0,pre,hydroxide_suppression,12.8,1.2099,737.0,958.1,99.38,0.0,0.0966,99.01,8.6
200.0,0.1,100.0,pre,intermediate_adsorption,12.8,1.2099,736.3,957.2,98.98,0.0,0.097,98.67,8.6
200.0,0.1,100.0,pre,mixed_metal_intermediate,12.8,1.2099,736.8,957.8,99.28,0.0,0.0967,98.98,8.6
200.0,0.1,500.0,pe,hydroxide_suppression,20.0,2.2875,611.0,794.3,100.0,0.01,0.096,99.02,11.7
200.0,0.1,500.0,pe,intermediate_adsorption,20.0,2.2875,610.8,794.1,99.77,0.01,0.0962,98.65,11.7
200.0,0.1,500.0,pe,mixed_metal_intermediate,20.0,2.2875,611.0,794.3,100.0,0.01,0.096,98.99,11.7
200.0,0.1,500.0,pre,hydroxide_suppression,12.8,1.1503,737.9,959.2,100.0,0.0,0.096,99.01,8.6
200.0,0.1,500.0,pre,intermediate_adsorption,12.8,1.1503,737.5,958.7,99.66,0.0,0.0963,98.67,8.6
200.0,0.1,500.0,pre,mixed_metal_intermediate,12.8,1.1503,737.8,959.2,99.97,0.0,0.096,98.98,8.6
200.0,0.1,1000.0,pe,hydroxide_suppression,20.0,2.24,611.0,794.3,100.0,0.01,0.096,99.02,11.7
200.0,0.1,1000.0,pe,intermediate_adsorption,20.0,2.24,611.1,794.4,100.0,0.01,0.096,98.65,11.7
200.0,0.1,1000.0,pe,mixed_metal_intermediate,20.0,2.24,611.0,794.3,100.0,0.01,0.096,98.99,11.7
200.0,0.1,1000.0,pre,hydroxide_suppression,12.8,1.1264,737.9,959.2,100.0,0.0,0.096,99.01,8.6
200.0,0.1,1000.0,pre,intermediate_adsorption,12.8,1.1264,737.9,959.2,99.96,0.0,0.096,98.67,8.6
200.0,0.1,1000.0,pre,mixed_metal_intermediate,12.8,1.1264,737.9,959.2,100.0,0.0,0.096,98.98,8.6
200.0,0.2,1.0,pe,hydroxide_suppression,40.0,2.8675,604.6,786.0,97.42,0.01,0.0985,98.88,11.8
200.0,0.2,1.0,pe,intermediate_adsorption,40.0,2.8675,604.1,785.3,97.12,0.01,0.0988,98.48,11.8
200.0,0.2,1.0,pe,mixed_metal_intermediate,40.0,2.8675,604.8,786.2,97.52,0.01,0.0984,98.95,11.8
200.0,0.2,1.0,pre,hydroxide_suppression,33.6,1.5931,709.2,922.0,97.52,0.01,0.0984,99.02,9.1
200.0,0.2,1.0,pre,intermediate_adsorption,33.6,1.5931,708.4,921.0,97.12,0.01,0.0988,98.62,9.1
200.0,0.2,1.0,pre,mixed_metal_intermediate,33.6,1.5931,709.2,922.0,97.52,0.01,0.0984,99.01,9.1
200.0,0.2,10.0,pe,hydroxide_suppression,40.0,2.6381,606.4,788.3,98.4,0.01,0.0975,98.88,11.8
200.0,0.2,10.0,pe,intermediate_adsorption,40.0,2.6381,605.9,787.7,98.1,0.01,0.0978,98.48,11.8
200.0,0.2,10.0,pe,mixed_metal_intermediate,40.0,2.6381,606.5,788.5,98.5,0.01,0.0974,98.95,11.8
200.0,0.2,10.0,pre,hydroxide_suppression,33.6,1.4657,711.3,924.7,98.5,0.01,0.0974,99.02,9.1
200.0,0.2,10.0,pre,intermediate_adsorption,33.6,1.4657,710.6,923.7,98.1,0.01,0.0978,98.62,9.1
200.0,0.2,10.0,pre,mixed_metal_intermediate,33.6,1.4657,711.3,924.7,98.5,0.01,0.0974,99.01,9.1
200.0,0.2,50.0,pe,hydroxide_suppression,40.0,2.4984,607.5,789.8,99.09,0.01,0.0969,98.88,11.8
200.0,0.2,50.0,pe,intermediate_adsorption,40.0,2.4984,607.1,789.2,98.79,0.01,0.0972,98.48,11.8
200.0,0.2,50.0,pe,mixed_metal_intermediate,40.0,2.4984,607.6,789.9,99.19,0.01,0.0968,98.95,11.8
200.0,0.2,50.0,pre,hydroxide_suppression,33.6,1.3881,712.6,926.4,99.19,0.01,0.0968,99.02,9.1
200.0,0.2,50.0,pre,intermediate_adsorption,33.6,1.3881,711.9,925.5,98.79,0.01,0.0972,98.62,9.1
200.0,0.2,50.0,pre,mixed_metal_intermediate,33.6,1.3881,712.6,926.4,99.19,0.01,0.0968,99.01,9.1
200.0,0.2,100.0,pe,hydroxide_suppression,40.0,2.4427,607.9,790.3,99.38,0.01,0.0966,98.88,11.8
200.0,0.2,100.0,pe,intermediate_adsorption,40.0,2.4427,607.6,789.8,99.08,0.01,0.0969,98.48,11.8
200.0,0.2,100.0,pe,mixed_metal_intermediate,40.0,2.4427,608.1,790.5,99.48,0.01,0.0965,98.95,11.8
200.0,0.2,100.0,pre,hydroxide_suppression,33.6,1.3571,713.1,927.1,99.48,0.01,0.0965,99.02,9.1
200.0,0.2,100.0,pre,intermediate_adsorption,33.6,1.3571,712.5,926.2,99.08,0.01,0.0969,98.62,9.1
200.0,0.2,100.0,pre,mixed_metal_intermediate,33.6,1.3571,713.1,927.1,99.48,0.01,0.0965,99.01,9.1
200.0,0.2,500.0,pe,hydroxide_suppression,40.0,2.3225,608.7,791.3,100.0,0.01,0.096,98.88,11.8
200.0,0.2,500.0,pe,intermediate_adsorption,40.0,2.3225,608.5,791.1,99.77,0.01,0.0962,98.48,11.8
200.0,0.2,500.0,pe,mixed_metal_intermediate,40.0,2.3225,608.7,791.3,100.0,0.01,0.096,98.95,11.8
200.0,0.2,500.0,pre,hydroxide_suppression,33.6,1.2903,713.8,928.0,100.0,0.01,0.096,99.02,9.1
200.0,0.2,500.0,pre,intermediate_adsorption,33.6,1.2903,713.6,927.7,99.77,0.01,0.0962,98.62,9.1
200.0,0.2,500.0,pre,mixed_metal_intermediate,33.6,1.2903,713.8,928.0,100.0,0.01,0.096,99.01,9.1
200.0,0.2,1000.0,pe,hydroxide_suppression,40.0,2.2743,608.7,791.3,100.0,0.01,0.096,98.88,11.8
200.0,0.2,1000.0,pe,intermediate_adsorption,40.0,2.2743,608.7,791.4,100.0,0.01,0.096,98.48,11.8
200.0,0.2,1000.0,pe,mixed_metal_intermediate,40.0,2.2743,608.7,791.3,100.0,0.01,0.096,98.95,11.8
200.0,0.2,1000.0,pre,hydroxide_suppression,33.6,1.2635,713.8,928.0,100.0,0.01,0.096,99.02,9.1
200.0,0.2,1000.0,pre,intermediate_adsorption,33.6,1.2635,713.9,928.0,100.0,0.01,0.096,98.62,9.1
200.0,0.2,1000.0,pre,mixed_metal_intermediate,33.6,1.2635,713.8,928.0,100.0,0.01,0.096,99.01,9.1
200.0,0.3,1.0,pe,hydroxide_suppression,60.0,2.9466,599.8,779.7,97.02,0.01,0.0989,98.26,11.9
200.0,0.3,1.0,pe,intermediate_adsorption,60.0,2.9466,599.3,779.1,96.72,0.01,0.0992,97.99,11.9
200.0,0.3,1.0,pe,mixed_metal_intermediate,60.0,2.9466,600.5,780.6,97.42,0.01,0.0985,98.8,11.9
200.0,0.3,1.0,pre,hydroxide_suppression,54.4,1.7551,689.7,896.6,97.42,0.01,0.0985,98.79,9.6
200.0,0.3,1.0,pre,intermediate_adsorption,54.4,1.7551,688.9,895.6,97.02,0.01,0.0989,98.28,9.6
200.0,0.3,1.0,pre,mixed_metal_intermediate,54.4,1.7551,689.9,896.8,97.52,0.01,0.0984,98.89,9.6
200.0,0.3,10.0,pe,hydroxide_suppression,60.0,2.7109,601.6,782.1,98.0,0.01,0.0979,98.26,11.9
200.0,0.3,10.0,pe,intermediate_adsorption,60.0,2.7109,601.1,781.5,97.7,0.01,0.0982,97.99,11.9
200.0,0.3,10.0,pe,mixed_metal_intermediate,60.0,2.7109,602.2,782.9,98.4,0.01,0.0975,98.8,11.9
200.0,0.3,10.0,pre,hydroxide_suppression,54.4,1.6147,691.7,899.2,98.4,0.01,0.0975,98.79,9.6
200.0,0.3,10.0,pre,intermediate_adsorption,54.4,1.6147,691.0,898.3,98.0,0.01,0.0979,98.28,9.6
200.0,0.3,10.0,pre,mixed_metal_intermediate,54.4,1.6147,691.9,899.5,98.5,0.01,0.0974,98.89,9.6
200.0,0.3,50.0,pe,hydroxide_suppression,60.0,2.5673,602.8,783.7,98.68,0.01,0.0973,98.26,11.9
200.0,0.3,50.0,pe,intermediate_adsorption,60.0,2.5673,602.4,783.1,98.38,0.01,0.0976,97.99,11.9
200.0,0.3,50.0,pe,mixed_metal_intermediate,60.0,2.5673,603.4,784.4,99.09,0.01,0.0969,98.8,11.9
200.0,0.3,50.0,pre,hydroxide_suppression,54.4,1.5292,693.0,900.9,99.09,0.01,0.0969,98.79,9.6
200.0,0.3,50.0,pre,intermediate_adsorption,54.4,1.5292,692.3,900.0,98.68,0.01,0.0973,98.28,9.6
200.0,0.3,50.0,pre,mixed_metal_intermediate,54.4,1.5292,693.2,901.1,99.19,0.01,0.0968,98.89,9.6
200.0,0.3,100.0,pe,hydroxide_suppression,60.0,2.5101,603.3,784.3,98.98,0.01,0.097,98.26,11.9
200.0,0.3,100.0,pe,intermediate_adsorption,60.0,2.5101,602.8,783.7,98.68,0.01,0.0973,97.99,11.9
200.0,0.3,100.0,pe,mixed_metal_intermediate,60.0,2.5101,603.8,784.9,99.38,0.01,0.0966,98.8,11.9
200.0,0.3,100.0,pre,hydroxide_suppression,54.4,1.4951,693.5,901.5,99.38,0.01,0.0966,98.79,9.6
200.0,0.3,100.0,pre,intermediate_adsorption,54.4,1.4951,692.9,900.8,98.98,0.01,0.097,98.28,9.6
200.0,0.3,100.0,pre,mixed_metal_intermediate,54.4,1.4951,693.6,901.7,99.48,0.01,0.0965,98.89,9.6
200.0,0.3,500.0,pe,hydroxide_suppression,60.0,2.3865,604.3,785.6,99.66,0.01,0.0963,98.26,11.9
200.0,0.3,500.0,pe,intermediate_adsorption,60.0,2.3865,603.9,785.1,99.36,0.01,0.0966,97.99,11.9
200.0,0.3,500.0,pe,mixed_metal_intermediate,60.0,2.3865,604.5,785.9,100.0,0.01,0.096,98.8,11.9
200.0,0.3,500.0,pre,hydroxide_suppression,54.4,1.4215,694.3,902.6,100.0,0.01,0.096,98.79,9.6
200.0,0.3,500.0,pre,intermediate_adsorption,54.4,1.4215,694.0,902.2,99.66,0.01,0.0963,98.28,9.6
200.0,0.3,500.0,pre,mixed_metal_intermediate,54.4,1.4215,694.3,902.6,100.0,0.01,0.096,98.89,9.6
200.0,0.3,1000.0,pe,hydroxide_suppression,60.0,2.337,604.6,786.0,99.96,0.01,0.096,98.26,11.9
200.0,0.3,1000.0,pe,intermediate_adsorption,60.0,2.337,604.3,785.6,99.65,0.01,0.0963,97.99,11.9
200.0,0.3,1000.0,pe,mixed_metal_intermediate,60.0,2.337,604.5,785.9,100.0,0.01,0.096,98.8,11.9
200.0,0.3,1000.0,pre,hydroxide_suppression,54.4,1.392,694.3,902.6,100.0,0.01,0.096,98.79,9.6
200.0,0.3,1000.0,pre,intermediate_adsorption,54.4,1.392,694.4,902.7,99.96,0.01,0.096,98.28,9.6
200.0,0.3,1000.0,pre,mixed_metal_intermediate,54.4,1.392,694.3,902.6,100.0,0.01,0.096,98.89,9.6
200.0,0.5,1.0,pe,hydroxide_suppression,100.0,3.1386,561.9,730.4,83.56,0.01,0.1149,75.86,11.9
200.0,0.5,1.0,pe,intermediate_adsorption,100.0,3.1386,581.9,756.5,92.47,0.01,0.1038,91.48,12.0
200.0,0.5,1.0,pe,mixed_metal_intermediate,100.0,3.1386,590.0,766.9,96.72,0.01,0.0992,97.75,12.1
200.0,0.5,1.0,pre,hydroxide_suppression,96.0,2.0717,651.1,846.4,93.75,0.01,0.1024,93.51,10.4
200.0,0.5,1.0,pre,intermediate_adsorption,96.0,2.0717,651.7,847.2,94.05,0.01,0.1021,93.99,10.4
200.0,0.5,1.0,pre,mixed_metal_intermediate,96.0,2.0717,657.7,854.9,96.92,0.01,0.099,98.09,10.4
200.0,0.5,10.0,pe,hydroxide_suppression,100.0,2.8875,564.1,733.3,84.4,0.01,0.1137,75.86,11.9
200.0,0.5,10.0,pe,intermediate_adsorption,100.0,2.8875,584.0,759.2,93.4,0.01,0.1028,91.48,12.0
200.0,0.5,10.0,pe,mixed_metal_intermediate,100.0,2.8875,591.8,769.3,97.7,0.01,0.0982,97.75,12.1
200.0,0.5,10.0,pre,hydroxide_suppression,96.0,1.9059,653.4,849.4,94.7,0.01,0.1014,93.51,10.4
200.0,0.5,10.0,pre,intermediate_adsorption,96.0,1.9059,654.0,850.2,95.0,0.01,0.101,93.99,10.4
200.0,0.5,10.0,pre,mixed_metal_intermediate,96.0,1.9059,659.7,857.6,97.9,0.01,0.098,98.09,10.4
200.0,0.5,50.0,pe,hydroxide_suppression,100.0,2.7346,565.6,735.3,84.99,0.01,0.1129,75.86,11.9
200.0,0.5,50.0,pe,intermediate_adsorption,100.0,2.7346,585.4,761.1,94.05,0.01,0.1021,91.48,12.0
200.0,0.5,50.0,pe,mixed_metal_intermediate,100.0,2.7346,593.0,770.9,98.38,0.01,0.0976,97.75,12.1
200.0,0.5,50.0,pre,hydroxide_suppression,96.0,1.805,654.9,851.4,95.36,0.01,0.1007,93.51,10.4
200.0,0.5,50.0,pre,intermediate_adsorption,96.0,1.805,655.5,852.2,95.66,0.01,0.1003,93.99,10.4
200.0,0.5,50.0,pre,mixed_metal_intermediate,96.0,1.805,661.0,859.3,98.58,0.01,0.0974,98.09,10.4
200.0,0.5,100.0,pe,hydroxide_suppression,100.0,2.6736,566.3,736.2,85.24,0.01,0.1126,75.86,11.9
200.0,0.5,100.0,pe,intermediate_adsorption,100.0,2.6736,586.0,761.8,94.33,0.01,0.1018,91.48,12.0
200.0,0.5,100.0,pe,mixed_metal_intermediate,100.0,2.6736,593.5,771.5,98.68,0.01,0.0973,97.75,12.1
200.0,0.5,100.0,pre,hydroxide_suppression,96.0,1.7648,655.6,852.2,95.65,0.01,0.1004,93.51,10.4
200.0,0.5,100.0,pre,intermediate_adsorption,96.0,1.7648,656.2,853.0,95.95,0.01,0.1,93.99,10.4
200.0,0.5,100.0,pre,mixed_metal_intermediate,96.0,1.7648,661.5,860.0,98.88,0.01,0.0971,98.09,10.4
200.0,0.5,500.0,pe,hydroxide_suppression,100.0,2.542,567.8,738.1,85.83,0.01,0.1118,75.86,11.9
200.0,0.5,500.0,pe,intermediate_adsorption,100.0,2.542,587.4,763.7,94.99,0.01,0.1011,91.48,12.1
200.0,0.5,500.0,pe,mixed_metal_intermediate,100.0,2.542,594.5,772.9,99.36,0.01,0.0966,97.75,12.1
200.0,0.5,500.0,pre,hydroxide_suppression,96.0,1.6779,657.1,854.2,96.31,0.01,0.0997,93.51,10.4
200.0,0.5,500.0,pre,intermediate_adsorption,96.0,1.6779,657.7,854.9,96.61,0.01,0.0993,93.99,10.4
200.0,0.5,500.0,pre,mixed_metal_intermediate,96.0,1.6779,662.6,861.4,99.56,0.01,0.0964,98.09,10.4
200.0,0.5,1000.0,pe,hydroxide_suppression,100.0,2.4892,568.5,739.0,86.09,0.01,0.1115,75.86,11.9
200.0,0.5,1000.0,pe,intermediate_adsorption,100.0,2.4892,588.0,764.4,95.27,0.01,0.1008,91.48,12.1
200.0,0.5,1000.0,pe,mixed_metal_intermediate,100.0,2.4892,594.9,773.4,99.65,0.01,0.0963,97.75,12.1
200.0,0.5,1000.0,pre,hydroxide_suppression,96.0,1.6431,657.7,855.0,96.59,0.01,0.0994,93.51,10.4
200.0,0.5,1000.0,pre,intermediate_adsorption,96.0,1.6431,658.3,855.7,96.9,0.01,0.0991,93.99,10.4
200.0,0.5,1000.0,pre,mixed_metal_intermediate,96.0,1.6431,663.0,861.9,99.86,0.01,0.0961,98.09,10.4
200.0,0.7,1.0,pe,hydroxide_suppression,140.0,3.3481,514.7,669.1,69.4,0.01,0.1383,49.14,11.9
200.0,0.7,1.0,pe,intermediate_adsorption,140.0,3.3481,550.2,715.2,82.37,0.01,0.1165,74.19,12.1
200.0,0.7,1.0,pe,mixed_metal_intermediate,140.0,3.3481,571.0,742.3,91.58,0.01,0.1048,89.9,12.2
200.0,0.7,1.0,pre,hydroxide_suppression,137.6,2.3853,586.2,762.0,77.62,0.01,0.1237,65.01,10.8
200.0,0.7,1.0,pre,intermediate_adsorption,137.6,2.3853,602.0,782.6,83.36,0.01,0.1151,75.85,10.9
200.0,0.7,1.0,pre,mixed_metal_intermediate,137.6,2.3853,624.4,811.7,92.56,0.01,0.1037,91.42,11.0
200.0,0.7,10.0,pe,hydroxide_suppression,140.0,3.0802,516.7,671.7,70.1,0.01,0.1369,49.14,12.0
200.0,0.7,10.0,pe,intermediate_adsorption,140.0,3.0802,552.3,718.1,83.2,0.01,0.1154,74.19,12.1
200.0,0.7,10.0,pe,mixed_metal_intermediate,140.0,3.0802,573.1,745.0,92.5,0.01,0.1038,89.9,12.3
200.0,0.7,10.0,pre,hydroxide_suppression,137.6,2.1945,588.5,765.0,78.4,0.01,0.1224,65.01,10.8
200.0,0.7,10.0,pre,intermediate_adsorption,137.6,2.1945,604.3,785.6,84.2,0.01,0.114,75.85,10.9
200.0,0.7,10.0,pre,mixed_metal_intermediate,137.6,2.1945,626.6,814.6,93.5,0.01,0.1027,91.42,11.0
200.0,0.7,50.0,pe,hydroxide_suppression,140.0,2.9171,518.0,673.5,70.59,0.01,0.136,49.14,12.0
200.0,0.7,50.0,pe,intermediate_adsorption,140.0,2.9171,553.9,720.0,83.78,0.01,0.1146,74.19,12.1
200.0,0.7,50.0,pe,mixed_metal_intermediate,140.0,2.9171,574.5,746.9,93.15,0.01,0.103,89.9,12.3
200.0,0.7,50.0,pre,hydroxide_suppression,137.6,2.0783,590.1,767.1,78.95,0.01,0.1216,65.01,10.8
200.0,0.7,50.0,pre,intermediate_adsorption,137.6,2.0783,606.0,787.8,84.79,0.01,0.1132,75.85,10.9
200.0,0.7,50.0,pre,mixed_metal_intermediate,137.6,2.0783,628.2,816.6,94.15,0.01,0.1019,91.42,11.0
200.0,0.7,100.0,pe,hydroxide_suppression,140.0,2.8521,518.6,674.2,70.8,0.01,0.1356,49.14,12.0
200.0,0.7,100.0,pe,intermediate_adsorption,140.0,2.8521,554.5,720.8,84.03,0.01,0.1142,74.19,12.1
200.0,0.7,100.0,pe,mixed_metal_intermediate,140.0,2.8521,575.1,747.7,93.42,0.01,0.1027,89.9,12.3
200.0,0.7,100.0,pre,hydroxide_suppression,137.6,2.0319,590.8,768.0,79.18,0.01,0.1212,65.01,10.8
200.0,0.7,100.0,pre,intermediate_adsorption,137.6,2.0319,606.7,788.7,85.04,0.01,0.1129,75.85,10.9
200.0,0.7,100.0,pre,mixed_metal_intermediate,137.6,2.0319,628.8,817.5,94.44,0.01,0.1016,91.42,11.0
200.0,0.7,500.0,pe,hydroxide_suppression,140.0,2.7117,520.0,676.0,71.29,0.01,0.1346,49.14,12.0
200.0,0.7,500.0,pe,intermediate_adsorption,140.0,2.7117,556.0,722.8,84.61,0.01,0.1134,74.19,12.1
200.0,0.7,500.0,pe,mixed_metal_intermediate,140.0,2.7117,576.5,749.5,94.07,0.01,0.102,89.9,12.3
200.0,0.7,500.0,pre,hydroxide_suppression,137.6,1.9319,592.4,770.1,79.73,0.01,0.1204,65.01,10.8
200.0,0.7,500.0,pre,intermediate_adsorption,137.6,1.9319,608.3,790.8,85.63,0.01,0.1121,75.85,10.9
200.0,0.7,500.0,pre,mixed_metal_intermediate,137.6,1.9319,630.3,819.4,95.09,0.01,0.1009,91.42,11.0
200.0,0.7,1000.0,pe,hydroxide_suppression,140.0,2.6554,520.6,676.8,71.5,0.01,0.1342,49.14,12.0
200.0,0.7,1000.0,pe,intermediate_adsorption,140.0,2.6554,556.6,723.6,84.86,0.01,0.1131,74.19,12.1
200.0,0.7,1000.0,pe,mixed_metal_intermediate,140.0,2.6554,577.1,750.3,94.35,0.01,0.1017,89.9,12.3
200.0,0.7,1000.0,pre,hydroxide_suppression,137.6,1.8918,593.1,771.0,79.97,0.01,0.12,65.01,10.9
200.0,0.7,1000.0,pre,intermediate_adsorption,137.6,1.8918,609.0,791.7,85.88,0.01,0.1118,75.85,10.9
200.0,0.7,1000.0,pre,mixed_metal_intermediate,137.6,1.8918,630.9,820.2,95.37,0.01,0.1006,91.42,11.0
200.0,1.0,1.0,pe,hydroxide_suppression,200.0,3.6748,467.7,608.0,58.21,0.01,0.1649,35.39,12.1
200.0,1.0,1.0,pe,intermediate_adsorption,200.0,3.6748,509.2,662.0,71.28,0.01,0.1347,58.44,12.2
200.0,1.0,1.0,pe,mixed_metal_intermediate,200.0,3.6748,531.9,691.5,79.89,0.01,0.1201,71.75,12.4
200.0,1.0,1.0,pre,hydroxide_suppression,200.0,2.8545,497.7,647.0,58.21,0.01,0.1649,35.39,11.4
200.0,1.0,1.0,pre,intermediate_adsorption,200.0,2.8545,541.5,704.0,71.28,0.01,0.1347,58.44,11.4
200.0,1.0,1.0,pre,mixed_metal_intermediate,200.0,2.8545,565.7,735.4,79.89,0.01,0.1201,71.75,11.5
200.0,1.0,10.0,pe,hydroxide_suppression,200.0,3.3808,469.4,610.2,58.8,0.01,0.1632,35.39,12.1
200.0,1.0,10.0,pe,intermediate_adsorption,200.0,3.3808,511.2,664.6,72.0,0.01,0.1333,58.44,12.3
200.0,1.0,10.0,pe,mixed_metal_intermediate,200.0,3.3808,534.0,694.2,80.7,0.01,0.1189,71.75,12.4
200.0,1.0,10.0,pre,hydroxide_suppression,200.0,2.6262,499.4,649.3,58.8,0.01,0.1632,35.39,11.4
200.0,1.0,10.0,pre,intermediate_adsorption,200.0,2.6262,543.6,706.7,72.0,0.01,0.1333,58.44,11.4
200.0,1.0,10.0,pre,mixed_metal_intermediate,200.0,2.6262,567.9,738.3,80.7,0.01,0.1189,71.75,11.5
200.0,1.0,50.0,pe,hydroxide_suppression,200.0,3.2017,470.5,611.7,59.21,0.01,0.1621,35.39,12.2
200.0,1.0,50.0,pe,intermediate_adsorption,200.0,3.2017,512.6,666.4,72.5,0.01,0.1324,58.44,12.3
200.0,1.0,50.0,pe,mixed_metal_intermediate,200.0,3.2017,535.5,696.1,81.26,0.01,0.1181,71.75,12.4
200.0,1.0,50.0,pre,hydroxide_suppression,200.0,2.4871,500.7,650.9,59.21,0.01,0.1621,35.39,11.4
200.0,1.0,50.0,pre,intermediate_adsorption,200.0,2.4871,545.1,708.7,72.5,0.01,0.1324,58.44,11.4
200.0,1.0,50.0,pre,mixed_metal_intermediate,200.0,2.4871,569.5,740.3,81.26,0.01,0.1181,71.75,11.5
200.0,1.0,100.0,pe,hydroxide_suppression,200.0,3.1303,471.0,612.3,59.39,0.01,0.1616,35.39,12.2
200.0,1.0,100.0,pe,intermediate_adsorption,200.0,3.1303,513.2,667.2,72.72,0.01,0.132,58.44,12.3
200.0,1.0,100.0,pe,mixed_metal_intermediate,200.0,3.1303,536.1,696.9,81.51,0.01,0.1178,71.75,12.4
200.0,1.0,100.0,pre,hydroxide_suppression,200.0,2.4316,501.2,651.6,59.39,0.01,0.1616,35.39,11.4
200.0,1.0,100.0,pre,intermediate_adsorption,200.0,2.4316,545.7,709.5,72.72,0.01,0.132,58.44,11.4
200.0,1.0,100.0,pre,mixed_metal_intermediate,200.0,2.4316,570.1,741.2,81.51,0.01,0.1178,71.75,11.5
200.0,1.0,500.0,pe,hydroxide_suppression,200.0,2.9763,472.2,613.9,59.8,0.01,0.1605,35.39,12.2
200.0,1.0,500.0,pe,intermediate_adsorption,200.0,2.9763,514.6,668.9,73.22,0.01,0.1311,58.44,12.3
200.0,1.0,500.0,pe,mixed_metal_intermediate,200.0,2.9763,537.5,698.8,82.07,0.01,0.117,71.75,12.4
200.0,1.0,500.0,pre,hydroxide_suppression,200.0,2.3119,502.5,653.2,59.8,0.01,0.1605,35.39,11.4
200.0,1.0,500.0,pre,intermediate_adsorption,200.0,2.3119,547.2,711.4,73.22,0.01,0.1311,58.44,11.5
200.0,1.0,500.0,pre,mixed_metal_intermediate,200.0,2.3119,571.7,743.2,82.07,0.01,0.117,71.75,11.5
200.0,1.0,1000.0,pe,hydroxide_suppression,200.0,2.9145,472.7,614.5,59.98,0.01,0.16,35.39,12.2
200.0,1.0,1000.0,pe,intermediate_adsorption,200.0,2.9145,515.2,669.7,73.44,0.01,0.1307,58.44,12.3
200.0,1.0,1000.0,pe,mixed_metal_intermediate,200.0,2.9145,538.2,699.6,82.31,0.01,0.1166,71.75,12.4
200.0,1.0,1000.0,pre,hydroxide_suppression,200.0,2.2639,503.0,653.9,59.98,0.01,0.16,35.39,11.4
200.0,1.0,1000.0,pre,intermediate_adsorption,200.0,2.2639,547.8,712.2,73.44,0.01,0.1307,58.44,11.5
200.0,1.0,1000.0,pre,mixed_metal_intermediate,200.0,2.2639,572.3,744.0,82.31,0.01,0.1166,71.75,11.6
300.0,0.1,1.0,pe,hydroxide_suppression,30.0,2.5009,626.4,814.3,97.52,0.01,0.0984,99.01,11.2
300.0,0.1,1.0,pe,intermediate_adsorption,30.0,2.5009,625.7,813.4,97.12,0.01,0.0988,98.63,11.2
300.0,0.1,1.0,pe,mixed_metal_intermediate,30.0,2.5009,626.4,814.3,97.52,0.01,0.0984,99.0,11.2
300.0,0.1,1.0,pre,hydroxide_suppression,19.2,1.2576,760.7,989.0,97.52,0.01,0.0984,99.05,7.9
300.0,0.1,1.0,pre,intermediate_adsorption,19.2,1.2576,759.9,987.8,97.12,0.01,0.0988,98.71,7.9
300.0,0.1,1.0,pre,mixed_metal_intermediate,19.2,1.2576,760.5,988.7,97.42,0.01,0.0985,99.02,7.9
300.0,0.1,10.0,pe,hydroxide_suppression,30.0,2.3008,628.2,816.7,98.5,0.01,0.0974,99.01,11.2
300.0,0.1,10.0,pe,intermediate_adsorption,30.0,2.3008,627.6,815.9,98.1,0.01,0.0978,98.63,11.2
300.0,0.1,10.0,pe,mixed_metal_intermediate,30.0,2.3008,628.2,816.7,98.5,0.01,0.0974,99.0,11.2
300.0,0.1,10.0,pre,hydroxide_suppression,19.2,1.157,763.0,991.9,98.5,0.01,0.0974,99.05,7.9
300.0,0.1,10.0,pre,intermediate_adsorption,19.2,1.157,762.2,990.8,98.1,0.01,0.0978,98.71,7.9
300.0,0.1,10.0,pre,mixed_metal_intermediate,19.2,1.157,762.8,991.6,98.4,0.01,0.0975,99.02,7.9
300.0,0.1,50.0,pe,hydroxide_suppression,30.0,2.179,629.4,818.2,99.19,0.01,0.0968,99.01,11.2
300.0,0.1,50.0,pe,intermediate_adsorption,30.0,2.179,628.8,817.4,98.79,0.01,0.0972,98.63,11.2
300.0,0.1,50.0,pe,mixed_metal_intermediate,30.0,2.179,629.4,818.2,99.19,0.01,0.0968,99.0,11.2
300.0,0.1,50.0,pre,hydroxide_suppression,19.2,1.0957,764.4,993.7,99.19,0.01,0.0968,99.05,7.8
300.0,0.1,50.0,pre,intermediate_adsorption,19.2,1.0957,763.6,992.7,98.79,0.01,0.0972,98.71,7.8
300.0,0.1,50.0,pre,mixed_metal_intermediate,19.2,1.0957,764.2,993.4,99.09,0.01,0.0969,99.02,7.8
300.0,0.1,100.0,pe,hydroxide_suppression,30.0,2.1304,629.8,818.8,99.48,0.01,0.0965,99.01,11.2
300.0,0.1,100.0,pe,intermediate_adsorption,30.0,2.1304,629.3,818.1,99.08,0.01,0.0969,98.63,11.2
300.0,0.1,100.0,pe,mixed_metal_intermediate,30.0,2.1304,629.8,818.8,99.48,0.01,0.0965,99.0,11.2
300.0,0.1,100.0,pre,hydroxide_suppression,19.2,1.0713,764.9,994.4,99.48,0.01,0.0965,99.05,7.8
300.0,0.1,100.0,pre,intermediate_adsorption,19.2,1.0713,764.2,993.5,99.08,0.01,0.0969,98.71,7.8
300.0,0.1,100.0,pre,mixed_metal_intermediate,19.2,1.0713,764.7,994.2,99.38,0.01,0.0966,99.02,7.8
300.0,0.1,500.0,pe,hydroxide_suppression,30.0,2.0255,630.4,819.6,100.0,0.01,0.096,99.01,11.2
300.0,0.1,500.0,pe,intermediate_adsorption,30.0,2.0255,630.3,819.4,99.77,0.01,0.0962,98.63,11.2
300.0,0.1,500.0,pe,mixed_metal_intermediate,30.0,2.0255,630.4,819.6,100.0,0.01,0.096,99.0,11.2
300.0,0.1,500.0,pre,hydroxide_suppression,19.2,1.0186,765.6,995.3,100.0,0.01,0.096,99.05,7.8
300.0,0.1,500.0,pre,intermediate_adsorption,19.2,1.0186,765.4,995.0,99.77,0.01,0.0962,98.71,7.8
300.0,0.1,500.0,pre,mixed_metal_intermediate,19.2,1.0186,765.7,995.3,100.0,0.01,0.096,99.02,7.8
300.0,0.1,1000.0,pe,hydroxide_suppression,30.0,1.9835,630.4,819.6,100.0,0.01,0.096,99.01,11.2
300.0,0.1,1000.0,pe,intermediate_adsorption,30.0,1.9835,630.5,819.7,100.0,0.01,0.096,98.63,11.2
300.0,0.1,1000.0,pe,mixed_metal_intermediate,30.0,1.9835,630.4,819.6,100.0,0.01,0.096,99.0,11.2
300.0,0.1,1000.0,pre,hydroxide_suppression,19.2,0.9974,765.6,995.3,100.0,0.01,0.096,99.05,7.8
300.0,0.1,1000.0,pre,intermediate_adsorption,19.2,0.9974,765.7,995.4,100.0,0.01,0.096,98.71,7.8
300.0,0.1,1000.0,pre,mixed_metal_intermediate,19.2,0.9974,765.7,995.3,100.0,0.01,0.096,99.02,7.8
300.0,0.2,1.0,pe,hydroxide_suppression,60.0,2.5391,623.1,810.0,97.02,0.01,0.0989,98.35,11.3
300.0,0.2,1.0,pe,intermediate_adsorption,60.0,2.5391,622.7,809.5,96.82,0.01,0.0991,98.13,11.3
300.0,0.2,1.0,pe,mixed_metal_intermediate,60.0,2.5391,624.0,811.1,97.52,0.01,0.0984,98.85,11.3
300.0,0.2,1.0,pre,hydroxide_suppression,50.4,1.4107,735.0,955.5,97.52,0.01,0.0984,98.91,8.5
300.0,0.2,1.0,pre,intermediate_adsorption,50.4,1.4107,734.1,954.4,97.12,0.01,0.0988,98.48,8.5
300.0,0.2,1.0,pre,mixed_metal_intermediate,50.4,1.4107,735.2,955.8,97.61,0.01,0.0983,98.97,8.5
300.0,0.2,10.0,pe,hydroxide_suppression,60.0,2.336,625.0,812.5,98.0,0.01,0.0979,98.35,11.3
300.0,0.2,10.0,pe,intermediate_adsorption,60.0,2.336,624.6,812.0,97.8,0.01,0.0981,98.13,11.3
300.0,0.2,10.0,pe,mixed_metal_intermediate,60.0,2.336,625.8,813.5,98.5,0.01,0.0974,98.85,11.3
300.0,0.2,10.0,pre,hydroxide_suppression,50.4,1.2978,737.1,958.3,98.5,0.01,0.0974,98.91,8.5
300.0,0.2,10.0,pre,intermediate_adsorption,50.4,1.2978,736.4,957.3,98.1,0.01,0.0978,98.48,8.5
300.0,0.2,10.0,pre,mixed_metal_intermediate,50.4,1.2978,737.3,958.5,98.6,0.01,0.0973,98.97,8.5
300.0,0.2,50.0,pe,hydroxide_suppression,60.0,2.2123,626.2,814.0,98.68,0.01,0.0973,98.35,11.3
300.0,0.2,50.0,pe,intermediate_adsorption,60.0,2.2123,625.9,813.6,98.48,0.01,0.0975,98.13,11.3
300.0,0.2,50.0,pe,mixed_metal_intermediate,60.0,2.2123,626.9,815.0,99.19,0.01,0.0968,98.85,11.3
300.0,0.2,50.0,pre,hydroxide_suppression,50.4,1.2291,738.5,960.0,99.19,0.01,0.0968,98.91,8.5
300.0,0.2,50.0,pre,intermediate_adsorption,50.4,1.2291,737.8,959.1,98.79,0.01,0.0972,98.48,8.5
300.0,0.2,50.0,pre,mixed_metal_intermediate,50.4,1.2291,738.7,960.3,99.29,0.01,0.0967,98.97,8.5
300.0,0.2,100.0,pe,hydroxide_suppression,60.0,2.1629,626.7,814.7,98.98,0.01,0.097,98.35,11.3
300.0,0.2,100.0,pe,intermediate_adsorption,60.0,2.1629,626.4,814.3,98.78,0.01,0.0972,98.13,11.3
300.0,0.2,100.0,pe,mixed_metal_intermediate,60.0,2.1629,627.4,815.6,99.48,0.01,0.0965,98.85,11.3
300.0,0.2,100.0,pre,hydroxide_suppression,50.4,1.2017,739.0,960.7,99.48,0.01,0.0965,98.91,8.5
300.0,0.2,100.0,pre,intermediate_adsorption,50.4,1.2017,738.4,959.9,99.08,0.01,0.0969,98.48,8.5
300.0,0.2,100.0,pre,mixed_metal_intermediate,50.4,1.2017,739.2,960.9,99.59,0.01,0.0964,98.97,8.5
300.0,0.2,500.0,pe,hydroxide_suppression,60.0,2.0565,627.7,816.0,99.66,0.01,0.0963,98.35,11.3
300.0,0.2,500.0,pe,intermediate_adsorption,60.0,2.0565,627.5,815.7,99.46,0.01,0.0965,98.13,11.3
300.0,0.2,500.0,pe,mixed_metal_intermediate,60.0,2.0565,628.0,816.4,100.0,0.01,0.096,98.85,11.3
300.0,0.2,500.0,pre,hydroxide_suppression,50.4,1.1425,739.7,961.7,100.0,0.01,0.096,98.91,8.5
300.0,0.2,500.0,pre,intermediate_adsorption,50.4,1.1425,739.5,961.4,99.77,0.01,0.0962,98.48,8.5
300.0,0.2,500.0,pre,mixed_metal_intermediate,50.4,1.1425,739.7,961.6,100.0,0.01,0.096,98.97,8.5
300.0,0.2,1000.0,pe,hydroxide_suppression,60.0,2.0138,628.0,816.4,99.96,0.01,0.096,98.35,11.3
300.0,0.2,1000.0,pe,intermediate_adsorption,60.0,2.0138,627.9,816.2,99.76,0.01,0.0962,98.13,11.3
300.0,0.2,1000.0,pe,mixed_metal_intermediate,60.0,2.0138,628.0,816.4,100.0,0.01,0.096,98.85,11.3
300.0,0.2,1000.0,pre,hydroxide_suppression,50.4,1.1188,739.7,961.7,100.0,0.01,0.096,98.91,8.5
300.0,0.2,1000.0,pre,intermediate_adsorption,50.4,1.1188,739.8,961.7,100.0,0.01,0.096,98.48,8.5
300.0,0.2,1000.0,pre,mixed_metal_intermediate,50.4,1.1188,739.7,961.6,100.0,0.01,0.096,98.97,8.5
300.0,0.3,1.0,pe,hydroxide_suppression,90.0,2.6091,600.5,780.7,88.41,0.01,0.1086,84.75,11.3
300.0,0.3,1.0,pe,intermediate_adsorption,90.0,2.6091,615.3,800.0,95.24,0.01,0.1008,95.87,11.4
300.0,0.3,1.0,pe,mixed_metal_intermediate,90.0,2.6091,618.9,804.5,97.12,0.01,0.0988,98.36,11.4
300.0,0.3,1.0,pre,hydroxide_suppression,81.6,1.5541,712.5,926.3,96.62,0.01,0.0993,97.72,9.0
300.0,0.3,1.0,pre,intermediate_adsorption,81.6,1.5541,711.9,925.4,96.33,0.01,0.0996,97.41,9.0
300.0,0.3,1.0,pre,mixed_metal_intermediate,81.6,1.5541,714.2,928.5,97.42,0.01,0.0985,98.66,9.0
300.0,0.3,10.0,pe,hydroxide_suppression,90.0,2.4004,602.8,783.7,89.3,0.01,0.1075,84.75,11.3
300.0,0.3,10.0,pe,intermediate_adsorption,90.0,2.4004,617.4,802.6,96.2,0.01,0.0998,95.87,11.4
300.0,0.3,10.0,pe,mixed_metal_intermediate,90.0,2.4004,620.8,807.0,98.1,0.01,0.0978,98.36,11.4
300.0,0.3,10.0,pre,hydroxide_suppression,81.6,1.4298,714.8,929.2,97.6,0.01,0.0983,97.72,9.0
300.0,0.3,10.0,pre,intermediate_adsorption,81.6,1.4298,714.1,928.4,97.3,0.01,0.0986,97.41,9.0
300.0,0.3,10.0,pre,mixed_metal_intermediate,81.6,1.4298,716.3,931.2,98.4,0.01,0.0975,98.66,9.0
300.0,0.3,50.0,pe,hydroxide_suppression,90.0,2.2733,604.4,785.7,89.92,0.01,0.1067,84.75,11.3
300.0,0.3,50.0,pe,intermediate_adsorption,90.0,2.2733,618.8,804.4,96.87,0.01,0.0991,95.87,11.4
300.0,0.3,50.0,pe,mixed_metal_intermediate,90.0,2.2733,622.0,808.5,98.79,0.01,0.0972,98.36,11.4
300.0,0.3,50.0,pre,hydroxide_suppression,81.6,1.3541,716.2,931.1,98.28,0.01,0.0977,97.72,9.0
300.0,0.3,50.0,pre,intermediate_adsorption,81.6,1.3541,715.6,930.3,97.98,0.01,0.098,97.41,9.0
300.0,0.3,50.0,pre,mixed_metal_intermediate,81.6,1.3541,717.6,932.9,99.09,0.01,0.0969,98.66,9.0
300.0,0.3,100.0,pe,hydroxide_suppression,90.0,2.2226,605.1,786.6,90.19,0.01,0.1064,84.75,11.3
300.0,0.3,100.0,pe,intermediate_adsorption,90.0,2.2226,619.4,805.2,97.16,0.01,0.0988,95.87,11.4
300.0,0.3,100.0,pe,mixed_metal_intermediate,90.0,2.2226,622.4,809.2,99.08,0.01,0.0969,98.36,11.4
300.0,0.3,100.0,pre,hydroxide_suppression,81.6,1.3239,716.8,931.9,98.58,0.01,0.0974,97.72,9.0
300.0,0.3,100.0,pre,intermediate_adsorption,81.6,1.3239,716.3,931.1,98.27,0.01,0.0977,97.41,9.0
300.0,0.3,100.0,pre,mixed_metal_intermediate,81.6,1.3239,718.2,933.6,99.38,0.01,0.0966,98.66,9.0
300.0,0.3,500.0,pe,hydroxide_suppression,90.0,2.1132,606.6,788.6,90.82,0.01,0.1057,84.75,11.3
300.0,0.3,500.0,pe,intermediate_adsorption,90.0,2.1132,620.7,806.9,97.83,0.01,0.0981,95.87,11.4
300.0,0.3,500.0,pe,mixed_metal_intermediate,90.0,2.1132,623.4,810.4,99.77,0.01,0.0962,98.36,11.4
300.0,0.3,500.0,pre,hydroxide_suppression,81.6,1.2587,718.1,933.5,99.26,0.01,0.0967,97.72,9.0
300.0,0.3,500.0,pre,intermediate_adsorption,81.6,1.2587,717.6,932.9,98.95,0.01,0.097,97.41,9.0
300.0,0.3,500.0,pre,mixed_metal_intermediate,81.6,1.2587,719.0,934.7,100.0,0.01,0.096,98.66,9.0
300.0,0.3,1000.0,pe,hydroxide_suppression,90.0,2.0693,607.3,789.5,91.09,0.01,0.1054,84.75,11.3
300.0,0.3,1000.0,pe,intermediate_adsorption,90.0,2.0693,621.2,807.6,98.12,0.01,0.0978,95.87,11.4
300.0,0.3,1000.0,pe,mixed_metal_intermediate,90.0,2.0693,623.6,810.7,100.0,0.01,0.096,98.36,11.4
300.0,0.3,1000.0,pre,hydroxide_suppression,81.6,1.2326,718.6,934.2,99.55,0.01,0.0964,97.72,9.0
300.0,0.3,1000.0,pre,intermediate_adsorption,81.6,1.2326,718.1,933.6,99.25,0.01,0.0967,97.41,9.0
300.0,0.3,1000.0,pre,mixed_metal_intermediate,81.6,1.2326,719.0,934.7,100.0,0.01,0.096,98.66,9.0
300.0,0.5,1.0,pe,hydroxide_suppression,150.0,2.7791,518.6,674.2,63.76,0.01,0.1506,36.99,11.4
300.0,0.5,1.0,pe,intermediate_adsorption,150.0,2.7791,574.9,747.3,81.87,0.01,0.1172,73.09,11.5
300.0,0.5,1.0,pe,mixed_metal_intermediate,150.0,2.7791,596.7,775.8,90.98,0.01,0.1055,88.86,11.6
300.0,0.5,1.0,pre,hydroxide_suppression,144.0,1.8344,615.0,799.5,73.16,0.01,0.1312,55.87,9.8
300.0,0.5,1.0,pre,intermediate_adsorption,144.0,1.8344,648.7,843.3,84.15,0.01,0.1141,76.94,9.8
300.0,0.5,1.0,pre,mixed_metal_intermediate,144.0,1.8344,672.0,873.6,93.16,0.01,0.103,92.38,9.8
300.0,0.5,10.0,pe,hydroxide_suppression,150.0,2.5568,520.6,676.7,64.4,0.01,0.149,36.99,11.4
300.0,0.5,10.0,pe,intermediate_adsorption,150.0,2.5568,577.2,750.3,82.7,0.01,0.1161,73.09,11.5
300.0,0.5,10.0,pe,mixed_metal_intermediate,150.0,2.5568,598.9,778.6,91.9,0.01,0.1044,88.86,11.6
300.0,0.5,10.0,pre,hydroxide_suppression,144.0,1.6877,617.4,802.6,73.9,0.01,0.1299,55.87,9.8
300.0,0.5,10.0,pre,intermediate_adsorption,144.0,1.6877,651.2,846.6,85.0,0.01,0.1129,76.94,9.8
300.0,0.5,10.0,pre,mixed_metal_intermediate,144.0,1.6877,674.4,876.7,94.1,0.01,0.102,92.38,9.8
300.0,0.5,50.0,pe,hydroxide_suppression,150.0,2.4214,521.9,678.5,64.85,0.01,0.148,36.99,11.4
300.0,0.5,50.0,pe,intermediate_adsorption,150.0,2.4214,578.7,752.3,83.28,0.01,0.1153,73.09,11.5
300.0,0.5,50.0,pe,mixed_metal_intermediate,150.0,2.4214,600.5,780.6,92.54,0.01,0.1037,88.86,11.6
300.0,0.5,50.0,pre,hydroxide_suppression,144.0,1.5983,619.1,804.8,74.42,0.01,0.129,55.87,9.8
300.0,0.5,50.0,pre,intermediate_adsorption,144.0,1.5983,653.0,848.9,85.59,0.01,0.1121,76.94,9.8
300.0,0.5,50.0,pre,mixed_metal_intermediate,144.0,1.5983,676.0,878.8,94.76,0.01,0.1013,92.38,9.8
300.0,0.5,100.0,pe,hydroxide_suppression,150.0,2.3674,522.5,679.3,65.04,0.01,0.1476,36.99,11.4
300.0,0.5,100.0,pe,intermediate_adsorption,150.0,2.3674,579.4,753.2,83.53,0.01,0.1149,73.09,11.5
300.0,0.5,100.0,pe,mixed_metal_intermediate,150.0,2.3674,601.1,781.4,92.82,0.01,0.1034,88.86,11.6
300.0,0.5,100.0,pre,hydroxide_suppression,144.0,1.5626,619.8,805.8,74.64,0.01,0.1286,55.87,9.8
300.0,0.5,100.0,pre,intermediate_adsorption,144.0,1.5626,653.7,849.9,85.85,0.01,0.1118,76.94,9.8
300.0,0.5,100.0,pre,mixed_metal_intermediate,144.0,1.5626,676.7,879.7,95.04,0.01,0.101,92.38,9.8
300.0,0.5,500.0,pe,hydroxide_suppression,150.0,2.2509,523.9,681.0,65.49,0.01,0.1466,36.99,11.4
300.0,0.5,500.0,pe,intermediate_adsorption,150.0,2.2509,581.0,755.3,84.11,0.01,0.1141,73.09,11.5
300.0,0.5,500.0,pe,mixed_metal_intermediate,150.0,2.2509,602.6,783.4,93.46,0.01,0.1027,88.86,11.6
300.0,0.5,500.0,pre,hydroxide_suppression,144.0,1.4857,621.5,807.9,75.16,0.01,0.1277,55.87,9.8
300.0,0.5,500.0,pre,intermediate_adsorption,144.0,1.4857,655.5,852.1,86.44,0.01,0.111,76.94,9.8
300.0,0.5,500.0,pre,mixed_metal_intermediate,144.0,1.4857,678.3,881.8,95.7,0.01,0.1003,92.38,9.8
300.0,0.5,1000.0,pe,hydroxide_suppression,150.0,2.2041,524.4,681.8,65.69,0.01,0.1461,36.99,11.4
300.0,0.5,1000.0,pe,intermediate_adsorption,150.0,2.2041,581.6,756.1,84.35,0.01,0.1138,73.09,11.5
300.0,0.5,1000.0,pe,mixed_metal_intermediate,150.0,2.2041,603.2,784.2,93.74,0.01,0.1024,88.86,11.6
300.0,0.5,1000.0,pre,hydroxide_suppression,144.0,1.4549,622.2,808.9,75.38,0.01,0.1273,55.87,9.8
300.0,0.5,1000.0,pre,intermediate_adsorption,144.0,1.4549,656.2,853.1,86.7,0.01,0.1107,76.94,9.8
300.0,0.5,1000.0,pre,mixed_metal_intermediate,144.0,1.4549,679.0,882.6,95.98,0.01,0.1,92.38,9.8
300.0,0.7,1.0,pe,hydroxide_suppression,210.0,2.9646,444.1,577.3,49.6,0.01,0.1935,16.24,11.9
300.0,0.7,1.0,pe,intermediate_adsorption,210.0,2.9646,535.9,696.6,71.08,0.01,0.135,58.14,11.6
300.0,0.7,1.0,pe,mixed_metal_intermediate,210.0,2.9646,559.5,727.4,79.6,0.01,0.1206,71.4,11.7
300.0,0.7,1.0,pre,hydroxide_suppression,206.4,2.1121,538.5,700.1,58.31,0.01,0.1646,34.44,10.4
300.0,0.7,1.0,pre,intermediate_adsorption,206.4,2.1121,588.6,765.2,72.17,0.01,0.133,59.32,10.3
300.0,0.7,1.0,pre,mixed_metal_intermediate,206.4,2.1121,614.5,798.9,80.78,0.01,0.1188,72.88,10.4
300.0,0.7,10.0,pe,hydroxide_suppression,210.0,2.7275,445.5,579.2,50.1,0.01,0.1916,16.24,11.9
300.0,0.7,10.0,pe,intermediate_adsorption,210.0,2.7275,537.9,699.3,71.8,0.01,0.1337,58.14,11.6
300.0,0.7,10.0,pe,mixed_metal_intermediate,210.0,2.7275,561.8,730.3,80.4,0.01,0.1194,71.4,11.7
300.0,0.7,10.0,pre,hydroxide_suppression,206.4,1.9431,540.5,702.6,58.9,0.01,0.163,34.44,10.4
300.0,0.7,10.0,pre,intermediate_adsorption,206.4,1.9431,590.9,768.2,72.9,0.01,0.1317,59.32,10.3
300.0,0.7,10.0,pre,mixed_metal_intermediate,206.4,1.9431,616.9,802.0,81.6,0.01,0.1176,72.88,10.4
300.0,0.7,50.0,pe,hydroxide_suppression,210.0,2.583,446.5,580.5,50.45,0.01,0.1903,16.24,11.9
300.0,0.7,50.0,pe,intermediate_adsorption,210.0,2.583,539.4,701.2,72.3,0.01,0.1328,58.14,11.6
300.0,0.7,50.0,pe,mixed_metal_intermediate,210.0,2.583,563.3,732.3,80.96,0.01,0.1186,71.4,11.7
300.0,0.7,50.0,pre,hydroxide_suppression,206.4,1.8402,541.8,704.3,59.31,0.01,0.1618,34.44,10.4
300.0,0.7,50.0,pre,intermediate_adsorption,206.4,1.8402,592.5,770.3,73.41,0.01,0.1308,59.32,10.3
300.0,0.7,50.0,pre,mixed_metal_intermediate,206.4,1.8402,618.6,804.2,82.17,0.01,0.1168,72.88,10.4
300.0,0.7,100.0,pe,hydroxide_suppression,210.0,2.5254,447.0,581.1,50.6,0.01,0.1897,16.24,11.9
300.0,0.7,100.0,pe,intermediate_adsorption,210.0,2.5254,540.0,702.0,72.52,0.01,0.1324,58.14,11.6
300.0,0.7,100.0,pe,mixed_metal_intermediate,210.0,2.5254,564.0,733.1,81.2,0.01,0.1182,71.4,11.7
300.0,0.7,100.0,pre,hydroxide_suppression,206.4,1.7992,542.4,705.1,59.49,0.01,0.1613,34.44,10.4
300.0,0.7,100.0,pre,intermediate_adsorption,206.4,1.7992,593.2,771.2,73.63,0.01,0.1304,59.32,10.3
300.0,0.7,100.0,pre,mixed_metal_intermediate,206.4,1.7992,619.4,805.2,82.42,0.01,0.1165,72.88,10.4
300.0,0.7,500.0,pe,hydroxide_suppression,210.0,2.4011,448.0,582.4,50.95,0.01,0.1884,16.24,12.0
300.0,0.7,500.0,pe,intermediate_adsorption,210.0,2.4011,541.5,703.9,73.02,0.01,0.1315,58.14,11.6
300.0,0.7,500.0,pe,mixed_metal_intermediate,210.0,2.4011,565.5,735.1,81.77,0.01,0.1174,71.4,11.7
300.0,0.7,500.0,pre,hydroxide_suppression,206.4,1.7106,543.7,706.8,59.9,0.01,0.1602,34.44,10.4
300.0,0.7,500.0,pre,intermediate_adsorption,206.4,1.7106,594.8,773.2,74.14,0.01,0.1295,59.32,10.3
300.0,0.7,500.0,pre,mixed_metal_intermediate,206.4,1.7106,621.0,807.3,82.99,0.01,0.1157,72.88,10.4
300.0,0.7,1000.0,pe,hydroxide_suppression,210.0,2.3513,448.4,583.0,51.1,0.01,0.1878,16.24,12.0
300.0,0.7,1000.0,pe,intermediate_adsorption,210.0,2.3513,542.1,704.7,73.24,0.01,0.1311,58.14,11.6
300.0,0.7,1000.0,pe,mixed_metal_intermediate,210.0,2.3513,566.1,736.0,82.01,0.01,0.117,71.4,11.7
300.0,0.7,1000.0,pre,hydroxide_suppression,206.4,1.6751,544.3,707.6,60.08,0.01,0.1598,34.44,10.4
300.0,0.7,1000.0,pre,intermediate_adsorption,206.4,1.6751,595.5,774.1,74.36,0.01,0.1291,59.32,10.3
300.0,0.7,1000.0,pre,mixed_metal_intermediate,206.4,1.6751,621.7,808.3,83.23,0.01,0.1153,72.88,10.4
300.0,1.0,1.0,pe,hydroxide_suppression,300.0,3.2539,374.8,484.7,38.02,0.02,0.2525,8.61,12.5
300.0,1.0,1.0,pe,intermediate_adsorption,300.0,3.2539,484.8,630.3,57.91,0.02,0.1657,48.26,11.7
300.0,1.0,1.0,pe,mixed_metal_intermediate,300.0,3.2539,508.5,661.1,65.74,0.02,0.146,58.6,11.8
300.0,1.0,1.0,pre,hydroxide_suppression,300.0,2.5276,402.7,520.7,38.02,0.02,0.2525,8.61,11.8
300.0,1.0,1.0,pre,intermediate_adsorption,300.0,2.5276,516.6,671.6,57.91,0.02,0.1657,48.26,10.9
300.0,1.0,1.0,pre,mixed_metal_intermediate,300.0,2.5276,541.8,704.3,65.74,0.02,0.146,58.6,10.9
300.0,1.0,10.0,pe,hydroxide_suppression,300.0,2.9936,375.8,486.0,38.4,0.02,0.25,8.61,12.5
300.0,1.0,10.0,pe,intermediate_adsorption,300.0,2.9936,486.5,632.5,58.5,0.02,0.1641,48.26,11.7
300.0,1.0,10.0,pe,mixed_metal_intermediate,300.0,2.9936,510.4,663.6,66.4,0.02,0.1446,58.6,11.8
300.0,1.0,10.0,pre,hydroxide_suppression,300.0,2.3254,403.8,522.1,38.4,0.02,0.25,8.61,11.8
300.0,1.0,10.0,pre,intermediate_adsorption,300.0,2.3254,518.4,674.0,58.5,0.02,0.1641,48.26,10.9
300.0,1.0,10.0,pre,mixed_metal_intermediate,300.0,2.3254,543.9,707.0,66.4,0.02,0.1446,58.6,10.9
300.0,1.0,50.0,pe,hydroxide_suppression,300.0,2.835,376.6,486.9,38.67,0.02,0.2482,8.61,12.6
300.0,1.0,50.0,pe,intermediate_adsorption,300.0,2.835,487.8,634.1,58.91,0.02,0.1629,48.26,11.7
300.0,1.0,50.0,pe,mixed_metal_intermediate,300.0,2.835,511.8,665.3,66.86,0.02,0.1436,58.6,11.8
300.0,1.0,50.0,pre,hydroxide_suppression,300.0,2.2022,404.6,523.1,38.67,0.02,0.2482,8.61,11.9
300.0,1.0,50.0,pre,intermediate_adsorption,300.0,2.2022,519.7,675.6,58.91,0.02,0.1629,48.26,10.9
300.0,1.0,50.0,pre,mixed_metal_intermediate,300.0,2.2022,545.3,708.9,66.86,0.02,0.1436,58.6,10.9
300.0,1.0,100.0,pe,hydroxide_suppression,300.0,2.7718,376.9,487.3,38.78,0.02,0.2475,8.61,12.6
300.0,1.0,100.0,pe,intermediate_adsorption,300.0,2.7718,488.3,634.8,59.09,0.02,0.1625,48.26,11.7
300.0,1.0,100.0,pe,mixed_metal_intermediate,300.0,2.7718,512.4,666.1,67.06,0.02,0.1431,58.6,11.8
300.0,1.0,100.0,pre,hydroxide_suppression,300.0,2.1531,404.9,523.5,38.78,0.02,0.2475,8.61,11.9
300.0,1.0,100.0,pre,intermediate_adsorption,300.0,2.1531,520.3,676.4,59.09,0.02,0.1625,48.26,10.9
300.0,1.0,100.0,pre,mixed_metal_intermediate,300.0,2.1531,545.9,709.7,67.06,0.02,0.1431,58.6,10.9
300.0,1.0,500.0,pe,hydroxide_suppression,300.0,2.6354,377.6,488.2,39.05,0.02,0.2458,8.61,12.6
300.0,1.0,500.0,pe,intermediate_adsorption,300.0,2.6354,489.5,636.3,59.49,0.02,0.1613,48.26,11.7
300.0,1.0,500.0,pe,mixed_metal_intermediate,300.0,2.6354,513.7,667.8,67.53,0.02,0.1421,58.6,11.8
300.0,1.0,500.0,pre,hydroxide_suppression,300.0,2.0471,405.7,524.5,39.05,0.02,0.2458,8.61,11.9
300.0,1.0,500.0,pre,intermediate_adsorption,300.0,2.0471,521.6,678.0,59.49,0.02,0.1613,48.26,10.9
300.0,1.0,500.0,pre,mixed_metal_intermediate,300.0,2.0471,547.3,711.5,67.53,0.02,0.1421,58.6,11.0
300.0,1.0,1000.0,pe,hydroxide_suppression,300.0,2.5807,377.9,488.6,39.17,0.02,0.2451,8.61,12.6
300.0,1.0,1000.0,pe,intermediate_adsorption,300.0,2.5807,490.0,637.0,59.67,0.02,0.1609,48.26,11.7
300.0,1.0,1000.0,pe,mixed_metal_intermediate,300.0,2.5807,514.3,668.6,67.73,0.02,0.1417,58.6,11.8
300.0,1.0,1000.0,pre,hydroxide_suppression,300.0,2.0046,406.0,525.0,39.17,0.02,0.2451,8.61,11.9
300.0,1.0,1000.0,pre,intermediate_adsorption,300.0,2.0046,522.1,678.8,59.67,0.02,0.1609,48.26,10.9
300.0,1.0,1000.0,pre,mixed_metal_intermediate,300.0,2.0046,547.9,712.3,67.73,0.02,0.1417,58.6,11.0
500.0,0.1,1.0,pe,hydroxide_suppression,50.0,2.1455,652.3,848.0,97.42,0.01,0.0985,98.82,10.6
500.0,0.1,1.0,pe,intermediate_adsorption,50.0,2.1455,651.8,847.3,97.12,0.01,0.0988,98.48,10.6
500.0,0.1,1.0,pe,mixed_metal_intermediate,50.0,2.1455,652.5,848.2,97.52,0.01,0.0984,98.97,10.6
500.0,0.1,1.0,pre,hydroxide_suppression,32.0,1.0789,797.8,1037.1,97.61,0.01,0.0983,99.08,6.9
500.0,0.1,1.0,pre,intermediate_adsorption,32.0,1.0789,796.8,1035.9,97.22,0.01,0.0987,98.73,6.9
500.0,0.1,1.0,pre,mixed_metal_intermediate,32.0,1.0789,797.8,1037.1,97.61,0.01,0.0983,99.06,6.9
500.0,0.1,10.0,pe,hydroxide_suppression,50.0,1.9739,654.2,850.5,98.4,0.01,0.0975,98.82,10.6
500.0,0.1,10.0,pe,intermediate_adsorption,50.0,1.9739,653.7,849.9,98.1,0.01,0.0978,98.48,10.6
500.0,0.1,10.0,pe,mixed_metal_intermediate,50.0,1.9739,654.4,850.7,98.5,0.01,0.0974,98.97,10.6
500.0,0.1,10.0,pre,hydroxide_suppression,32.0,0.9926,800.1,1040.1,98.6,0.01,0.0973,99.08,6.9
500.0,0.1,10.0,pre,intermediate_adsorption,32.0,0.9926,799.2,1039.0,98.2,0.01,0.0977,98.73,6.9
500.0,0.1,10.0,pre,mixed_metal_intermediate,32.0,0.9926,800.1,1040.1,98.6,0.01,0.0973,99.06,6.9
500.0,0.1,50.0,pe,hydroxide_suppression,50.0,1.8694,655.5,852.1,99.09,0.01,0.0969,98.82,10.6
500.0,0.1,50.0,pe,intermediate_adsorption,50.0,1.8694,655.0,851.5,98.79,0.01,0.0972,98.48,10.6
500.0,0.1,50.0,pe,mixed_metal_intermediate,50.0,1.8694,655.6,852.3,99.19,0.01,0.0968,98.97,10.6
500.0,0.1,50.0,pre,hydroxide_suppression,32.0,0.94,801.5,1042.0,99.29,0.01,0.0967,99.08,6.9
500.0,0.1,50.0,pre,intermediate_adsorption,32.0,0.94,800.8,1041.0,98.89,0.01,0.0971,98.73,6.9
500.0,0.1,50.0,pre,mixed_metal_intermediate,32.0,0.94,801.5,1042.0,99.29,0.01,0.0967,99.06,6.9
500.0,0.1,100.0,pe,hydroxide_suppression,50.0,1.8277,655.9,852.7,99.38,0.01,0.0966,98.82,10.6
500.0,0.1,100.0,pe,intermediate_adsorption,50.0,1.8277,655.5,852.2,99.08,0.01,0.0969,98.48,10.6
500.0,0.1,100.0,pe,mixed_metal_intermediate,50.0,1.8277,656.1,852.9,99.48,0.01,0.0965,98.97,10.6
500.0,0.1,100.0,pre,hydroxide_suppression,32.0,0.9191,802.1,1042.7,99.59,0.01,0.0964,99.08,6.9
500.0,0.1,100.0,pre,intermediate_adsorption,32.0,0.9191,801.4,1041.8,99.18,0.01,0.0968,98.73,6.9
500.0,0.1,100.0,pre,mixed_metal_intermediate,32.0,0.9191,802.1,1042.7,99.59,0.01,0.0964,99.06,6.9
500.0,0.1,500.0,pe,hydroxide_suppression,50.0,1.7377,656.7,853.7,100.0,0.01,0.096,98.82,10.6
500.0,0.1,500.0,pe,intermediate_adsorption,50.0,1.7377,656.5,853.5,99.77,0.01,0.0962,98.48,10.6
500.0,0.1,500.0,pe,mixed_metal_intermediate,50.0,1.7377,656.7,853.7,100.0,0.01,0.096,98.97,10.6
500.0,0.1,500.0,pre,hydroxide_suppression,32.0,0.8738,802.7,1043.5,100.0,0.01,0.096,99.08,6.9
500.0,0.1,500.0,pre,intermediate_adsorption,32.0,0.8738,802.6,1043.3,99.87,0.01,0.0961,98.73,6.9
500.0,0.1,500.0,pre,mixed_metal_intermediate,32.0,0.8738,802.7,1043.5,100.0,0.01,0.096,99.06,6.9
500.0,0.1,1000.0,pe,hydroxide_suppression,50.0,1.7016,656.7,853.7,100.0,0.01,0.096,98.82,10.6
500.0,0.1,1000.0,pe,intermediate_adsorption,50.0,1.7016,656.8,853.8,100.0,0.01,0.096,98.48,10.6
500.0,0.1,1000.0,pe,mixed_metal_intermediate,50.0,1.7016,656.7,853.7,100.0,0.01,0.096,98.97,10.6
500.0,0.1,1000.0,pre,hydroxide_suppression,32.0,0.8557,802.7,1043.5,100.0,0.01,0.096,99.08,6.9
500.0,0.1,1000.0,pre,intermediate_adsorption,32.0,0.8557,802.7,1043.5,100.0,0.01,0.096,98.73,6.9
500.0,0.1,1000.0,pre,mixed_metal_intermediate,32.0,0.8557,802.7,1043.5,100.0,0.01,0.096,99.06,6.9
500.0,0.2,1.0,pe,hydroxide_suppression,100.0,2.1784,617.5,802.8,83.66,0.01,0.1147,75.6,10.5
500.0,0.2,1.0,pe,intermediate_adsorption,100.0,2.1784,645.0,838.5,95.04,0.01,0.101,95.49,10.6
500.0,0.2,1.0,pe,mixed_metal_intermediate,100.0,2.1784,649.1,843.9,97.12,0.01,0.0988,98.32,10.6
500.0,0.2,1.0,pre,hydroxide_suppression,84.0,1.2102,768.4,998.9,96.92,0.01,0.099,98.05,7.6
500.0,0.2,1.0,pre,intermediate_adsorption,84.0,1.2102,767.9,998.3,96.72,0.01,0.0992,97.84,7.6
500.0,0.2,1.0,pre,mixed_metal_intermediate,84.0,1.2102,769.7,1000.7,97.52,0.01,0.0984,98.78,7.6
500.0,0.2,10.0,pe,hydroxide_suppression,100.0,2.0041,620.0,806.0,84.5,0.01,0.1136,75.6,10.5
500.0,0.2,10.0,pe,intermediate_adsorption,100.0,2.0041,647.2,841.3,96.0,0.01,0.1,95.49,10.6
500.0,0.2,10.0,pe,mixed_metal_intermediate,100.0,2.0041,651.1,846.4,98.1,0.01,0.0978,98.32,10.6
500.0,0.2,10.0,pre,hydroxide_suppression,84.0,1.1134,770.8,1002.0,97.9,0.01,0.098,98.05,7.6
500.0,0.2,10.0,pre,intermediate_adsorption,84.0,1.1134,770.3,1001.4,97.7,0.01,0.0982,97.84,7.6
500.0,0.2,10.0,pre,mixed_metal_intermediate,84.0,1.1134,772.0,1003.6,98.5,0.01,0.0974,98.78,7.6
500.0,0.2,50.0,pe,hydroxide_suppression,100.0,1.898,621.7,808.2,85.09,0.01,0.1128,75.6,10.5
500.0,0.2,50.0,pe,intermediate_adsorption,100.0,1.898,648.6,843.2,96.67,0.01,0.0993,95.49,10.6
500.0,0.2,50.0,pe,mixed_metal_intermediate,100.0,1.898,652.3,848.1,98.79,0.01,0.0972,98.32,10.6
500.0,0.2,50.0,pre,hydroxide_suppression,84.0,1.0545,772.3,1004.0,98.58,0.01,0.0974,98.05,7.6
500.0,0.2,50.0,pre,intermediate_adsorption,84.0,1.0545,771.9,1003.5,98.38,0.01,0.0976,97.84,7.6
500.0,0.2,50.0,pre,mixed_metal_intermediate,84.0,1.0545,773.4,1005.4,99.19,0.01,0.0968,98.78,7.6
500.0,0.2,100.0,pe,hydroxide_suppression,100.0,1.8556,622.4,809.1,85.34,0.01,0.1125,75.6,10.5
500.0,0.2,100.0,pe,intermediate_adsorption,100.0,1.8556,649.3,844.0,96.96,0.01,0.099,95.49,10.6
500.0,0.2,100.0,pe,mixed_metal_intermediate,100.0,1.8556,652.9,848.7,99.08,0.01,0.0969,98.32,10.6
500.0,0.2,100.0,pre,hydroxide_suppression,84.0,1.0309,772.9,1004.8,98.88,0.01,0.0971,98.05,7.6
500.0,0.2,100.0,pre,intermediate_adsorption,84.0,1.0309,772.5,1004.3,98.68,0.01,0.0973,97.84,7.6
500.0,0.2,100.0,pre,mixed_metal_intermediate,84.0,1.0309,774.0,1006.1,99.48,0.01,0.0965,98.78,7.6
500.0,0.2,500.0,pe,hydroxide_suppression,100.0,1.7643,624.0,811.3,85.94,0.01,0.1117,75.6,10.5
500.0,0.2,500.0,pe,intermediate_adsorption,100.0,1.7643,650.6,845.8,97.63,0.01,0.0983,95.49,10.6
500.0,0.2,500.0,pe,mixed_metal_intermediate,100.0,1.7643,653.9,850.0,99.77,0.01,0.0962,98.32,10.6
500.0,0.2,500.0,pre,hydroxide_suppression,84.0,0.9802,774.2,1006.5,99.56,0.01,0.0964,98.05,7.6
500.0,0.2,500.0,pre,intermediate_adsorption,84.0,0.9802,773.9,1006.1,99.36,0.01,0.0966,97.84,7.6
500.0,0.2,500.0,pre,mixed_metal_intermediate,84.0,0.9802,774.7,1007.1,100.0,0.01,0.096,98.78,7.6
500.0,0.2,1000.0,pe,hydroxide_suppression,100.0,1.7277,624.8,812.2,86.19,0.01,0.1114,75.6,10.5
500.0,0.2,1000.0,pe,intermediate_adsorption,100.0,1.7277,651.2,846.6,97.92,0.01,0.098,95.49,10.6
500.0,0.2,1000.0,pe,mixed_metal_intermediate,100.0,1.7277,654.1,850.4,100.0,0.01,0.096,98.32,10.6
500.0,0.2,1000.0,pre,hydroxide_suppression,84.0,0.9598,774.7,1007.1,99.86,0.01,0.0961,98.05,7.6
500.0,0.2,1000.0,pre,intermediate_adsorption,84.0,0.9598,774.4,1006.7,99.65,0.01,0.0963,97.84,7.6
500.0,0.2,1000.0,pre,mixed_metal_intermediate,84.0,0.9598,774.7,1007.1,100.0,0.01,0.096,98.78,7.6
500.0,0.3,1.0,pe,hydroxide_suppression,150.0,2.2384,538.3,699.8,61.78,0.01,0.1554,30.12,10.7
500.0,0.3,1.0,pe,intermediate_adsorption,150.0,2.2384,614.3,798.7,84.15,0.01,0.1141,76.83,10.6
500.0,0.3,1.0,pe,mixed_metal_intermediate,150.0,2.2384,636.1,826.9,93.06,0.01,0.1031,92.32,10.7
500.0,0.3,1.0,pre,hydroxide_suppression,136.0,1.3333,689.1,895.8,77.32,0.01,0.1241,62.83,8.2
500.0,0.3,1.0,pre,intermediate_adsorption,136.0,1.3333,726.9,945.0,89.4,0.01,0.1074,86.1,8.2
500.0,0.3,1.0,pre,mixed_metal_intermediate,136.0,1.3333,744.2,967.4,96.03,0.01,0.1,96.87,8.2
500.0,0.3,10.0,pe,hydroxide_suppression,150.0,2.0593,540.3,702.4,62.4,0.01,0.1538,30.12,10.7
500.0,0.3,10.0,pe,intermediate_adsorption,150.0,2.0593,616.8,801.8,85.0,0.01,0.1129,76.83,10.6
500.0,0.3,10.0,pe,mixed_metal_intermediate,150.0,2.0593,638.4,829.9,94.0,0.01,0.1021,92.32,10.7
500.0,0.3,10.0,pre,hydroxide_suppression,136.0,1.2266,691.8,899.4,78.1,0.01,0.1229,62.83,8.2
500.0,0.3,10.0,pre,intermediate_adsorption,136.0,1.2266,729.7,948.6,90.3,0.01,0.1063,86.1,8.2
500.0,0.3,10.0,pre,mixed_metal_intermediate,136.0,1.2266,746.6,970.6,97.0,0.01,0.099,96.87,8.2
500.0,0.3,50.0,pe,hydroxide_suppression,150.0,1.9503,541.7,704.2,62.84,0.01,0.1528,30.12,10.7
500.0,0.3,50.0,pe,intermediate_adsorption,150.0,1.9503,618.4,804.0,85.59,0.01,0.1121,76.83,10.6
500.0,0.3,50.0,pe,mixed_metal_intermediate,150.0,1.9503,639.9,831.9,94.66,0.01,0.1014,92.32,10.7
500.0,0.3,50.0,pre,hydroxide_suppression,136.0,1.1617,693.7,901.9,78.65,0.01,0.122,62.83,8.2
500.0,0.3,50.0,pre,intermediate_adsorption,136.0,1.1617,731.6,951.1,90.93,0.01,0.1056,86.1,8.2
500.0,0.3,50.0,pre,mixed_metal_intermediate,136.0,1.1617,748.2,972.6,97.68,0.01,0.0983,96.87,8.2
500.0,0.3,100.0,pe,hydroxide_suppression,150.0,1.9068,542.3,704.9,63.02,0.01,0.1523,30.12,10.7
500.0,0.3,100.0,pe,intermediate_adsorption,150.0,1.9068,619.1,804.9,85.85,0.01,0.1118,76.83,10.6
500.0,0.3,100.0,pe,mixed_metal_intermediate,150.0,1.9068,640.6,832.7,94.94,0.01,0.1011,92.32,10.7
500.0,0.3,100.0,pre,hydroxide_suppression,136.0,1.1358,694.5,902.9,78.88,0.01,0.1217,62.83,8.2
500.0,0.3,100.0,pre,intermediate_adsorption,136.0,1.1358,732.4,952.1,91.2,0.01,0.1052,86.1,8.2
500.0,0.3,100.0,pre,mixed_metal_intermediate,136.0,1.1358,748.8,973.5,97.97,0.01,0.098,96.87,8.2
500.0,0.3,500.0,pe,hydroxide_suppression,150.0,1.8129,543.6,706.7,63.46,0.01,0.1513,30.12,10.7
500.0,0.3,500.0,pe,intermediate_adsorption,150.0,1.8129,620.8,807.0,86.44,0.01,0.111,76.83,10.6
500.0,0.3,500.0,pe,mixed_metal_intermediate,150.0,1.8129,642.1,834.7,95.6,0.01,0.1004,92.32,10.7
500.0,0.3,500.0,pre,hydroxide_suppression,136.0,1.0799,696.4,905.4,79.43,0.01,0.1208,62.83,8.2
500.0,0.3,500.0,pre,intermediate_adsorption,136.0,1.0799,734.3,954.5,91.83,0.01,0.1045,86.1,8.2
500.0,0.3,500.0,pre,mixed_metal_intermediate,136.0,1.0799,750.3,975.4,98.65,0.01,0.0973,96.87,8.2
500.0,0.3,1000.0,pe,hydroxide_suppression,150.0,1.7753,544.2,707.5,63.65,0.01,0.1508,30.12,10.7
500.0,0.3,1000.0,pe,intermediate_adsorption,150.0,1.7753,621.5,808.0,86.7,0.01,0.1107,76.83,10.6
500.0,0.3,1000.0,pe,mixed_metal_intermediate,150.0,1.7753,642.7,835.5,95.88,0.01,0.1001,92.32,10.7
500.0,0.3,1000.0,pre,hydroxide_suppression,136.0,1.0574,697.2,906.4,79.66,0.01,0.1205,62.83,8.2
500.0,0.3,1000.0,pre,intermediate_adsorption,136.0,1.0574,735.1,955.6,92.11,0.01,0.1042,86.1,8.2
500.0,0.3,1000.0,pre,mixed_metal_intermediate,136.0,1.0574,750.9,976.2,98.94,0.01,0.097,96.87,8.2
500.0,0.5,1.0,pe,hydroxide_suppression,250.0,2.3843,321.5,401.8,41.38,0.02,0.2319,0.0,14.2
500.0,0.5,1.0,pe,intermediate_adsorption,250.0,2.3843,554.3,720.6,67.12,0.02,0.143,54.24,10.7
500.0,0.5,1.0,pe,mixed_metal_intermediate,250.0,2.3843,580.1,754.1,75.54,0.02,0.1271,66.44,10.8
500.0,0.5,1.0,pre,hydroxide_suppression,240.0,1.5738,533.6,693.7,49.4,0.02,0.1943,17.39,9.7
500.0,0.5,1.0,pre,intermediate_adsorption,240.0,1.5738,631.3,820.6,69.89,0.02,0.1373,56.63,9.1
500.0,0.5,1.0,pre,mixed_metal_intermediate,240.0,1.5738,659.5,857.3,78.31,0.02,0.1226,69.52,9.0
500.0,0.5,10.0,pe,hydroxide_suppression,250.0,2.1935,322.4,403.0,41.8,0.02,0.2296,0.0,14.2
500.0,0.5,10.0,pe,intermediate_adsorption,250.0,2.1935,556.4,723.3,67.8,0.02,0.1416,54.24,10.7
500.0,0.5,10.0,pe,mixed_metal_intermediate,250.0,2.1935,582.4,757.1,76.3,0.02,0.1258,66.44,10.8
500.0,0.5,10.0,pre,hydroxide_suppression,240.0,1.4479,535.4,696.0,49.9,0.02,0.1924,17.39,9.7
500.0,0.5,10.0,pre,intermediate_adsorption,240.0,1.4479,633.7,823.8,70.6,0.02,0.136,56.63,9.1
500.0,0.5,10.0,pre,mixed_metal_intermediate,240.0,1.4479,662.1,860.7,79.1,0.02,0.1213,69.52,9.0
500.0,0.5,50.0,pe,hydroxide_suppression,250.0,2.0774,323.0,403.8,42.09,0.02,0.228,0.0,14.2
500.0,0.5,50.0,pe,intermediate_adsorption,250.0,2.0774,557.9,725.2,68.27,0.02,0.1406,54.24,10.8
500.0,0.5,50.0,pe,mixed_metal_intermediate,250.0,2.0774,584.0,759.2,76.83,0.02,0.1249,66.44,10.8
500.0,0.5,50.0,pre,hydroxide_suppression,240.0,1.3712,536.6,697.6,50.25,0.02,0.191,17.39,9.7
500.0,0.5,50.0,pre,intermediate_adsorption,240.0,1.3712,635.4,826.0,71.09,0.02,0.135,56.63,9.1
500.0,0.5,50.0,pre,mixed_metal_intermediate,240.0,1.3712,663.9,863.1,79.65,0.02,0.1205,69.52,9.0
500.0,0.5,100.0,pe,hydroxide_suppression,250.0,2.031,323.3,404.2,42.22,0.02,0.2274,0.0,14.2
500.0,0.5,100.0,pe,intermediate_adsorption,250.0,2.031,558.5,726.1,68.48,0.02,0.1402,54.24,10.8
500.0,0.5,100.0,pe,mixed_metal_intermediate,250.0,2.031,584.7,760.1,77.06,0.02,0.1246,66.44,10.8
500.0,0.5,100.0,pre,hydroxide_suppression,240.0,1.3406,537.1,698.2,50.4,0.02,0.1905,17.39,9.7
500.0,0.5,100.0,pre,intermediate_adsorption,240.0,1.3406,636.1,827.0,71.31,0.02,0.1346,56.63,9.1
500.0,0.5,100.0,pre,mixed_metal_intermediate,240.0,1.3406,664.7,864.1,79.89,0.02,0.1201,69.52,9.0
500.0,0.5,500.0,pe,hydroxide_suppression,250.0,1.931,324.0,405.0,42.51,0.02,0.2258,0.0,14.2
500.0,0.5,500.0,pe,intermediate_adsorption,250.0,1.931,560.0,728.0,68.95,0.02,0.1392,54.24,10.8
500.0,0.5,500.0,pe,mixed_metal_intermediate,250.0,1.931,586.2,762.1,77.6,0.02,0.1237,66.44,10.8
500.0,0.5,500.0,pre,hydroxide_suppression,240.0,1.2746,538.3,699.8,50.75,0.02,0.1891,17.39,9.7
500.0,0.5,500.0,pre,intermediate_adsorption,240.0,1.2746,637.8,829.2,71.8,0.02,0.1337,56.63,9.1
500.0,0.5,500.0,pre,mixed_metal_intermediate,240.0,1.2746,666.5,866.5,80.44,0.02,0.1193,69.52,9.0
500.0,0.5,1000.0,pe,hydroxide_suppression,250.0,1.891,324.3,405.3,42.64,0.02,0.2251,0.0,14.2
500.0,0.5,1000.0,pe,intermediate_adsorption,250.0,1.891,560.6,728.8,69.16,0.02,0.1388,54.24,10.8
500.0,0.5,1000.0,pe,mixed_metal_intermediate,250.0,1.891,586.9,763.0,77.83,0.02,0.1233,66.44,10.8
500.0,0.5,1000.0,pre,hydroxide_suppression,240.0,1.2482,538.8,700.5,50.9,0.02,0.1886,17.39,9.7
500.0,0.5,1000.0,pre,intermediate_adsorption,240.0,1.2482,638.6,830.1,72.01,0.02,0.1333,56.63,9.1
500.0,0.5,1000.0,pre,mixed_metal_intermediate,240.0,1.2482,667.3,867.5,80.68,0.02,0.119,69.52,9.0
500.0,0.7,1.0,pe,hydroxide_suppression,350.0,2.5434,295.1,368.9,32.87,0.02,0.292,0.0,14.0
500.0,0.7,1.0,pe,intermediate_adsorption,350.0,2.5434,502.6,653.4,53.86,0.02,0.1782,46.39,10.8
500.0,0.7,1.0,pe,mixed_metal_intermediate,350.0,2.5434,527.6,685.9,61.48,0.02,0.1561,56.15,10.9
500.0,0.7,1.0,pre,hydroxide_suppression,344.0,1.812,378.5,476.5,34.25,0.02,0.2802,1.83,12.1
500.0,0.7,1.0,pre,intermediate_adsorption,344.0,1.812,555.7,722.4,55.24,0.02,0.1738,46.92,9.6
500.0,0.7,1.0,pre,mixed_metal_intermediate,344.0,1.812,582.8,757.7,62.87,0.02,0.1527,56.85,9.7
500.0,0.7,10.0,pe,hydroxide_suppression,350.0,2.3399,295.8,369.8,33.2,0.02,0.2891,0.0,14.0
500.0,0.7,10.0,pe,intermediate_adsorption,350.0,2.3399,504.4,655.7,54.4,0.02,0.1764,46.39,10.9
500.0,0.7,10.0,pe,mixed_metal_intermediate,350.0,2.3399,529.6,688.5,62.1,0.02,0.1546,56.15,10.9
500.0,0.7,10.0,pre,hydroxide_suppression,344.0,1.667,379.4,477.7,34.6,0.02,0.2774,1.83,12.1
500.0,0.7,10.0,pre,intermediate_adsorption,344.0,1.667,557.6,724.9,55.8,0.02,0.172,46.92,9.7
500.0,0.7,10.0,pre,mixed_metal_intermediate,344.0,1.667,585.0,760.5,63.5,0.02,0.1512,56.85,9.7
500.0,0.7,50.0,pe,hydroxide_suppression,350.0,2.216,296.3,370.4,33.43,0.02,0.2871,0.0,14.0
500.0,0.7,50.0,pe,intermediate_adsorption,350.0,2.216,505.6,657.2,54.78,0.02,0.1752,46.39,10.9
500.0,0.7,50.0,pe,mixed_metal_intermediate,350.0,2.216,530.9,690.2,62.53,0.02,0.1535,56.15,10.9
500.0,0.7,50.0,pre,hydroxide_suppression,344.0,1.5788,380.1,478.6,34.84,0.02,0.2755,1.83,12.1
500.0,0.7,50.0,pre,intermediate_adsorption,344.0,1.5788,558.9,726.6,56.19,0.02,0.1708,46.92,9.7
500.0,0.7,50.0,pre,mixed_metal_intermediate,344.0,1.5788,586.5,762.4,63.94,0.02,0.1501,56.85,9.7
500.0,0.7,100.0,pe,hydroxide_suppression,350.0,2.1666,296.6,370.7,33.53,0.02,0.2862,0.0,14.0
500.0,0.7,100.0,pe,intermediate_adsorption,350.0,2.1666,506.1,657.9,54.94,0.02,0.1747,46.39,10.9
500.0,0.7,100.0,pe,mixed_metal_intermediate,350.0,2.1666,531.5,691.0,62.72,0.02,0.153,56.15,10.9
500.0,0.7,100.0,pre,hydroxide_suppression,344.0,1.5436,380.4,478.9,34.95,0.02,0.2747,1.83,12.1
500.0,0.7,100.0,pre,intermediate_adsorption,344.0,1.5436,559.5,727.4,56.36,0.02,0.1703,46.92,9.7
500.0,0.7,100.0,pre,mixed_metal_intermediate,344.0,1.5436,587.1,763.3,64.14,0.02,0.1497,56.85,9.7
500.0,0.7,500.0,pe,hydroxide_suppression,350.0,2.0599,297.1,371.3,33.76,0.02,0.2843,0.0,14.1
500.0,0.7,500.0,pe,intermediate_adsorption,350.0,2.0599,507.3,659.5,55.32,0.02,0.1735,46.39,10.9
500.0,0.7,500.0,pe,mixed_metal_intermediate,350.0,2.0599,532.9,692.7,63.16,0.02,0.152,56.15,10.9
500.0,0.7,500.0,pre,hydroxide_suppression,344.0,1.4676,381.0,479.8,35.19,0.02,0.2728,1.83,12.1
500.0,0.7,500.0,pre,intermediate_adsorption,344.0,1.4676,560.9,729.1,56.75,0.02,0.1691,46.92,9.7
500.0,0.7,500.0,pre,mixed_metal_intermediate,344.0,1.4676,588.6,765.2,64.58,0.02,0.1486,56.85,9.7
500.0,0.7,1000.0,pe,hydroxide_suppression,350.0,2.0172,297.3,371.6,33.86,0.02,0.2834,0.0,14.1
500.0,0.7,1000.0,pe,intermediate_adsorption,350.0,2.0172,507.8,660.2,55.49,0.02,0.173,46.39,10.9
500.0,0.7,1000.0,pe,mixed_metal_intermediate,350.0,2.0172,533.5,693.5,63.34,0.02,0.1515,56.15,10.9
500.0,0.7,1000.0,pre,hydroxide_suppression,344.0,1.4371,381.3,480.1,35.29,0.02,0.272,1.83,12.1
500.0,0.7,1000.0,pre,intermediate_adsorption,344.0,1.4371,561.5,729.9,56.92,0.02,0.1686,46.92,9.7
500.0,0.7,1000.0,pre,mixed_metal_intermediate,344.0,1.4371,589.3,766.1,64.77,0.02,0.1482,56.85,9.7
500.0,1.0,1.0,pe,hydroxide_suppression,500.0,2.7916,266.7,333.4,24.16,0.03,0.3974,0.0,13.8
500.0,1.0,1.0,pe,intermediate_adsorption,500.0,2.7916,445.7,579.4,39.6,0.03,0.2424,42.4,10.9
500.0,1.0,1.0,pe,mixed_metal_intermediate,500.0,2.7916,465.7,605.4,45.54,0.03,0.2108,51.02,11.0
500.0,1.0,1.0,pre,hydroxide_suppression,500.0,2.1685,293.9,367.3,24.16,0.03,0.3974,0.0,13.1
500.0,1.0,1.0,pre,intermediate_adsorption,500.0,2.1685,476.1,619.0,39.6,0.03,0.2424,42.4,10.1
500.0,1.0,1.0,pre,mixed_metal_intermediate,500.0,2.1685,497.4,646.6,45.54,0.03,0.2108,51.02,10.2
500.0,1.0,10.0,pe,hydroxide_suppression,500.0,2.5682,267.2,334.0,24.4,0.03,0.3934,0.0,13.8
500.0,1.0,10.0,pe,intermediate_adsorption,500.0,2.5682,446.9,581.0,40.0,0.03,0.24,42.4,10.9
500.0,1.0,10.0,pe,mixed_metal_intermediate,500.0,2.5682,467.1,607.2,46.0,0.03,0.2087,51.02,11.0
500.0,1.0,10.0,pre,hydroxide_suppression,500.0,1.995,294.4,368.0,24.4,0.03,0.3934,0.0,13.2
500.0,1.0,10.0,pre,intermediate_adsorption,500.0,1.995,477.5,620.7,40.0,0.03,0.24,42.4,10.1
500.0,1.0,10.0,pre,mixed_metal_intermediate,500.0,1.995,498.9,648.6,46.0,0.03,0.2087,51.02,10.2
500.0,1.0,50.0,pe,hydroxide_suppression,500.0,2.4322,267.6,334.5,24.57,0.03,0.3907,0.0,13.8
500.0,1.0,50.0,pe,intermediate_adsorption,500.0,2.4322,447.8,582.2,40.28,0.03,0.2383,42.4,10.9
500.0,1.0,50.0,pe,mixed_metal_intermediate,500.0,2.4322,468.1,608.5,46.32,0.03,0.2072,51.02,11.0
500.0,1.0,50.0,pre,hydroxide_suppression,500.0,1.8893,294.8,368.5,24.57,0.03,0.3907,0.0,13.2
500.0,1.0,50.0,pre,intermediate_adsorption,500.0,1.8893,478.4,621.9,40.28,0.03,0.2383,42.4,10.1
500.0,1.0,50.0,pre,mixed_metal_intermediate,500.0,1.8893,500.0,650.0,46.32,0.03,0.2072,51.02,10.2
500.0,1.0,100.0,pe,hydroxide_suppression,500.0,2.378,267.7,334.7,24.64,0.03,0.3895,0.0,13.9
500.0,1.0,100.0,pe,intermediate_adsorption,500.0,2.378,448.2,582.7,40.4,0.03,0.2376,42.4,10.9
500.0,1.0,100.0,pe,mixed_metal_intermediate,500.0,2.378,468.5,609.1,46.46,0.03,0.2066,51.02,11.0
500.0,1.0,100.0,pre,hydroxide_suppression,500.0,1.8472,295.0,368.7,24.64,0.03,0.3895,0.0,13.2
500.0,1.0,100.0,pre,intermediate_adsorption,500.0,1.8472,478.8,622.4,40.4,0.03,0.2376,42.4,10.1
500.0,1.0,100.0,pre,mixed_metal_intermediate,500.0,1.8472,500.4,650.6,46.46,0.03,0.2066,51.02,10.2
500.0,1.0,500.0,pe,hydroxide_suppression,500.0,2.2609,268.1,335.1,24.81,0.03,0.3868,0.0,13.9
500.0,1.0,500.0,pe,intermediate_adsorption,500.0,2.2609,449.1,583.8,40.68,0.03,0.236,42.4,10.9
500.0,1.0,500.0,pe,mixed_metal_intermediate,500.0,2.2609,469.5,610.4,46.78,0.03,0.2052,51.02,11.0
500.0,1.0,500.0,pre,hydroxide_suppression,500.0,1.7563,295.4,369.2,24.81,0.03,0.3868,0.0,13.2
500.0,1.0,500.0,pre,intermediate_adsorption,500.0,1.7563,479.7,623.7,40.68,0.03,0.236,42.4,10.2
500.0,1.0,500.0,pre,mixed_metal_intermediate,500.0,1.7563,501.5,652.0,46.78,0.03,0.2052,51.02,10.2
500.0,1.0,1000.0,pe,hydroxide_suppression,500.0,2.214,268.3,335.3,24.89,0.03,0.3857,0.0,13.9
500.0,1.0,1000.0,pe,intermediate_adsorption,500.0,2.214,449.4,584.3,40.8,0.03,0.2353,42.4,10.9
500.0,1.0,1000.0,pe,mixed_metal_intermediate,500.0,2.214,470.0,611.0,46.92,0.03,0.2046,51.02,11.0
500.0,1.0,1000.0,pre,hydroxide_suppression,500.0,1.7198,295.6,369.4,24.89,0.03,0.3857,0.0,13.2
500.0,1.0,1000.0,pre,intermediate_adsorption,500.0,1.7198,480.1,624.2,40.8,0.03,0.2353,42.4,10.2
500.0,1.0,1000.0,pre,mixed_metal_intermediate,500.0,1.7198,502.0,652.6,46.92,0.03,0.2046,51.02,10.2
